inicio,fin,tipo_vehiculo,distancia_metros,duracion
2025-04-06 15:27:23-03:00,2025-04-06 15:34:02-03:00,MOTO,2609.341064453125,0 days 00:06:39
2025-04-06 17:13:53-03:00,2025-04-06 17:27:37-03:00,MOTO,3617.3681640625,0 days 00:13:44
2025-04-09 11:47:34-03:00,2025-04-09 12:01:45-03:00,MOTO,6548.3486328125,0 days 00:14:11
2025-04-09 12:11:08-03:00,2025-04-09 12:34:03-03:00,MOTO,10180.38671875,0 days 00:22:55
2025-04-09 13:12:21-03:00,2025-04-09 13:21:55-03:00,MOTO,4254.24072265625,0 days 00:09:34
2025-04-09 17:23:07-03:00,2025-04-09 18:02:04-03:00,MOTO,14274.4775390625,0 days 00:38:57
2025-04-10 09:00:04-03:00,2025-04-10 09:06:34-03:00,CAMINANDO,175.99354553222656,0 days 00:06:30
2025-04-10 09:06:34-03:00,2025-04-10 09:57:48-03:00,COLECTIVO,15648.4384765625,0 days 00:51:14
2025-04-10 15:14:34-03:00,2025-04-10 15:20:36-03:00,CAMINANDO,259.33282470703125,0 days 00:06:02
2025-04-10 15:28:53-03:00,2025-04-10 15:46:39-03:00,CAMINANDO,1116.0484619140625,0 days 00:17:46
2025-04-10 16:43:45-03:00,2025-04-10 16:47:09-03:00,CAMINANDO,560.99267578125,0 days 00:03:24
2025-04-10 16:58:15-03:00,2025-04-10 17:58:59-03:00,COLECTIVO,16757.013671875,0 days 01:00:44
2025-04-10 17:58:59-03:00,2025-04-10 18:07:08-03:00,CAMINANDO,319.83221435546875,0 days 00:08:09
2025-04-11 10:30:57-03:00,2025-04-11 10:32:22-03:00,CAMINANDO,111.267333984375,0 days 00:01:25
2025-04-11 10:38:23-03:00,2025-04-11 11:24:57-03:00,COLECTIVO,14841.677734375,0 days 00:46:34
2025-04-11 11:24:57-03:00,2025-04-11 11:28:13-03:00,CAMINANDO,228.8484344482422,0 days 00:03:16
2025-04-11 11:33:52-03:00,2025-04-11 11:39:26-03:00,SUBTE,647.6892700195312,0 days 00:05:34
2025-04-11 11:46:42-03:00,2025-04-11 12:05:36-03:00,SUBTE,11453.435546875,0 days 00:18:54
2025-04-11 12:05:36-03:00,2025-04-11 12:13:03-03:00,CAMINANDO,270.93499755859375,0 days 00:07:27
2025-04-11 12:47:38-03:00,2025-04-11 12:54:27-03:00,CAMINANDO,416.58074951171875,0 days 00:06:49
2025-04-11 12:58:04-03:00,2025-04-11 13:18:32-03:00,SUBTE,9511.6376953125,0 days 00:20:28
2025-04-11 13:24:32-03:00,2025-04-11 13:31:37-03:00,SUBTE,1363.0103759765625,0 days 00:07:05
2025-04-11 16:56:43-03:00,2025-04-11 18:12:34-03:00,COLECTIVO,16826.1953125,0 days 01:15:51
2025-04-11 18:12:34-03:00,2025-04-11 18:46:24-03:00,CAMINANDO,220.39576721191406,0 days 00:33:50
2025-04-12 13:26:25-03:00,2025-04-12 13:32:25-03:00,MOTO,2160.7978515625,0 days 00:06:00
2025-04-12 14:14:12-03:00,2025-04-12 14:24:38-03:00,MOTO,3422.2802734375,0 days 00:10:26
2025-04-12 19:23:56-03:00,2025-04-12 19:29:56-03:00,MOTO,2601.313232421875,0 days 00:06:00
2025-04-13 09:35:51-03:00,2025-04-13 09:40:04-03:00,MOTO,1139.1387939453125,0 days 00:04:13
2025-04-13 13:01:37-03:00,2025-04-13 13:15:14-03:00,CAMINANDO,598.886962890625,0 days 00:13:37
2025-04-14 11:39:15-03:00,2025-04-14 11:48:40-03:00,CAMINANDO,156.9909210205078,0 days 00:09:25
2025-04-14 11:56:41-03:00,2025-04-14 12:39:24-03:00,COLECTIVO,11845.3095703125,0 days 00:42:43
2025-04-14 12:49:24-03:00,2025-04-14 13:00:09-03:00,COLECTIVO,1060.6043701171875,0 days 00:10:45
2025-04-14 14:15:50-03:00,2025-04-14 14:22:01-03:00,CAMINANDO,188.6809539794922,0 days 00:06:11
2025-04-14 14:22:01-03:00,2025-04-14 14:46:47-03:00,COLECTIVO,4213.62060546875,0 days 00:24:46
2025-04-14 14:46:47-03:00,2025-04-14 15:22:01-03:00,CAMINANDO,3197.240478515625,0 days 00:35:14
2025-04-14 15:36:03-03:00,2025-04-14 15:46:03-03:00,CAMINANDO,519.5040283203125,0 days 00:10:00
2025-04-14 17:20:29-03:00,2025-04-14 17:24:29-03:00,CAMINANDO,370.4959716796875,0 days 00:04:00
2025-04-14 17:30:21-03:00,2025-04-14 18:38:02-03:00,COLECTIVO,17276.74609375,0 days 01:07:41
2025-04-14 18:38:02-03:00,2025-04-14 18:43:43-03:00,CAMINANDO,256.4197998046875,0 days 00:05:41
2025-04-15 10:55:24-03:00,2025-04-15 11:33:25-03:00,MOTO,30838.666015625,0 days 00:38:01
2025-04-15 16:23:15-03:00,2025-04-15 17:03:00-03:00,MOTO,26955.10546875,0 days 00:39:45
2025-04-15 17:33:15-03:00,2025-04-15 17:54:32-03:00,MOTO,10587.9931640625,0 days 00:21:17
2025-04-15 20:37:02-03:00,2025-04-15 20:57:02-03:00,MOTO,8939.349609375,0 days 00:20:00
2025-04-16 10:00:09-03:00,2025-04-16 10:36:33-03:00,MOTO,28386.931640625,0 days 00:36:24
2025-04-16 12:27:54-03:00,2025-04-16 12:48:40-03:00,MOTO,17577.142578125,0 days 00:20:46
2025-04-16 13:10:51-03:00,2025-04-16 13:16:22-03:00,COLECTIVO,1248.4849853515625,0 days 00:05:31
2025-04-16 13:16:22-03:00,2025-04-16 13:36:42-03:00,CAMINANDO,410.4556579589844,0 days 00:20:20
2025-04-16 16:13:29-03:00,2025-04-16 16:30:49-03:00,AUTO,1848.8446044921875,0 days 00:17:20
2025-04-16 17:47:58-03:00,2025-04-16 17:54:42-03:00,CAMINANDO,470.5758056640625,0 days 00:06:44
2025-04-16 18:10:54-03:00,2025-04-16 18:42:13-03:00,MOTO,12312.9033203125,0 days 00:31:19
2025-04-16 19:01:17-03:00,2025-04-16 19:10:15-03:00,CAMINANDO,383.65301513671875,0 days 00:08:58
2025-04-16 23:48:21-03:00,2025-04-17 00:03:36-03:00,MOTO,2576.85986328125,0 days 00:15:15
2025-04-17 20:15:32-03:00,2025-04-17 20:34:10-03:00,AUTO,2668.42626953125,0 days 00:18:38
2025-04-17 20:37:50-03:00,2025-04-17 20:51:28-03:00,COLECTIVO,4136.53662109375,0 days 00:13:38
2025-04-17 20:51:28-03:00,2025-04-17 20:55:28-03:00,CAMINANDO,331.0435791015625,0 days 00:04:00
2025-04-17 23:51:33-03:00,2025-04-18 00:07:03-03:00,AUTO,5114.9013671875,0 days 00:15:30
2025-04-18 10:06:59-03:00,2025-04-18 10:15:00-03:00,MOTO,1864.409423828125,0 days 00:08:01
2025-04-18 11:12:15-03:00,2025-04-18 11:23:55-03:00,MOTO,2221.78662109375,0 days 00:11:40
2025-04-18 13:39:52-03:00,2025-04-18 13:49:54-03:00,CAMINANDO,244.33738708496094,0 days 00:10:02
2025-04-18 13:49:54-03:00,2025-04-18 14:00:07-03:00,COLECTIVO,2571.052978515625,0 days 00:10:13
2025-04-18 14:00:07-03:00,2025-04-18 14:05:01-03:00,CAMINANDO,146.8406219482422,0 days 00:04:54
2025-04-18 14:13:41-03:00,2025-04-18 14:31:56-03:00,COLECTIVO,4245.37890625,0 days 00:18:15
2025-04-18 14:31:56-03:00,2025-04-18 14:33:38-03:00,CAMINANDO,79.54586791992188,0 days 00:01:42
2025-04-18 16:25:57-03:00,2025-04-18 16:51:16-03:00,AUTO,11996.74609375,0 days 00:25:19
2025-04-19 01:03:10-03:00,2025-04-19 01:24:23-03:00,CAMINANDO,4251.5439453125,0 days 00:21:13
2025-04-19 02:14:16-03:00,2025-04-19 02:46:29-03:00,AUTO,15404.4482421875,0 days 00:32:13
2025-04-19 13:27:01-03:00,2025-04-19 13:36:35-03:00,MOTO,2707.505126953125,0 days 00:09:34
2025-04-19 15:24:05-03:00,2025-04-19 15:31:57-03:00,MOTO,2502.462158203125,0 days 00:07:52
2025-04-19 16:07:18-03:00,2025-04-19 16:20:28-03:00,AUTO,2603.3828125,0 days 00:13:10
2025-04-19 16:47:20-03:00,2025-04-19 17:06:35-03:00,COLECTIVO,4616.037109375,0 days 00:19:15
2025-04-19 17:50:14-03:00,2025-04-19 18:24:06-03:00,AUTO,12761.7001953125,0 days 00:33:52
2025-04-20 02:02:24-03:00,2025-04-20 02:51:16-03:00,CAMINANDO,5604.12255859375,0 days 00:48:52
2025-04-20 02:51:16-03:00,2025-04-20 03:12:23-03:00,AUTO,12112.5810546875,0 days 00:21:07
2025-04-22 07:42:50-03:00,2025-04-22 07:52:05-03:00,CAMINANDO,66.41983032226562,0 days 00:09:15
2025-04-22 07:52:05-03:00,2025-04-22 08:00:05-03:00,MOTO,2409.112060546875,0 days 00:08:00
2025-04-22 08:03:29-03:00,2025-04-22 08:58:47-03:00,MOTO,30778.205078125,0 days 00:55:18
2025-04-22 13:10:12-03:00,2025-04-22 13:32:25-03:00,MOTO,17023.986328125,0 days 00:22:13
2025-04-22 14:22:05-03:00,2025-04-22 14:24:17-03:00,CAMINANDO,198.33946228027344,0 days 00:02:12
2025-04-22 14:24:17-03:00,2025-04-22 14:35:24-03:00,COLECTIVO,1522.1478271484375,0 days 00:11:07
2025-04-22 14:35:24-03:00,2025-04-22 14:39:24-03:00,CAMINANDO,163.34912109375,0 days 00:04:00
2025-04-22 16:59:56-03:00,2025-04-22 17:11:03-03:00,AUTO,2732.715576171875,0 days 00:11:07
2025-04-22 17:19:14-03:00,2025-04-22 17:51:13-03:00,MOTO,14831.20703125,0 days 00:31:59
2025-04-23 09:58:09-03:00,2025-04-23 10:02:48-03:00,CAMINANDO,113.09160614013672,0 days 00:04:39
2025-04-23 10:02:48-03:00,2025-04-23 10:24:55-03:00,COLECTIVO,5216.89013671875,0 days 00:22:07
2025-04-23 10:36:03-03:00,2025-04-23 11:13:19-03:00,COLECTIVO,21019.0390625,0 days 00:37:16
2025-04-23 11:28:25-03:00,2025-04-23 11:40:15-03:00,COLECTIVO,2312.763427734375,0 days 00:11:50
2025-04-23 11:40:15-03:00,2025-04-23 11:44:15-03:00,CAMINANDO,339.0088806152344,0 days 00:04:00
2025-04-23 11:50:24-03:00,2025-04-23 12:35:22-03:00,AUTO,21816.533203125,0 days 00:44:58
2025-04-23 13:50:20-03:00,2025-04-23 14:13:22-03:00,AUTO,6794.0654296875,0 days 00:23:02
2025-04-23 14:31:54-03:00,2025-04-23 14:35:54-03:00,CAMINANDO,294.6939392089844,0 days 00:04:00
2025-04-23 15:53:40-03:00,2025-04-23 16:01:41-03:00,CAMINANDO,522.1513671875,0 days 00:08:01
2025-04-23 17:01:27-03:00,2025-04-23 17:13:07-03:00,CAMINANDO,415.439697265625,0 days 00:11:40
2025-04-23 17:13:07-03:00,2025-04-23 18:04:44-03:00,AUTO,19677.017578125,0 days 00:51:37
2025-04-23 18:09:31-03:00,2025-04-23 18:12:32-03:00,AUTO,808.141845703125,0 days 00:03:01
2025-04-23 19:53:53-03:00,2025-04-23 20:03:17-03:00,AUTO,2136.9287109375,0 days 00:09:24
2025-04-23 20:49:09-03:00,2025-04-23 21:24:47-03:00,AUTO,3305.702880859375,0 days 00:35:38
2025-04-23 23:42:49-03:00,2025-04-24 00:00:20-03:00,AUTO,5396.84130859375,0 days 00:17:31
2025-04-24 10:11:31-03:00,2025-04-24 10:57:15-03:00,AUTO,15668.2158203125,0 days 00:45:44
2025-04-24 13:12:23-03:00,2025-04-24 13:34:17-03:00,AUTO,3255.1533203125,0 days 00:21:54
2025-04-24 14:47:18-03:00,2025-04-24 14:49:19-03:00,CAMINANDO,126.76374816894531,0 days 00:02:01
2025-04-24 16:53:59-03:00,2025-04-24 18:05:52-03:00,AUTO,20932.9453125,0 days 01:11:53
2025-04-24 18:13:43-03:00,2025-04-24 18:14:52-03:00,AUTO,304.7964782714844,0 days 00:01:09
2025-04-24 18:50:54-03:00,2025-04-24 19:05:34-03:00,AUTO,5612.61083984375,0 days 00:14:40
2025-04-24 20:39:05-03:00,2025-04-24 21:08:28-03:00,AUTO,9559.4677734375,0 days 00:29:23
2025-04-25 00:37:00-03:00,2025-04-25 01:09:01-03:00,AUTO,9754.4365234375,0 days 00:32:01
2025-04-25 09:31:02-03:00,2025-04-25 09:52:27-03:00,AUTO,4538.46044921875,0 days 00:21:25
2025-04-25 10:19:49-03:00,2025-04-25 11:02:25-03:00,AUTO,17383.890625,0 days 00:42:36
2025-04-25 11:05:16-03:00,2025-04-25 11:32:25-03:00,CAMINANDO,1760.163818359375,0 days 00:27:09
2025-04-25 13:20:06-03:00,2025-04-25 13:34:22-03:00,COLECTIVO,2808.077880859375,0 days 00:14:16
2025-04-25 13:34:22-03:00,2025-04-25 13:36:22-03:00,CAMINANDO,127.25460052490234,0 days 00:02:00
2025-04-25 16:30:59-03:00,2025-04-25 16:51:09-03:00,COLECTIVO,4803.21728515625,0 days 00:20:10
2025-04-25 16:51:09-03:00,2025-04-25 17:02:17-03:00,CAMINANDO,767.010986328125,0 days 00:11:08
2025-04-25 17:25:18-03:00,2025-04-25 18:26:42-03:00,AUTO,21402.662109375,0 days 01:01:24
2025-04-25 19:39:33-03:00,2025-04-25 20:00:43-03:00,AUTO,5929.03076171875,0 days 00:21:10
2025-04-25 21:16:06-03:00,2025-04-25 21:23:40-03:00,AUTO,1858.88232421875,0 days 00:07:34
2025-04-25 22:02:57-03:00,2025-04-25 22:10:44-03:00,AUTO,2021.714599609375,0 days 00:07:47
2025-04-26 18:20:30-03:00,2025-04-26 18:54:22-03:00,AUTO,13146.439453125,0 days 00:33:52
2025-04-27 13:51:29-03:00,2025-04-27 14:13:26-03:00,MOTO,15053.20703125,0 days 00:21:57
2025-04-27 18:24:49-03:00,2025-04-27 18:42:47-03:00,MOTO,15190.6357421875,0 days 00:17:58
2025-04-27 19:51:49-03:00,2025-04-27 19:57:17-03:00,MOTO,2542.574951171875,0 days 00:05:28
2025-04-28 10:18:26-03:00,2025-04-28 10:58:19-03:00,AUTO,14987.7294921875,0 days 00:39:53
2025-04-28 11:35:40-03:00,2025-04-28 11:49:05-03:00,AUTO,2985.0576171875,0 days 00:13:25
2025-04-28 11:57:53-03:00,2025-04-28 12:05:26-03:00,AUTO,1408.6778564453125,0 days 00:07:33
2025-04-28 12:36:26-03:00,2025-04-28 13:08:32-03:00,AUTO,12613.021484375,0 days 00:32:06
2025-04-28 14:45:23-03:00,2025-04-28 14:46:29-03:00,AUTO,530.8727416992188,0 days 00:01:06
2025-04-28 14:52:29-03:00,2025-04-28 15:23:59-03:00,AUTO,9188.119140625,0 days 00:31:30
2025-04-28 15:51:47-03:00,2025-04-28 15:58:42-03:00,AUTO,1529.25634765625,0 days 00:06:55
2025-04-28 15:58:42-03:00,2025-04-28 16:05:07-03:00,CAMINANDO,82.80319213867188,0 days 00:06:25
2025-04-28 17:10:03-03:00,2025-04-28 18:11:14-03:00,AUTO,27801.01171875,0 days 01:01:11
2025-04-28 19:39:11-03:00,2025-04-28 20:01:24-03:00,AUTO,5387.7666015625,0 days 00:22:13
2025-04-29 08:16:00-03:00,2025-04-29 09:28:04-03:00,AUTO,28025.017578125,0 days 01:12:04
2025-04-29 13:59:29-03:00,2025-04-29 14:04:49-03:00,CAMINANDO,221.88833618164062,0 days 00:05:20
2025-04-29 14:04:49-03:00,2025-04-29 15:14:53-03:00,COLECTIVO,16305.81640625,0 days 01:10:04
2025-04-29 15:19:07-03:00,2025-04-29 16:12:04-03:00,COLECTIVO,14732.861328125,0 days 00:52:57
2025-04-29 16:12:04-03:00,2025-04-29 16:14:36-03:00,CAMINANDO,113.5141372680664,0 days 00:02:32
2025-04-29 17:04:37-03:00,2025-04-29 17:29:14-03:00,MOTO,11213.4951171875,0 days 00:24:37
2025-04-29 20:36:44-03:00,2025-04-29 20:46:40-03:00,MOTO,6520.31591796875,0 days 00:09:56
2025-04-29 20:51:23-03:00,2025-04-29 20:56:25-03:00,MOTO,2395.796875,0 days 00:05:02
2025-04-30 10:42:03-03:00,2025-04-30 10:44:41-03:00,CAMINANDO,143.08912658691406,0 days 00:02:38
2025-04-30 10:54:08-03:00,2025-04-30 11:41:29-03:00,COLECTIVO,14737.6318359375,0 days 00:47:21
2025-04-30 11:41:29-03:00,2025-04-30 11:49:29-03:00,CAMINANDO,662.3416137695312,0 days 00:08:00
2025-04-30 15:23:50-03:00,2025-04-30 15:46:16-03:00,CAMINANDO,1067.619384765625,0 days 00:22:26
2025-04-30 16:46:11-03:00,2025-04-30 16:58:13-03:00,CAMINANDO,802.3084716796875,0 days 00:12:02
2025-04-30 17:07:22-03:00,2025-04-30 18:23:25-03:00,COLECTIVO,17293.8671875,0 days 01:16:03
2025-04-30 18:23:25-03:00,2025-04-30 18:30:01-03:00,CAMINANDO,290.480224609375,0 days 00:06:36
2025-05-01 12:50:37-03:00,2025-05-01 12:58:51-03:00,CAMINANDO,349.094970703125,0 days 00:08:14
2025-05-01 21:00:06-03:00,2025-05-01 21:16:05-03:00,AUTO,5383.40625,0 days 00:15:59
2025-05-01 23:38:27-03:00,2025-05-01 23:55:22-03:00,AUTO,8087.0078125,0 days 00:16:55
2025-05-02 09:53:16-03:00,2025-05-02 10:16:54-03:00,MOTO,14469.3935546875,0 days 00:23:38
2025-05-02 10:38:25-03:00,2025-05-02 11:09:37-03:00,MOTO,16448.22265625,0 days 00:31:12
2025-05-02 11:17:00-03:00,2025-05-02 11:28:54-03:00,MOTO,2497.531982421875,0 days 00:11:54
2025-05-02 13:18:02-03:00,2025-05-02 13:30:10-03:00,MOTO,2176.816162109375,0 days 00:12:08
2025-05-02 13:38:02-03:00,2025-05-02 13:57:29-03:00,MOTO,5488.169921875,0 days 00:19:27
2025-05-02 14:41:15-03:00,2025-05-02 15:10:22-03:00,MOTO,26021.814453125,0 days 00:29:07
2025-05-02 15:36:15-03:00,2025-05-02 16:01:31-03:00,MOTO,14394.9130859375,0 days 00:25:16
2025-05-02 18:47:48-03:00,2025-05-02 19:58:24-03:00,MOTO,20217.0078125,0 days 01:10:36
2025-05-02 20:41:31-03:00,2025-05-02 20:52:14-03:00,MOTO,2608.96875,0 days 00:10:43
2025-05-03 13:26:39-03:00,2025-05-03 13:40:37-03:00,AUTO,25738.74609375,0 days 00:13:58
2025-05-03 14:33:43-03:00,2025-05-03 14:45:17-03:00,AUTO,3191.275390625,0 days 00:11:34
2025-05-03 18:02:15-03:00,2025-05-03 18:13:45-03:00,AUTO,2437.18994140625,0 days 00:11:30
2025-05-03 22:44:44-03:00,2025-05-03 23:16:47-03:00,AUTO,4769.3017578125,0 days 00:32:03
2025-05-04 09:32:19-03:00,2025-05-04 09:44:21-03:00,CAMINANDO,535.3142700195312,0 days 00:12:02
2025-05-04 14:47:37-03:00,2025-05-04 14:59:16-03:00,CAMINANDO,640.559814453125,0 days 00:11:39
2025-05-05 09:10:42-03:00,2025-05-05 09:21:32-03:00,AUTO,2573.826171875,0 days 00:10:50
2025-05-05 09:43:15-03:00,2025-05-05 09:43:56-03:00,AUTO,936.91015625,0 days 00:00:41
2025-05-05 10:00:56-03:00,2025-05-05 10:16:03-03:00,AUTO,1641.3955078125,0 days 00:15:07
2025-05-05 10:39:03-03:00,2025-05-05 11:22:40-03:00,AUTO,2425.55517578125,0 days 00:43:37
2025-05-05 12:21:21-03:00,2025-05-05 12:35:48-03:00,AUTO,3270.6103515625,0 days 00:14:27
2025-05-05 14:16:16-03:00,2025-05-05 15:04:35-03:00,AUTO,28081.234375,0 days 00:48:19
2025-05-05 16:39:46-03:00,2025-05-05 16:41:25-03:00,AUTO,332.7261047363281,0 days 00:01:39
2025-05-05 17:03:44-03:00,2025-05-05 18:30:26-03:00,COLECTIVO,19649.5234375,0 days 01:26:42
2025-05-05 19:24:33-03:00,2025-05-05 19:28:21-03:00,MOTO,1533.7125244140625,0 days 00:03:48
2025-05-05 20:51:35-03:00,2025-05-05 20:58:22-03:00,AUTO,1918.0445556640625,0 days 00:06:47
2025-05-05 21:25:43-03:00,2025-05-05 21:30:28-03:00,CAMINANDO,260.1877136230469,0 days 00:04:45
2025-05-05 21:48:10-03:00,2025-05-05 21:55:44-03:00,AUTO,2625.042236328125,0 days 00:07:34
2025-05-06 10:35:50-03:00,2025-05-06 11:18:51-03:00,COLECTIVO,12843.9658203125,0 days 00:43:01
2025-05-06 11:30:57-03:00,2025-05-06 11:34:57-03:00,SUBTE,2399.35693359375,0 days 00:04:00
2025-05-06 13:21:20-03:00,2025-05-06 13:47:53-03:00,CAMINANDO,1923.075927734375,0 days 00:26:33
2025-05-06 16:16:21-03:00,2025-05-06 16:35:48-03:00,CAMINANDO,672.2725219726562,0 days 00:19:27
2025-05-06 16:35:48-03:00,2025-05-06 18:06:16-03:00,COLECTIVO,16984.666015625,0 days 01:30:28
2025-05-06 18:06:16-03:00,2025-05-06 18:10:14-03:00,CAMINANDO,126.0743637084961,0 days 00:03:58
2025-05-06 18:25:40-03:00,2025-05-06 18:44:33-03:00,CAMINANDO,1217.370849609375,0 days 00:18:53
2025-05-06 19:54:24-03:00,2025-05-06 20:10:19-03:00,COLECTIVO,2964.209228515625,0 days 00:15:55
2025-05-07 09:34:18-03:00,2025-05-07 09:42:12-03:00,AUTO,1815.8896484375,0 days 00:07:54
2025-05-07 09:58:26-03:00,2025-05-07 10:37:29-03:00,AUTO,9670.32421875,0 days 00:39:03
2025-05-07 11:47:24-03:00,2025-05-07 11:55:29-03:00,AUTO,1617.1251220703125,0 days 00:08:05
2025-05-07 14:22:18-03:00,2025-05-07 15:04:38-03:00,AUTO,15449.58203125,0 days 00:42:20
2025-05-07 16:19:41-03:00,2025-05-07 16:57:15-03:00,AUTO,17183.015625,0 days 00:37:34
2025-05-07 18:04:49-03:00,2025-05-07 19:06:22-03:00,AUTO,25777.220703125,0 days 01:01:33
2025-05-07 22:21:29-03:00,2025-05-07 22:27:28-03:00,AUTO,1695.724853515625,0 days 00:05:59
2025-05-07 23:41:50-03:00,2025-05-07 23:51:28-03:00,AUTO,4773.884765625,0 days 00:09:38
2025-05-08 11:09:18-03:00,2025-05-08 12:08:01-03:00,COLECTIVO,15540.34375,0 days 00:58:43
2025-05-08 12:08:01-03:00,2025-05-08 12:10:00-03:00,CAMINANDO,129.5124053955078,0 days 00:01:59
2025-05-08 16:07:32-03:00,2025-05-08 16:36:49-03:00,CAMINANDO,585.1492919921875,0 days 00:29:17
2025-05-08 16:56:12-03:00,2025-05-08 17:01:16-03:00,COLECTIVO,1630.8792724609375,0 days 00:05:04
2025-05-08 17:08:18-03:00,2025-05-08 18:05:09-03:00,COLECTIVO,13960.3203125,0 days 00:56:51
2025-05-08 18:22:59-03:00,2025-05-08 18:26:59-03:00,CAMINANDO,272.05633544921875,0 days 00:04:00
2025-05-08 19:36:43-03:00,2025-05-08 19:42:42-03:00,COLECTIVO,2275.3818359375,0 days 00:05:59
2025-05-08 19:59:28-03:00,2025-05-08 20:04:58-03:00,CAMINANDO,280.5097351074219,0 days 00:05:30
2025-05-09 09:20:27-03:00,2025-05-09 09:21:39-03:00,CYCLING,57.62969207763672,0 days 00:01:12
2025-05-09 09:21:39-03:00,2025-05-09 09:39:00-03:00,COLECTIVO,2771.10302734375,0 days 00:17:21
2025-05-09 09:51:26-03:00,2025-05-09 10:02:02-03:00,AUTO,3522.20947265625,0 days 00:10:36
2025-05-09 10:11:11-03:00,2025-05-09 10:18:38-03:00,AUTO,1004.5220947265625,0 days 00:07:27
2025-05-09 10:30:49-03:00,2025-05-09 10:47:36-03:00,COLECTIVO,2359.6962890625,0 days 00:16:47
2025-05-09 10:57:37-03:00,2025-05-09 11:12:43-03:00,TREN,8996.83203125,0 days 00:15:06
2025-05-09 11:12:43-03:00,2025-05-09 11:24:59-03:00,COLECTIVO,1645.1011962890625,0 days 00:12:16
2025-05-09 13:41:34-03:00,2025-05-09 13:48:15-03:00,AUTO,1479.924072265625,0 days 00:06:41
2025-05-09 14:32:53-03:00,2025-05-09 14:55:32-03:00,AUTO,4212.61376953125,0 days 00:22:39
2025-05-09 14:55:32-03:00,2025-05-09 14:59:58-03:00,CAMINANDO,176.32708740234375,0 days 00:04:26
2025-05-09 17:02:41-03:00,2025-05-09 17:15:48-03:00,CAMINANDO,985.104736328125,0 days 00:13:07
2025-05-09 17:30:42-03:00,2025-05-09 17:38:44-03:00,CAMINANDO,763.3657836914062,0 days 00:08:02
2025-05-09 17:41:51-03:00,2025-05-09 18:46:07-03:00,COLECTIVO,14961.5927734375,0 days 01:04:16
2025-05-09 19:29:01-03:00,2025-05-09 19:31:04-03:00,CAMINANDO,84.06181335449219,0 days 00:02:03
2025-05-09 19:31:04-03:00,2025-05-09 19:39:16-03:00,COLECTIVO,2136.2939453125,0 days 00:08:12
2025-05-09 19:39:16-03:00,2025-05-09 19:41:16-03:00,CAMINANDO,131.58352661132812,0 days 00:02:00
2025-05-10 13:02:09-03:00,2025-05-10 13:07:23-03:00,AUTO,1781.7010498046875,0 days 00:05:14
2025-05-10 14:24:14-03:00,2025-05-10 14:35:01-03:00,AUTO,3060.208984375,0 days 00:10:47
2025-05-10 15:18:28-03:00,2025-05-10 15:29:54-03:00,AUTO,5221.703125,0 days 00:11:26
2025-05-10 15:59:45-03:00,2025-05-10 16:08:53-03:00,AUTO,2672.228271484375,0 days 00:09:08
2025-05-10 17:03:59-03:00,2025-05-10 17:09:08-03:00,AUTO,1647.095458984375,0 days 00:05:09
2025-05-10 19:16:34-03:00,2025-05-10 19:18:36-03:00,AUTO,733.0527954101562,0 days 00:02:02
2025-05-10 19:44:04-03:00,2025-05-10 19:50:55-03:00,AUTO,4841.2041015625,0 days 00:06:51
2025-05-10 19:59:57-03:00,2025-05-10 20:13:20-03:00,AUTO,4215.3037109375,0 days 00:13:23
2025-05-11 03:18:08-03:00,2025-05-11 03:32:47-03:00,AUTO,4415.56591796875,0 days 00:14:39
2025-05-11 18:35:08-03:00,2025-05-11 18:41:13-03:00,AUTO,1941.7041015625,0 days 00:06:05
2025-05-11 19:13:18-03:00,2025-05-11 19:22:52-03:00,AUTO,2573.322265625,0 days 00:09:34
2025-05-12 11:04:57-03:00,2025-05-12 11:06:07-03:00,CAMINANDO,84.16858673095703,0 days 00:01:10
2025-05-12 11:06:07-03:00,2025-05-12 12:04:11-03:00,COLECTIVO,16077.0556640625,0 days 00:58:04
2025-05-12 15:09:07-03:00,2025-05-12 15:32:43-03:00,AUTO,12610.7822265625,0 days 00:23:36
2025-05-12 17:11:59-03:00,2025-05-12 17:42:51-03:00,AUTO,15227.8154296875,0 days 00:30:52
2025-05-12 17:52:58-03:00,2025-05-12 18:14:57-03:00,COLECTIVO,9038.44921875,0 days 00:21:59
2025-05-12 19:17:50-03:00,2025-05-12 19:26:12-03:00,CAMINANDO,411.4096374511719,0 days 00:08:22
2025-05-12 19:34:35-03:00,2025-05-12 19:45:05-03:00,COLECTIVO,2446.712158203125,0 days 00:10:30
2025-05-13 10:59:47-03:00,2025-05-13 11:08:48-03:00,CAMINANDO,230.02874755859375,0 days 00:09:01
2025-05-13 11:08:48-03:00,2025-05-13 11:53:28-03:00,COLECTIVO,15008.0537109375,0 days 00:44:40
2025-05-13 11:53:28-03:00,2025-05-13 12:10:23-03:00,CAMINANDO,462.15325927734375,0 days 00:16:55
2025-05-13 14:20:13-03:00,2025-05-13 14:37:34-03:00,CAMINANDO,1078.345947265625,0 days 00:17:21
2025-05-13 15:03:10-03:00,2025-05-13 15:28:09-03:00,AUTO,3653.46142578125,0 days 00:24:59
2025-05-13 17:04:17-03:00,2025-05-13 18:29:16-03:00,AUTO,19986.306640625,0 days 01:24:59
2025-05-13 18:56:57-03:00,2025-05-13 19:10:39-03:00,COLECTIVO,2181.135009765625,0 days 00:13:42
2025-05-14 09:16:17-03:00,2025-05-14 10:28:15-03:00,COLECTIVO,14838.0849609375,0 days 01:11:58
2025-05-14 12:47:24-03:00,2025-05-14 12:53:15-03:00,CAMINANDO,728.73291015625,0 days 00:05:51
2025-05-14 13:26:56-03:00,2025-05-14 13:43:17-03:00,AUTO,1765.119384765625,0 days 00:16:21
2025-05-14 15:59:02-03:00,2025-05-14 16:12:43-03:00,COLECTIVO,1661.2860107421875,0 days 00:13:41
2025-05-14 16:28:47-03:00,2025-05-14 17:39:44-03:00,COLECTIVO,16700.267578125,0 days 01:10:57
2025-05-14 17:39:44-03:00,2025-05-14 17:49:21-03:00,CAMINANDO,572.2884521484375,0 days 00:09:37
2025-05-15 09:08:09-03:00,2025-05-15 09:14:12-03:00,CAMINANDO,230.15933227539062,0 days 00:06:03
2025-05-15 09:19:53-03:00,2025-05-15 10:10:02-03:00,COLECTIVO,14717.3857421875,0 days 00:50:09
2025-05-15 10:22:43-03:00,2025-05-15 10:32:23-03:00,CAMINANDO,7.4273762702941895,0 days 00:09:40
2025-05-15 11:18:37-03:00,2025-05-15 11:35:07-03:00,AUTO,1962.265625,0 days 00:16:30
2025-05-15 12:33:36-03:00,2025-05-15 12:42:50-03:00,CAMINANDO,478.7198181152344,0 days 00:09:14
2025-05-15 13:50:32-03:00,2025-05-15 14:18:07-03:00,CAMINANDO,1264.24658203125,0 days 00:27:35
2025-05-15 14:34:15-03:00,2025-05-15 14:53:01-03:00,AUTO,6474.28466796875,0 days 00:18:46
2025-05-15 14:53:01-03:00,2025-05-15 15:09:56-03:00,CAMINANDO,265.0941162109375,0 days 00:16:55
2025-05-15 15:48:12-03:00,2025-05-15 16:14:33-03:00,AUTO,10559.1474609375,0 days 00:26:21
2025-05-15 16:36:05-03:00,2025-05-15 17:41:16-03:00,COLECTIVO,13494.9140625,0 days 01:05:11
2025-05-15 17:49:39-03:00,2025-05-15 18:00:29-03:00,COLECTIVO,2304.88037109375,0 days 00:10:50
2025-05-15 23:26:55-03:00,2025-05-15 23:46:00-03:00,AUTO,4263.16357421875,0 days 00:19:05
2025-05-16 11:21:14-03:00,2025-05-16 11:51:57-03:00,AUTO,8011.40771484375,0 days 00:30:43
2025-05-16 11:55:26-03:00,2025-05-16 12:12:52-03:00,CAMINANDO,517.6935424804688,0 days 00:17:26
2025-05-16 13:09:30-03:00,2025-05-16 13:12:51-03:00,CAMINANDO,245.97808837890625,0 days 00:03:21
2025-05-16 13:12:51-03:00,2025-05-16 13:47:11-03:00,COLECTIVO,12736.41796875,0 days 00:34:20
2025-05-16 13:47:11-03:00,2025-05-16 13:56:00-03:00,CAMINANDO,700.1592407226562,0 days 00:08:49
2025-05-16 15:55:56-03:00,2025-05-16 16:01:27-03:00,CAMINANDO,348.1554870605469,0 days 00:05:31
2025-05-16 16:26:03-03:00,2025-05-16 16:33:21-03:00,AUTO,1277.7630615234375,0 days 00:07:18
2025-05-16 17:19:11-03:00,2025-05-16 17:30:10-03:00,CAMINANDO,626.37548828125,0 days 00:10:59
2025-05-16 17:38:54-03:00,2025-05-16 18:45:00-03:00,COLECTIVO,16466.6953125,0 days 01:06:06
2025-05-16 18:45:00-03:00,2025-05-16 18:51:58-03:00,CAMINANDO,241.3187255859375,0 days 00:06:58
2025-05-17 13:34:43-03:00,2025-05-17 13:40:43-03:00,CAMINANDO,232.02413940429688,0 days 00:06:00
2025-05-17 13:40:43-03:00,2025-05-17 13:51:42-03:00,COLECTIVO,2500.62841796875,0 days 00:10:59
2025-05-17 14:54:22-03:00,2025-05-17 14:56:23-03:00,CAMINANDO,204.93887329101562,0 days 00:02:01
2025-05-17 15:07:14-03:00,2025-05-17 15:20:47-03:00,COLECTIVO,2445.2197265625,0 days 00:13:33
2025-05-18 13:25:40-03:00,2025-05-18 13:28:19-03:00,AUTO,1184.986572265625,0 days 00:02:39
2025-05-18 15:01:58-03:00,2025-05-18 15:06:01-03:00,AUTO,641.0216674804688,0 days 00:04:03
2025-05-18 15:13:38-03:00,2025-05-18 15:25:59-03:00,AUTO,2830.358642578125,0 days 00:12:21
2025-05-18 15:50:02-03:00,2025-05-18 16:01:36-03:00,MOTO,796.087890625,0 days 00:11:34
2025-05-18 16:33:59-03:00,2025-05-18 16:37:50-03:00,AUTO,370.9349060058594,0 days 00:03:51
2025-05-18 19:18:11-03:00,2025-05-18 19:36:12-03:00,AUTO,4294.685546875,0 days 00:18:01
2025-05-18 20:00:14-03:00,2025-05-18 20:40:30-03:00,AUTO,17811.48828125,0 days 00:40:16
2025-05-18 21:53:11-03:00,2025-05-18 22:21:48-03:00,AUTO,14870.716796875,0 days 00:28:37
2025-05-19 08:48:40-03:00,2025-05-19 08:58:05-03:00,CAMINANDO,705.5770874023438,0 days 00:09:25
2025-05-19 08:58:05-03:00,2025-05-19 09:41:29-03:00,COLECTIVO,14775.9609375,0 days 00:43:24
2025-05-19 09:47:00-03:00,2025-05-19 09:54:05-03:00,COLECTIVO,808.473388671875,0 days 00:07:05
2025-05-19 17:25:19-03:00,2025-05-19 17:36:28-03:00,CAMINANDO,342.80718994140625,0 days 00:11:09
2025-05-19 17:36:28-03:00,2025-05-19 18:51:36-03:00,COLECTIVO,18627.6953125,0 days 01:15:08
2025-05-19 18:51:36-03:00,2025-05-19 19:01:25-03:00,CAMINANDO,5.085593223571777,0 days 00:09:49
2025-05-20 08:52:20-03:00,2025-05-20 09:53:27-03:00,COLECTIVO,17047.671875,0 days 01:01:07
2025-05-20 10:39:50-03:00,2025-05-20 10:56:24-03:00,CAMINANDO,1301.0201416015625,0 days 00:16:34
2025-05-20 11:58:46-03:00,2025-05-20 12:02:30-03:00,CAMINANDO,287.7234191894531,0 days 00:03:44
2025-05-20 12:24:01-03:00,2025-05-20 12:27:45-03:00,CAMINANDO,232.15403747558594,0 days 00:03:44
2025-05-20 13:02:12-03:00,2025-05-20 13:27:40-03:00,CAMINANDO,1386.680419921875,0 days 00:25:28
2025-05-20 15:10:58-03:00,2025-05-20 15:34:31-03:00,CAMINANDO,1146.0721435546875,0 days 00:23:33
2025-05-20 16:41:54-03:00,2025-05-20 16:49:18-03:00,CAMINANDO,461.08349609375,0 days 00:07:24
2025-05-20 18:00:06-03:00,2025-05-20 18:47:18-03:00,COLECTIVO,12910.876953125,0 days 00:47:12
2025-05-20 19:00:27-03:00,2025-05-20 19:16:50-03:00,COLECTIVO,2624.60986328125,0 days 00:16:23
2025-05-20 20:14:20-03:00,2025-05-20 20:32:13-03:00,AUTO,3755.019775390625,0 days 00:17:53
2025-05-21 09:22:41-03:00,2025-05-21 10:25:21-03:00,COLECTIVO,16661.185546875,0 days 01:02:40
2025-05-21 11:19:01-03:00,2025-05-21 11:34:12-03:00,CAMINANDO,1005.6398315429688,0 days 00:15:11
2025-05-21 13:50:15-03:00,2025-05-21 13:56:45-03:00,CAMINANDO,640.6472778320312,0 days 00:06:30
2025-05-21 14:22:47-03:00,2025-05-21 14:32:50-03:00,CAMINANDO,15.320928573608398,0 days 00:10:03
2025-05-21 15:00:45-03:00,2025-05-21 15:02:27-03:00,AUTO,327.6833801269531,0 days 00:01:42
2025-05-21 15:54:28-03:00,2025-05-21 16:02:34-03:00,CAMINANDO,289.50860595703125,0 days 00:08:06
2025-05-21 18:00:20-03:00,2025-05-21 18:58:11-03:00,COLECTIVO,14687.64453125,0 days 00:57:51
2025-05-21 18:58:11-03:00,2025-05-21 19:00:10-03:00,CAMINANDO,34.33301544189453,0 days 00:01:59
2025-05-22 13:14:00-03:00,2025-05-22 13:18:31-03:00,AUTO,296.3677673339844,0 days 00:04:31
2025-05-22 13:18:31-03:00,2025-05-22 14:11:13-03:00,COLECTIVO,16695.21875,0 days 00:52:42
2025-05-22 17:07:15-03:00,2025-05-22 18:03:40-03:00,COLECTIVO,14268.427734375,0 days 00:56:25
2025-05-22 18:05:28-03:00,2025-05-22 18:18:08-03:00,COLECTIVO,1974.1168212890625,0 days 00:12:40
2025-05-22 18:18:08-03:00,2025-05-22 18:20:08-03:00,CAMINANDO,196.28538513183594,0 days 00:02:00
2025-05-22 21:04:59-03:00,2025-05-22 21:25:20-03:00,AUTO,5359.77099609375,0 days 00:20:21
2025-05-23 00:29:54-03:00,2025-05-23 00:39:40-03:00,AUTO,4972.41015625,0 days 00:09:46
2025-05-23 08:09:39-03:00,2025-05-23 08:37:57-03:00,AUTO,4557.14794921875,0 days 00:28:18
2025-05-23 08:51:52-03:00,2025-05-23 09:59:59-03:00,AUTO,23979.884765625,0 days 01:08:07
2025-05-23 10:12:14-03:00,2025-05-23 11:03:26-03:00,AUTO,30597.2265625,0 days 00:51:12
2025-05-23 11:30:17-03:00,2025-05-23 11:55:22-03:00,AUTO,12313.4794921875,0 days 00:25:05
2025-05-23 13:18:16-03:00,2025-05-23 13:39:39-03:00,AUTO,4998.76025390625,0 days 00:21:23
2025-05-23 15:02:19-03:00,2025-05-23 15:32:49-03:00,AUTO,16722.314453125,0 days 00:30:30
2025-05-23 16:42:54-03:00,2025-05-23 17:05:13-03:00,AUTO,11491.9072265625,0 days 00:22:19
2025-05-23 17:56:51-03:00,2025-05-23 18:42:09-03:00,AUTO,15672.9892578125,0 days 00:45:18
2025-05-23 20:05:50-03:00,2025-05-23 20:14:41-03:00,AUTO,2227.40478515625,0 days 00:08:51
2025-05-23 20:49:11-03:00,2025-05-23 21:02:42-03:00,AUTO,3266.153564453125,0 days 00:13:31
2025-05-23 21:22:35-03:00,2025-05-23 21:44:30-03:00,AUTO,2671.783935546875,0 days 00:21:55
2025-05-23 21:44:30-03:00,2025-05-23 21:45:53-03:00,CAMINANDO,104.10089874267578,0 days 00:01:23
2025-05-24 00:05:57-03:00,2025-05-24 00:31:32-03:00,AUTO,4983.55078125,0 days 00:25:35
2025-05-24 13:35:26-03:00,2025-05-24 13:47:18-03:00,AUTO,1700.063720703125,0 days 00:11:52
2025-05-25 15:51:22-03:00,2025-05-25 16:09:24-03:00,AUTO,6846.74267578125,0 days 00:18:02
2025-05-25 17:23:46-03:00,2025-05-25 17:46:55-03:00,AUTO,10870.451171875,0 days 00:23:09
2025-05-25 19:04:40-03:00,2025-05-25 19:37:00-03:00,AUTO,15162.5849609375,0 days 00:32:20
2025-05-26 10:38:27-03:00,2025-05-26 11:42:45-03:00,AUTO,14706.384765625,0 days 01:04:18
2025-05-26 14:48:26-03:00,2025-05-26 14:58:18-03:00,AUTO,1648.10693359375,0 days 00:09:52
2025-05-26 16:02:11-03:00,2025-05-26 16:11:40-03:00,AUTO,1863.9166259765625,0 days 00:09:29
2025-05-26 16:21:01-03:00,2025-05-26 16:31:45-03:00,AUTO,4012.13330078125,0 days 00:10:44
2025-05-26 16:58:26-03:00,2025-05-26 17:15:08-03:00,AUTO,10032.0986328125,0 days 00:16:42
2025-05-26 17:50:11-03:00,2025-05-26 18:14:32-03:00,AUTO,6630.64208984375,0 days 00:24:21
2025-05-26 19:17:37-03:00,2025-05-26 19:38:22-03:00,AUTO,5581.51904296875,0 days 00:20:45
2025-05-27 09:56:57-03:00,2025-05-27 11:02:22-03:00,AUTO,22194.447265625,0 days 01:05:25
2025-05-27 11:08:26-03:00,2025-05-27 11:20:39-03:00,AUTO,1513.3748779296875,0 days 00:12:13
2025-05-27 13:12:00-03:00,2025-05-27 13:15:04-03:00,CAMINANDO,157.0960693359375,0 days 00:03:04
2025-05-27 14:27:07-03:00,2025-05-27 14:39:34-03:00,AUTO,1716.06689453125,0 days 00:12:27
2025-05-27 16:35:44-03:00,2025-05-27 16:47:43-03:00,AUTO,3767.615234375,0 days 00:11:59
2025-05-27 17:27:11-03:00,2025-05-27 17:55:12-03:00,AUTO,11218.1787109375,0 days 00:28:01
2025-05-27 19:47:48-03:00,2025-05-27 20:11:32-03:00,AUTO,11541.7451171875,0 days 00:23:44
2025-05-28 10:20:05-03:00,2025-05-28 10:22:11-03:00,AUTO,37.48268508911133,0 days 00:02:06
2025-05-28 10:22:11-03:00,2025-05-28 11:26:19-03:00,MOTO,23636.173828125,0 days 01:04:08
2025-05-28 11:46:17-03:00,2025-05-28 12:01:53-03:00,AUTO,6161.177734375,0 days 00:15:36
2025-05-28 15:47:22-03:00,2025-05-28 16:44:26-03:00,CAMINANDO,243.09033203125,0 days 00:57:04
2025-05-28 17:55:58-03:00,2025-05-28 19:12:26-03:00,AUTO,24104.34765625,0 days 01:16:28
2025-05-29 08:46:48-03:00,2025-05-29 09:27:02-03:00,AUTO,13289.1533203125,0 days 00:40:14
2025-05-29 10:27:11-03:00,2025-05-29 11:07:35-03:00,AUTO,24113.21875,0 days 00:40:24
2025-05-29 11:36:26-03:00,2025-05-29 11:59:53-03:00,AUTO,9559.9462890625,0 days 00:23:27
2025-05-29 15:40:32-03:00,2025-05-29 16:14:02-03:00,AUTO,13210.5693359375,0 days 00:33:30
2025-05-29 16:34:00-03:00,2025-05-29 16:46:59-03:00,AUTO,4656.4443359375,0 days 00:12:59
2025-05-29 18:26:48-03:00,2025-05-29 19:36:30-03:00,AUTO,20533.69921875,0 days 01:09:42
2025-05-30 10:35:33-03:00,2025-05-30 10:55:57-03:00,AUTO,9287.15625,0 days 00:20:24
2025-05-30 11:31:21-03:00,2025-05-30 11:54:50-03:00,AUTO,17587.130859375,0 days 00:23:29
2025-05-30 12:17:46-03:00,2025-05-30 13:48:30-03:00,AUTO,24628.21875,0 days 01:30:44
2025-05-30 13:48:30-03:00,2025-05-30 13:55:36-03:00,CAMINANDO,496.0359191894531,0 days 00:07:06
2025-05-30 17:14:28-03:00,2025-05-30 17:31:56-03:00,COLECTIVO,272.72540283203125,0 days 00:17:28
2025-05-30 17:39:08-03:00,2025-05-30 19:00:42-03:00,COLECTIVO,17287.28515625,0 days 01:21:34
2025-05-31 13:27:26-03:00,2025-05-31 13:44:19-03:00,AUTO,1603.0072021484375,0 days 00:16:53
2025-05-31 14:20:09-03:00,2025-05-31 14:33:14-03:00,MOTO,0.0,0 days 00:13:05
2025-05-31 17:26:47-03:00,2025-05-31 17:36:04-03:00,MOTO,2490.0791015625,0 days 00:09:17
2025-06-02 11:51:48-03:00,2025-06-02 12:49:55-03:00,COLECTIVO,15652.8447265625,0 days 00:58:07
2025-06-02 13:55:55-03:00,2025-06-02 14:07:30-03:00,CAMINANDO,1003.5028686523438,0 days 00:11:35
2025-06-02 15:03:57-03:00,2025-06-02 15:07:57-03:00,CAMINANDO,249.11514282226562,0 days 00:04:00
2025-06-02 16:18:16-03:00,2025-06-02 16:22:16-03:00,CAMINANDO,256.3338317871094,0 days 00:04:00
2025-06-02 16:59:34-03:00,2025-06-02 17:08:10-03:00,COLECTIVO,260.3257751464844,0 days 00:08:36
2025-06-02 17:17:04-03:00,2025-06-02 18:29:59-03:00,COLECTIVO,17249.5390625,0 days 01:12:55
2025-06-02 18:29:59-03:00,2025-06-02 18:34:08-03:00,CAMINANDO,192.08108520507812,0 days 00:04:09
2025-06-03 10:18:31-03:00,2025-06-03 10:25:06-03:00,CAMINANDO,159.1002960205078,0 days 00:06:35
2025-06-03 10:33:51-03:00,2025-06-03 11:18:44-03:00,COLECTIVO,15285.9765625,0 days 00:44:53
2025-06-03 12:02:53-03:00,2025-06-03 12:12:45-03:00,CAMINANDO,621.804443359375,0 days 00:09:52
2025-06-03 12:49:35-03:00,2025-06-03 13:02:08-03:00,CAMINANDO,432.0086975097656,0 days 00:12:33
2025-06-03 15:04:26-03:00,2025-06-03 15:15:44-03:00,COLECTIVO,1515.201904296875,0 days 00:11:18
2025-06-03 16:15:09-03:00,2025-06-03 16:21:02-03:00,CAMINANDO,489.5035705566406,0 days 00:05:53
2025-06-03 16:30:28-03:00,2025-06-03 17:34:01-03:00,COLECTIVO,16903.88671875,0 days 01:03:33
2025-06-03 17:34:01-03:00,2025-06-03 17:40:45-03:00,CAMINANDO,390.48919677734375,0 days 00:06:44
2025-06-04 10:54:33-03:00,2025-06-04 11:46:38-03:00,COLECTIVO,15671.6103515625,0 days 00:52:05
2025-06-04 11:46:38-03:00,2025-06-04 12:06:12-03:00,CAMINANDO,1288.9278564453125,0 days 00:19:34
2025-06-04 12:48:43-03:00,2025-06-04 12:50:43-03:00,CAMINANDO,123.69784545898438,0 days 00:02:00
2025-06-04 15:07:16-03:00,2025-06-04 15:16:23-03:00,CAMINANDO,580.3681640625,0 days 00:09:07
2025-06-04 16:08:55-03:00,2025-06-04 16:16:56-03:00,CAMINANDO,372.30169677734375,0 days 00:08:01
2025-06-04 16:27:54-03:00,2025-06-04 17:10:32-03:00,COLECTIVO,12355.7509765625,0 days 00:42:38
2025-06-04 17:19:58-03:00,2025-06-04 17:24:27-03:00,CAMINANDO,184.80990600585938,0 days 00:04:29
2025-06-04 18:35:49-03:00,2025-06-04 18:43:09-03:00,CAMINANDO,254.52407836914062,0 days 00:07:20
2025-06-04 18:43:09-03:00,2025-06-04 18:50:31-03:00,COLECTIVO,2127.69921875,0 days 00:07:22
2025-06-04 18:50:31-03:00,2025-06-04 18:54:12-03:00,CAMINANDO,157.3466796875,0 days 00:03:41
2025-06-05 09:44:54-03:00,2025-06-05 10:04:49-03:00,CAMINANDO,567.2235717773438,0 days 00:19:55
2025-06-05 10:04:49-03:00,2025-06-05 11:13:58-03:00,COLECTIVO,17097.525390625,0 days 01:09:09
2025-06-05 12:49:41-03:00,2025-06-05 12:54:45-03:00,CAMINANDO,396.98101806640625,0 days 00:05:04
2025-06-05 12:54:45-03:00,2025-06-05 13:10:00-03:00,SUBTE,1931.28271484375,0 days 00:15:15
2025-06-05 13:10:00-03:00,2025-06-05 13:11:21-03:00,CAMINANDO,101.11097717285156,0 days 00:01:21
2025-06-05 16:32:51-03:00,2025-06-05 16:42:16-03:00,CAMINANDO,353.763671875,0 days 00:09:25
2025-06-05 16:50:32-03:00,2025-06-05 16:55:51-03:00,COLECTIVO,1661.6837158203125,0 days 00:05:19
2025-06-05 17:05:14-03:00,2025-06-05 18:15:37-03:00,COLECTIVO,17214.962890625,0 days 01:10:23
2025-06-05 18:15:37-03:00,2025-06-05 18:20:14-03:00,CAMINANDO,187.85142517089844,0 days 00:04:37
2025-06-06 10:04:15-03:00,2025-06-06 11:02:25-03:00,COLECTIVO,15353.240234375,0 days 00:58:10
2025-06-06 11:02:25-03:00,2025-06-06 11:03:53-03:00,CAMINANDO,147.1105499267578,0 days 00:01:28
2025-06-06 14:37:35-03:00,2025-06-06 14:51:53-03:00,CAMINANDO,584.113037109375,0 days 00:14:18
2025-06-06 15:05:10-03:00,2025-06-06 15:20:04-03:00,CAMINANDO,921.7501220703125,0 days 00:14:54
2025-06-06 16:01:17-03:00,2025-06-06 16:05:18-03:00,CAMINANDO,373.3291015625,0 days 00:04:01
2025-06-06 16:44:57-03:00,2025-06-06 16:49:09-03:00,CAMINANDO,425.3302917480469,0 days 00:04:12
2025-06-06 16:53:09-03:00,2025-06-06 18:13:03-03:00,COLECTIVO,14641.8330078125,0 days 01:19:54
2025-06-07 14:04:38-03:00,2025-06-07 14:05:45-03:00,AUTO,1691.38525390625,0 days 00:01:07
2025-06-07 14:49:31-03:00,2025-06-07 15:22:01-03:00,AUTO,1813.005126953125,0 days 00:32:30
2025-06-08 17:00:48-03:00,2025-06-08 17:02:50-03:00,CYCLING,8.58250904083252,0 days 00:02:02
2025-06-08 17:02:50-03:00,2025-06-08 17:14:35-03:00,AUTO,2598.36865234375,0 days 00:11:45
2025-06-09 09:44:50-03:00,2025-06-09 09:51:05-03:00,CAMINANDO,287.6807556152344,0 days 00:06:15
2025-06-09 09:51:05-03:00,2025-06-09 10:43:15-03:00,COLECTIVO,15502.8369140625,0 days 00:52:10
2025-06-09 12:40:15-03:00,2025-06-09 12:52:15-03:00,CAMINANDO,917.8123779296875,0 days 00:12:00
2025-06-09 16:50:00-03:00,2025-06-09 17:45:04-03:00,COLECTIVO,14855.8837890625,0 days 00:55:04
2025-06-09 17:45:04-03:00,2025-06-09 17:49:51-03:00,CAMINANDO,184.1776885986328,0 days 00:04:47
2025-06-10 10:50:47-03:00,2025-06-10 11:05:14-03:00,COLECTIVO,2738.86328125,0 days 00:14:27
2025-06-10 11:18:29-03:00,2025-06-10 11:37:18-03:00,COLECTIVO,9597.01953125,0 days 00:18:49
2025-06-10 12:18:39-03:00,2025-06-10 12:24:40-03:00,COLECTIVO,1015.3409423828125,0 days 00:06:01
2025-06-10 13:59:03-03:00,2025-06-10 14:21:30-03:00,COLECTIVO,3700.522705078125,0 days 00:22:27
2025-06-10 14:21:30-03:00,2025-06-10 14:22:49-03:00,CAMINANDO,72.1618881225586,0 days 00:01:19
2025-06-10 16:05:27-03:00,2025-06-10 16:59:13-03:00,COLECTIVO,14855.7314453125,0 days 00:53:46
2025-06-10 16:59:13-03:00,2025-06-10 17:01:07-03:00,CAMINANDO,148.46632385253906,0 days 00:01:54
2025-06-10 22:18:29-03:00,2025-06-10 22:52:46-03:00,AUTO,14434.916015625,0 days 00:34:17
2025-06-10 23:23:49-03:00,2025-06-10 23:45:50-03:00,AUTO,13873.123046875,0 days 00:22:01
2025-06-11 10:49:52-03:00,2025-06-11 11:43:06-03:00,COLECTIVO,16546.904296875,0 days 00:53:14
2025-06-11 15:13:49-03:00,2025-06-11 15:20:41-03:00,CAMINANDO,599.38427734375,0 days 00:06:52
2025-06-11 16:33:43-03:00,2025-06-11 16:48:11-03:00,CAMINANDO,1213.154296875,0 days 00:14:28
2025-06-11 16:48:11-03:00,2025-06-11 18:01:09-03:00,COLECTIVO,16946.72265625,0 days 01:12:58
2025-06-11 18:01:09-03:00,2025-06-11 18:08:51-03:00,CAMINANDO,216.5849151611328,0 days 00:07:42
2025-06-12 09:31:32-03:00,2025-06-12 10:30:31-03:00,COLECTIVO,16912.22265625,0 days 00:58:59
2025-06-12 10:30:31-03:00,2025-06-12 10:37:59-03:00,CAMINANDO,478.14447021484375,0 days 00:07:28
2025-06-12 12:26:19-03:00,2025-06-12 12:38:58-03:00,CAMINANDO,1917.223876953125,0 days 00:12:39
2025-06-12 12:44:11-03:00,2025-06-12 13:03:16-03:00,CAMINANDO,1313.273681640625,0 days 00:19:05
2025-06-12 15:53:14-03:00,2025-06-12 16:10:23-03:00,CAMINANDO,1432.120361328125,0 days 00:17:09
2025-06-12 17:00:14-03:00,2025-06-12 17:14:25-03:00,CAMINANDO,510.7235107421875,0 days 00:14:11
2025-06-12 17:14:25-03:00,2025-06-12 17:21:00-03:00,COLECTIVO,1562.174072265625,0 days 00:06:35
2025-06-12 17:26:25-03:00,2025-06-12 18:47:29-03:00,COLECTIVO,17610.08984375,0 days 01:21:04
2025-06-12 22:15:57-03:00,2025-06-12 22:22:31-03:00,COLECTIVO,2176.2744140625,0 days 00:06:34
2025-06-12 22:26:33-03:00,2025-06-12 22:41:07-03:00,COLECTIVO,7040.169921875,0 days 00:14:34
2025-06-13 08:03:12-03:00,2025-06-13 09:42:09-03:00,COLECTIVO,32411.6484375,0 days 01:38:57
2025-06-13 12:24:17-03:00,2025-06-13 12:39:03-03:00,CAMINANDO,1446.595947265625,0 days 00:14:46
2025-06-13 12:39:03-03:00,2025-06-13 13:49:45-03:00,AUTO,16030.3857421875,0 days 01:10:42
2025-06-13 15:38:38-03:00,2025-06-13 16:03:29-03:00,CAMINANDO,211.60816955566406,0 days 00:24:51
2025-06-13 16:34:31-03:00,2025-06-13 16:43:07-03:00,CAMINANDO,865.4005737304688,0 days 00:08:36
2025-06-13 17:55:29-03:00,2025-06-13 18:04:43-03:00,CAMINANDO,1214.349609375,0 days 00:09:14
2025-06-13 18:04:43-03:00,2025-06-13 18:19:11-03:00,SUBTE,2481.98388671875,0 days 00:14:28
2025-06-13 18:33:13-03:00,2025-06-13 19:40:04-03:00,COLECTIVO,17788.7578125,0 days 01:06:51
2025-06-14 13:46:00-03:00,2025-06-14 13:49:40-03:00,CAMINANDO,374.94354248046875,0 days 00:03:40
2025-06-14 13:49:40-03:00,2025-06-14 13:58:27-03:00,AUTO,2476.822998046875,0 days 00:08:47
2025-06-14 15:12:35-03:00,2025-06-14 15:18:44-03:00,AUTO,2121.58544921875,0 days 00:06:09
2025-06-15 12:04:10-03:00,2025-06-15 12:05:29-03:00,AUTO,679.5777587890625,0 days 00:01:19
2025-06-15 14:39:00-03:00,2025-06-15 14:51:33-03:00,CAMINANDO,586.629638671875,0 days 00:12:33
2025-06-15 21:53:09-03:00,2025-06-15 22:03:09-03:00,CAMINANDO,0.0,0 days 00:10:00
2025-06-15 22:03:09-03:00,2025-06-15 22:29:56-03:00,AUTO,11870.3125,0 days 00:26:47
2025-06-16 12:33:33-03:00,2025-06-16 13:06:57-03:00,AUTO,9535.6123046875,0 days 00:33:24
2025-06-16 13:13:53-03:00,2025-06-16 13:19:53-03:00,CAMINANDO,226.67245483398438,0 days 00:06:00
2025-06-16 16:25:33-03:00,2025-06-16 16:29:55-03:00,CAMINANDO,0.0,0 days 00:04:22
2025-06-16 16:29:55-03:00,2025-06-16 16:37:04-03:00,AUTO,2592.164306640625,0 days 00:07:09
2025-06-17 09:55:43-03:00,2025-06-17 10:27:32-03:00,CAMINANDO,1127.01318359375,0 days 00:31:49
2025-06-17 10:27:32-03:00,2025-06-17 10:38:09-03:00,COLECTIVO,692.9776611328125,0 days 00:10:37
2025-06-17 10:38:09-03:00,2025-06-17 11:35:16-03:00,AUTO,15935.25390625,0 days 00:57:07
2025-06-17 11:35:16-03:00,2025-06-17 11:36:46-03:00,SUBTE,113.32496643066406,0 days 00:01:30
2025-06-17 12:42:22-03:00,2025-06-17 12:57:00-03:00,SUBTE,2190.351806640625,0 days 00:14:38
2025-06-17 13:56:21-03:00,2025-06-17 14:09:03-03:00,CAMINANDO,525.5989379882812,0 days 00:12:42
2025-06-17 14:45:04-03:00,2025-06-17 14:46:24-03:00,CAMINANDO,106.05803680419922,0 days 00:01:20
2025-06-17 16:04:40-03:00,2025-06-17 16:21:08-03:00,SUBTE,2608.994140625,0 days 00:16:28
2025-06-17 16:28:52-03:00,2025-06-17 17:29:15-03:00,COLECTIVO,17017.40234375,0 days 01:00:23
2025-06-17 17:29:15-03:00,2025-06-17 17:39:14-03:00,CAMINANDO,673.4547119140625,0 days 00:09:59
2025-06-18 09:26:08-03:00,2025-06-18 09:33:18-03:00,CAMINANDO,272.209716796875,0 days 00:07:10
2025-06-18 09:33:18-03:00,2025-06-18 09:45:19-03:00,COLECTIVO,2718.2666015625,0 days 00:12:01
2025-06-18 09:45:19-03:00,2025-06-18 09:49:00-03:00,CAMINANDO,173.30581665039062,0 days 00:03:41
2025-06-18 09:54:07-03:00,2025-06-18 10:16:35-03:00,TREN,14894.5927734375,0 days 00:22:28
2025-06-18 10:21:05-03:00,2025-06-18 10:30:29-03:00,SUBTE,1834.4185791015625,0 days 00:09:24
2025-06-18 10:30:29-03:00,2025-06-18 10:36:15-03:00,CAMINANDO,218.83836364746094,0 days 00:05:46
2025-06-18 12:50:27-03:00,2025-06-18 12:57:25-03:00,CAMINANDO,1167.513427734375,0 days 00:06:58
2025-06-18 13:58:02-03:00,2025-06-18 14:19:25-03:00,CAMINANDO,530.5568237304688,0 days 00:21:23
2025-06-18 14:50:38-03:00,2025-06-18 15:04:49-03:00,CAMINANDO,930.5779418945312,0 days 00:14:11
2025-06-18 15:30:41-03:00,2025-06-18 15:48:37-03:00,CAMINANDO,192.61163330078125,0 days 00:17:56
2025-06-18 17:01:01-03:00,2025-06-18 18:04:00-03:00,COLECTIVO,13388.4619140625,0 days 01:02:59
2025-06-19 09:55:38-03:00,2025-06-19 10:01:43-03:00,CAMINANDO,254.5360870361328,0 days 00:06:05
2025-06-19 10:01:43-03:00,2025-06-19 11:05:47-03:00,COLECTIVO,17589.859375,0 days 01:04:04
2025-06-19 13:48:40-03:00,2025-06-19 13:59:25-03:00,CAMINANDO,749.3438720703125,0 days 00:10:45
2025-06-19 15:12:44-03:00,2025-06-19 15:16:36-03:00,CAMINANDO,288.2720031738281,0 days 00:03:52
2025-06-19 15:43:50-03:00,2025-06-19 15:53:26-03:00,CAMINANDO,1248.8502197265625,0 days 00:09:36
2025-06-19 17:29:55-03:00,2025-06-19 17:35:35-03:00,CAMINANDO,304.56951904296875,0 days 00:05:40
2025-06-19 17:38:26-03:00,2025-06-19 17:52:18-03:00,SUBTE,2362.08740234375,0 days 00:13:52
2025-06-19 17:57:36-03:00,2025-06-19 19:16:16-03:00,COLECTIVO,15429.2802734375,0 days 01:18:40
2025-06-19 21:55:09-03:00,2025-06-19 22:12:34-03:00,COLECTIVO,2337.268798828125,0 days 00:17:25
2025-06-19 22:33:17-03:00,2025-06-19 22:53:30-03:00,COLECTIVO,8503.615234375,0 days 00:20:13
2025-06-20 01:15:18-03:00,2025-06-20 01:31:38-03:00,AUTO,5618.3662109375,0 days 00:16:20
2025-06-20 11:54:10-03:00,2025-06-20 11:55:34-03:00,CAMINANDO,232.3883056640625,0 days 00:01:24
2025-06-20 12:12:59-03:00,2025-06-20 12:19:10-03:00,CAMINANDO,194.43853759765625,0 days 00:06:11
2025-06-20 21:32:41-03:00,2025-06-20 21:40:04-03:00,AUTO,2041.5950927734375,0 days 00:07:23
2025-06-21 04:01:14-03:00,2025-06-21 04:14:21-03:00,AUTO,3995.3544921875,0 days 00:13:07
2025-06-21 13:50:56-03:00,2025-06-21 18:00:13-03:00,AUTO,5025.74072265625,0 days 04:09:17
2025-06-22 17:17:24-03:00,2025-06-22 17:31:11-03:00,AUTO,6040.2109375,0 days 00:13:47
2025-06-22 18:11:02-03:00,2025-06-22 18:36:20-03:00,AUTO,3043.40234375,0 days 00:25:18
2025-06-23 10:25:24-03:00,2025-06-23 10:36:28-03:00,CAMINANDO,178.35789489746094,0 days 00:11:04
2025-06-23 10:42:28-03:00,2025-06-23 11:31:10-03:00,COLECTIVO,16473.61328125,0 days 00:48:42
2025-06-23 11:31:10-03:00,2025-06-23 11:36:46-03:00,CAMINANDO,327.0223083496094,0 days 00:05:36
2025-06-23 13:20:19-03:00,2025-06-23 13:31:57-03:00,CAMINANDO,1066.9615478515625,0 days 00:11:38
2025-06-23 16:45:33-03:00,2025-06-23 17:57:14-03:00,COLECTIVO,14894.0712890625,0 days 01:11:41
2025-06-23 17:57:14-03:00,2025-06-23 18:03:31-03:00,CAMINANDO,224.6011962890625,0 days 00:06:17
2025-06-24 08:35:00-03:00,2025-06-24 09:37:52-03:00,COLECTIVO,15552.787109375,0 days 01:02:52
2025-06-24 09:39:52-03:00,2025-06-24 09:48:06-03:00,SUBTE,1189.124267578125,0 days 00:08:14
2025-06-24 12:19:08-03:00,2025-06-24 12:43:20-03:00,CAMINANDO,1591.7537841796875,0 days 00:24:12
2025-06-24 15:05:06-03:00,2025-06-24 15:22:18-03:00,CAMINANDO,969.7374877929688,0 days 00:17:12
2025-06-24 16:27:22-03:00,2025-06-24 16:41:49-03:00,CAMINANDO,331.4930725097656,0 days 00:14:27
2025-06-24 16:41:49-03:00,2025-06-24 18:11:16-03:00,COLECTIVO,21496.25390625,0 days 01:29:27
2025-06-24 18:11:16-03:00,2025-06-24 18:12:47-03:00,CAMINANDO,192.62779235839844,0 days 00:01:31
2025-06-24 18:18:36-03:00,2025-06-24 18:23:44-03:00,CAMINANDO,224.95608520507812,0 days 00:05:08
2025-06-25 11:17:33-03:00,2025-06-25 11:21:55-03:00,CAMINANDO,188.9901580810547,0 days 00:04:22
2025-06-25 11:29:57-03:00,2025-06-25 12:20:11-03:00,COLECTIVO,15034.734375,0 days 00:50:14
2025-06-25 12:20:11-03:00,2025-06-25 12:33:00-03:00,CAMINANDO,2482.43310546875,0 days 00:12:49
2025-06-25 14:05:44-03:00,2025-06-25 14:09:29-03:00,CAMINANDO,118.18207550048828,0 days 00:03:45
2025-06-25 14:46:11-03:00,2025-06-25 14:53:47-03:00,CAMINANDO,582.0046997070312,0 days 00:07:36
2025-06-25 15:56:36-03:00,2025-06-25 16:02:07-03:00,CAMINANDO,187.39321899414062,0 days 00:05:31
2025-06-25 16:12:59-03:00,2025-06-25 16:22:25-03:00,SUBTE,1872.22021484375,0 days 00:09:26
2025-06-25 17:09:53-03:00,2025-06-25 17:16:34-03:00,CAMINANDO,728.0101318359375,0 days 00:06:41
2025-06-25 17:30:28-03:00,2025-06-25 18:41:08-03:00,COLECTIVO,17727.193359375,0 days 01:10:40
2025-06-25 18:41:08-03:00,2025-06-25 18:43:56-03:00,CAMINANDO,213.64764404296875,0 days 00:02:48
2025-06-26 10:12:22-03:00,2025-06-26 10:20:23-03:00,CAMINANDO,37.6051025390625,0 days 00:08:01
2025-06-26 10:29:31-03:00,2025-06-26 11:32:55-03:00,COLECTIVO,17490.86328125,0 days 01:03:24
2025-06-26 11:32:55-03:00,2025-06-26 11:37:01-03:00,CAMINANDO,305.3619384765625,0 days 00:04:06
2025-06-26 12:46:46-03:00,2025-06-26 13:10:24-03:00,CAMINANDO,1519.1221923828125,0 days 00:23:38
2025-06-26 13:17:50-03:00,2025-06-26 13:22:40-03:00,CAMINANDO,391.3984375,0 days 00:04:50
2025-06-26 14:23:32-03:00,2025-06-26 14:33:07-03:00,CAMINANDO,719.3027954101562,0 days 00:09:35
2025-06-26 15:01:17-03:00,2025-06-26 15:19:44-03:00,AUTO,6727.5693359375,0 days 00:18:27
2025-06-26 15:46:34-03:00,2025-06-26 16:04:15-03:00,SUBTE,1994.6507568359375,0 days 00:17:41
2025-06-26 16:40:26-03:00,2025-06-26 17:41:05-03:00,COLECTIVO,15552.0556640625,0 days 01:00:39
2025-06-26 17:41:05-03:00,2025-06-26 17:43:21-03:00,CAMINANDO,316.40283203125,0 days 00:02:16
2025-06-27 11:42:22-03:00,2025-06-27 12:06:04-03:00,MOTO,7118.74853515625,0 days 00:23:42
2025-06-27 12:21:23-03:00,2025-06-27 12:50:05-03:00,MOTO,15733.6787109375,0 days 00:28:42
2025-06-27 13:25:36-03:00,2025-06-27 13:37:36-03:00,MOTO,3504.461181640625,0 days 00:12:00
2025-06-27 15:41:55-03:00,2025-06-27 15:50:10-03:00,CAMINANDO,450.55133056640625,0 days 00:08:15
2025-06-27 16:20:52-03:00,2025-06-27 16:22:34-03:00,CAMINANDO,147.8495635986328,0 days 00:01:42
2025-06-27 17:32:24-03:00,2025-06-27 18:04:57-03:00,MOTO,12651.8076171875,0 days 00:32:33
2025-06-27 18:11:45-03:00,2025-06-27 18:23:48-03:00,MOTO,3605.67431640625,0 days 00:12:03
2025-06-28 13:45:52-03:00,2025-06-28 13:52:39-03:00,MOTO,2215.352294921875,0 days 00:06:47
2025-06-28 14:40:49-03:00,2025-06-28 14:51:07-03:00,MOTO,3327.8203125,0 days 00:10:18
2025-06-28 16:48:22-03:00,2025-06-28 17:08:34-03:00,MOTO,11530.9248046875,0 days 00:20:12
2025-06-28 17:57:36-03:00,2025-06-28 18:33:43-03:00,MOTO,25943.287109375,0 days 00:36:07
2025-06-28 22:24:08-03:00,2025-06-28 22:55:49-03:00,MOTO,31750.69921875,0 days 00:31:41
2025-06-29 16:28:12-03:00,2025-06-29 16:52:42-03:00,MOTO,15380.6015625,0 days 00:24:30
2025-06-29 17:30:13-03:00,2025-06-29 17:57:22-03:00,MOTO,14703.0458984375,0 days 00:27:09
2025-06-30 11:08:44-03:00,2025-06-30 11:17:30-03:00,CAMINANDO,125.94644165039062,0 days 00:08:46
2025-06-30 11:17:30-03:00,2025-06-30 12:06:21-03:00,COLECTIVO,16026.078125,0 days 00:48:51
2025-06-30 12:06:21-03:00,2025-06-30 12:07:29-03:00,CAMINANDO,86.72772979736328,0 days 00:01:08
2025-06-30 17:12:08-03:00,2025-06-30 18:12:19-03:00,COLECTIVO,15270.587890625,0 days 01:00:11
2025-06-30 18:12:19-03:00,2025-06-30 18:16:20-03:00,CAMINANDO,142.42498779296875,0 days 00:04:01
2025-07-01 10:49:39-03:00,2025-07-01 10:53:43-03:00,CAMINANDO,179.45138549804688,0 days 00:04:04
2025-07-01 10:53:43-03:00,2025-07-01 11:48:13-03:00,COLECTIVO,15300.3271484375,0 days 00:54:30
2025-07-01 11:48:13-03:00,2025-07-01 11:56:43-03:00,CAMINANDO,667.562255859375,0 days 00:08:30
2025-07-01 14:41:53-03:00,2025-07-01 14:54:43-03:00,CAMINANDO,880.40673828125,0 days 00:12:50
2025-07-01 15:08:55-03:00,2025-07-01 15:25:58-03:00,CAMINANDO,566.0159301757812,0 days 00:17:03
2025-07-01 15:25:58-03:00,2025-07-01 15:38:22-03:00,SUBTE,2862.802001953125,0 days 00:12:24
2025-07-01 15:38:22-03:00,2025-07-01 15:56:55-03:00,TREN,8976.2607421875,0 days 00:18:33
2025-07-01 15:56:55-03:00,2025-07-01 16:00:38-03:00,CAMINANDO,220.11146545410156,0 days 00:03:43
2025-07-01 16:07:09-03:00,2025-07-01 16:18:07-03:00,COLECTIVO,2492.118408203125,0 days 00:10:58
2025-07-01 16:18:07-03:00,2025-07-01 16:19:39-03:00,CAMINANDO,124.87268829345703,0 days 00:01:32
2025-07-01 17:22:37-03:00,2025-07-01 17:44:50-03:00,MOTO,10872.6923828125,0 days 00:22:13
2025-07-01 20:07:03-03:00,2025-07-01 20:21:35-03:00,MOTO,8903.6201171875,0 days 00:14:32
2025-07-02 10:51:30-03:00,2025-07-02 10:56:22-03:00,CAMINANDO,288.8421630859375,0 days 00:04:52
2025-07-02 10:56:22-03:00,2025-07-02 11:52:00-03:00,COLECTIVO,15750.435546875,0 days 00:55:38
2025-07-02 13:46:31-03:00,2025-07-02 14:04:37-03:00,CAMINANDO,1761.6357421875,0 days 00:18:06
2025-07-02 17:50:08-03:00,2025-07-02 18:00:19-03:00,CAMINANDO,811.1139526367188,0 days 00:10:11
2025-07-02 18:00:19-03:00,2025-07-02 19:19:20-03:00,COLECTIVO,18787.0859375,0 days 01:19:01
2025-07-02 19:19:20-03:00,2025-07-02 19:25:36-03:00,CAMINANDO,212.91375732421875,0 days 00:06:16
2025-07-03 11:31:44-03:00,2025-07-03 11:35:30-03:00,CAMINANDO,142.7970428466797,0 days 00:03:46
2025-07-03 11:43:06-03:00,2025-07-03 12:46:33-03:00,COLECTIVO,16033.0029296875,0 days 01:03:27
2025-07-03 12:46:33-03:00,2025-07-03 12:49:57-03:00,CAMINANDO,218.5225830078125,0 days 00:03:24
2025-07-03 15:01:40-03:00,2025-07-03 15:12:14-03:00,CAMINANDO,1058.9276123046875,0 days 00:10:34
2025-07-03 15:38:17-03:00,2025-07-03 15:50:26-03:00,AUTO,3026.1298828125,0 days 00:12:09
2025-07-03 17:16:09-03:00,2025-07-03 17:20:09-03:00,CAMINANDO,509.1920471191406,0 days 00:04:00
2025-07-03 17:29:45-03:00,2025-07-03 18:50:41-03:00,COLECTIVO,17268.984375,0 days 01:20:56
2025-07-04 10:40:50-03:00,2025-07-04 10:48:39-03:00,CAMINANDO,205.7314453125,0 days 00:07:49
2025-07-04 10:53:12-03:00,2025-07-04 11:47:26-03:00,COLECTIVO,15326.390625,0 days 00:54:14
2025-07-04 13:48:55-03:00,2025-07-04 13:57:00-03:00,CAMINANDO,247.9398193359375,0 days 00:08:05
2025-07-04 13:57:00-03:00,2025-07-04 14:05:06-03:00,SUBTE,906.494140625,0 days 00:08:06
2025-07-04 14:05:06-03:00,2025-07-04 14:27:19-03:00,CAMINANDO,443.3739318847656,0 days 00:22:13
2025-07-04 15:02:31-03:00,2025-07-04 15:05:10-03:00,CAMINANDO,147.33175659179688,0 days 00:02:39
2025-07-04 19:53:56-03:00,2025-07-04 19:55:55-03:00,CAMINANDO,130.24258422851562,0 days 00:01:59
2025-07-04 19:55:55-03:00,2025-07-04 20:29:46-03:00,AUTO,16943.46875,0 days 00:33:51
2025-07-05 13:41:45-03:00,2025-07-05 13:47:21-03:00,MOTO,2019.9609375,0 days 00:05:36
2025-07-05 15:08:20-03:00,2025-07-05 15:18:45-03:00,MOTO,3367.841552734375,0 days 00:10:25
2025-07-05 18:34:00-03:00,2025-07-05 18:40:01-03:00,MOTO,5962.54345703125,0 days 00:06:01
2025-07-05 22:07:33-03:00,2025-07-05 22:32:03-03:00,MOTO,9462.98828125,0 days 00:24:30
2025-07-06 00:38:20-03:00,2025-07-06 00:50:36-03:00,MOTO,6188.60107421875,0 days 00:12:16
2025-07-07 12:02:34-03:00,2025-07-07 12:07:45-03:00,CAMINANDO,262.9842224121094,0 days 00:05:11
2025-07-07 12:07:45-03:00,2025-07-07 12:53:26-03:00,COLECTIVO,14806.908203125,0 days 00:45:41
2025-07-07 12:53:26-03:00,2025-07-07 13:04:04-03:00,CAMINANDO,714.734619140625,0 days 00:10:38
2025-07-07 22:19:55-03:00,2025-07-07 22:25:35-03:00,CAMINANDO,236.00216674804688,0 days 00:05:40
2025-07-07 22:25:35-03:00,2025-07-07 22:46:26-03:00,AUTO,10411.5224609375,0 days 00:20:51
2025-07-08 01:14:13-03:00,2025-07-08 01:35:35-03:00,AUTO,4846.1591796875,0 days 00:21:22
2025-07-08 11:23:22-03:00,2025-07-08 11:27:22-03:00,CAMINANDO,192.37925720214844,0 days 00:04:00
2025-07-08 11:32:08-03:00,2025-07-08 12:23:57-03:00,CAMINANDO,127.2613754272461,0 days 00:51:49
2025-07-08 12:23:57-03:00,2025-07-08 13:18:41-03:00,COLECTIVO,19382.4921875,0 days 00:54:44
2025-07-08 13:18:41-03:00,2025-07-08 13:26:22-03:00,CAMINANDO,279.1700439453125,0 days 00:07:41
2025-07-08 13:45:58-03:00,2025-07-08 13:49:56-03:00,CAMINANDO,177.37274169921875,0 days 00:03:58
2025-07-08 20:25:07-03:00,2025-07-08 21:09:14-03:00,AUTO,14605.400390625,0 days 00:44:07
2025-07-09 12:42:23-03:00,2025-07-09 12:46:23-03:00,CAMINANDO,184.83665466308594,0 days 00:04:00
2025-07-09 12:51:24-03:00,2025-07-09 13:27:03-03:00,CAMINANDO,288.3723449707031,0 days 00:35:39
2025-07-09 13:27:03-03:00,2025-07-09 14:04:08-03:00,MOTO,15823.185546875,0 days 00:37:05
2025-07-09 16:46:09-03:00,2025-07-09 17:11:20-03:00,AUTO,15986.912109375,0 days 00:25:11
2025-07-09 17:18:21-03:00,2025-07-09 17:27:27-03:00,MOTO,4509.64697265625,0 days 00:09:06
2025-07-09 17:55:08-03:00,2025-07-09 18:12:55-03:00,MOTO,5517.36572265625,0 days 00:17:47
2025-07-10 11:46:57-03:00,2025-07-10 11:49:45-03:00,CAMINANDO,245.8185577392578,0 days 00:02:48
2025-07-10 11:56:07-03:00,2025-07-10 12:43:44-03:00,COLECTIVO,14944.2080078125,0 days 00:47:37
2025-07-10 12:43:44-03:00,2025-07-10 12:52:02-03:00,CAMINANDO,851.072021484375,0 days 00:08:18
2025-07-10 15:54:22-03:00,2025-07-10 17:25:45-03:00,COLECTIVO,17418.291015625,0 days 01:31:23
2025-07-10 18:55:29-03:00,2025-07-10 19:31:32-03:00,MOTO,11437.720703125,0 days 00:36:03
2025-07-10 22:08:49-03:00,2025-07-10 22:24:02-03:00,MOTO,9015.9296875,0 days 00:15:13
2025-07-11 09:29:10-03:00,2025-07-11 09:38:30-03:00,CAMINANDO,329.63720703125,0 days 00:09:20
2025-07-11 09:38:30-03:00,2025-07-11 10:26:37-03:00,COLECTIVO,14972.0927734375,0 days 00:48:07
2025-07-11 10:26:37-03:00,2025-07-11 10:36:39-03:00,CAMINANDO,785.592041015625,0 days 00:10:02
2025-07-11 12:52:33-03:00,2025-07-11 13:08:18-03:00,CAMINANDO,820.0758666992188,0 days 00:15:45
2025-07-11 14:04:48-03:00,2025-07-11 14:14:01-03:00,CAMINANDO,700.9921264648438,0 days 00:09:13
2025-07-11 15:35:25-03:00,2025-07-11 15:39:22-03:00,CAMINANDO,205.2918243408203,0 days 00:03:57
2025-07-11 17:51:57-03:00,2025-07-11 17:57:46-03:00,COLECTIVO,1438.8616943359375,0 days 00:05:49
2025-07-11 18:06:12-03:00,2025-07-11 19:22:10-03:00,COLECTIVO,17530.1640625,0 days 01:15:58
2025-07-11 19:22:10-03:00,2025-07-11 19:30:41-03:00,CAMINANDO,159.74449157714844,0 days 00:08:31
2025-07-12 13:36:46-03:00,2025-07-12 13:42:02-03:00,MOTO,2263.01708984375,0 days 00:05:16
2025-07-12 15:00:15-03:00,2025-07-12 15:10:39-03:00,MOTO,3146.180908203125,0 days 00:10:24
2025-07-12 20:16:00-03:00,2025-07-12 20:21:32-03:00,MOTO,2638.677490234375,0 days 00:05:32
2025-07-13 15:17:27-03:00,2025-07-13 15:47:33-03:00,MOTO,18093.533203125,0 days 00:30:06
2025-07-13 18:12:18-03:00,2025-07-13 18:49:33-03:00,MOTO,18959.04296875,0 days 00:37:15
2025-07-14 08:35:09-03:00,2025-07-14 08:37:09-03:00,CAMINANDO,143.56204223632812,0 days 00:02:00
2025-07-14 08:48:32-03:00,2025-07-14 09:39:56-03:00,COLECTIVO,12404.1455078125,0 days 00:51:24
2025-07-14 09:39:56-03:00,2025-07-14 09:42:57-03:00,CAMINANDO,121.87723541259766,0 days 00:03:01
2025-07-14 11:09:29-03:00,2025-07-14 11:21:16-03:00,AUTO,2361.93017578125,0 days 00:11:47
2025-07-14 13:34:09-03:00,2025-07-14 13:47:15-03:00,CAMINANDO,958.7579345703125,0 days 00:13:06
2025-07-14 14:14:42-03:00,2025-07-14 14:17:29-03:00,CAMINANDO,84.98280334472656,0 days 00:02:47
2025-07-14 14:38:35-03:00,2025-07-14 14:51:17-03:00,CAMINANDO,653.0142211914062,0 days 00:12:42
2025-07-14 19:51:38-03:00,2025-07-14 20:30:54-03:00,AUTO,14853.814453125,0 days 00:39:16
2025-07-15 11:13:24-03:00,2025-07-15 11:17:24-03:00,CAMINANDO,250.53298950195312,0 days 00:04:00
2025-07-15 11:17:24-03:00,2025-07-15 12:01:19-03:00,COLECTIVO,11449.0849609375,0 days 00:43:55
2025-07-15 12:01:19-03:00,2025-07-15 12:15:49-03:00,CAMINANDO,794.0478515625,0 days 00:14:30
2025-07-15 20:04:35-03:00,2025-07-15 20:38:43-03:00,AUTO,14268.224609375,0 days 00:34:08
2025-07-16 08:00:29-03:00,2025-07-16 08:03:25-03:00,CAMINANDO,179.52069091796875,0 days 00:02:56
2025-07-16 08:03:25-03:00,2025-07-16 08:25:04-03:00,COLECTIVO,14432.6474609375,0 days 00:21:39
2025-07-16 08:36:07-03:00,2025-07-16 09:45:11-03:00,COLECTIVO,25579.732421875,0 days 01:09:04
2025-07-16 10:31:03-03:00,2025-07-16 11:22:08-03:00,AUTO,20207.841796875,0 days 00:51:05
2025-07-16 12:56:11-03:00,2025-07-16 13:07:02-03:00,AUTO,1369.1527099609375,0 days 00:10:51
2025-07-16 13:14:09-03:00,2025-07-16 13:36:39-03:00,AUTO,3021.25927734375,0 days 00:22:30
2025-07-16 15:28:58-03:00,2025-07-16 15:42:18-03:00,AUTO,2800.6083984375,0 days 00:13:20
2025-07-16 15:54:58-03:00,2025-07-16 16:30:32-03:00,AUTO,10416.7158203125,0 days 00:35:34
2025-07-16 16:37:00-03:00,2025-07-16 16:59:19-03:00,AUTO,3179.522216796875,0 days 00:22:19
2025-07-16 19:10:10-03:00,2025-07-16 19:19:55-03:00,AUTO,2294.207763671875,0 days 00:09:45
2025-07-16 19:53:39-03:00,2025-07-16 20:13:51-03:00,AUTO,5520.7109375,0 days 00:20:12
2025-07-16 23:11:23-03:00,2025-07-16 23:32:43-03:00,AUTO,9736.501953125,0 days 00:21:20
2025-07-17 10:36:18-03:00,2025-07-17 11:02:34-03:00,AUTO,6771.10302734375,0 days 00:26:16
2025-07-17 11:34:21-03:00,2025-07-17 11:38:05-03:00,AUTO,513.6796875,0 days 00:03:44
2025-07-17 11:43:10-03:00,2025-07-17 12:13:53-03:00,AUTO,10559.560546875,0 days 00:30:43
2025-07-17 14:07:18-03:00,2025-07-17 14:35:19-03:00,AUTO,8309.4716796875,0 days 00:28:01
2025-07-17 16:49:32-03:00,2025-07-17 17:25:15-03:00,AUTO,7657.2265625,0 days 00:35:43
2025-07-17 20:18:50-03:00,2025-07-17 21:21:15-03:00,AUTO,24309.771484375,0 days 01:02:25
2025-07-18 10:56:51-03:00,2025-07-18 11:39:47-03:00,AUTO,22481.177734375,0 days 00:42:56
2025-07-18 12:11:47-03:00,2025-07-18 12:16:55-03:00,CAMINANDO,265.72344970703125,0 days 00:05:08
2025-07-18 12:59:24-03:00,2025-07-18 13:13:21-03:00,CAMINANDO,974.4070434570312,0 days 00:13:57
2025-07-18 13:44:51-03:00,2025-07-18 13:59:48-03:00,CAMINANDO,882.256591796875,0 days 00:14:57
2025-07-18 18:39:35-03:00,2025-07-18 18:41:35-03:00,CAMINANDO,178.2860565185547,0 days 00:02:00
2025-07-18 18:49:17-03:00,2025-07-18 20:12:15-03:00,AUTO,23584.712890625,0 days 01:22:58
2025-07-19 13:50:19-03:00,2025-07-19 14:00:46-03:00,AUTO,2844.982421875,0 days 00:10:27
2025-07-19 17:10:29-03:00,2025-07-19 17:19:26-03:00,AUTO,3545.990234375,0 days 00:08:57
2025-07-19 18:16:10-03:00,2025-07-19 18:24:03-03:00,AUTO,2332.949951171875,0 days 00:07:53
2025-07-20 03:09:15-03:00,2025-07-20 03:19:45-03:00,AUTO,3824.5908203125,0 days 00:10:30
2025-07-20 03:26:03-03:00,2025-07-20 03:41:27-03:00,AUTO,5441.6220703125,0 days 00:15:24
2025-07-20 06:28:08-03:00,2025-07-20 07:26:13-03:00,AUTO,33079.76171875,0 days 00:58:05
2025-07-20 18:54:43-03:00,2025-07-20 19:02:44-03:00,CAMINANDO,570.077880859375,0 days 00:08:01
2025-07-20 19:09:34-03:00,2025-07-20 19:13:41-03:00,CAMINANDO,231.82205200195312,0 days 00:04:07
2025-07-21 09:45:58-03:00,2025-07-21 10:46:03-03:00,AUTO,23465.056640625,0 days 01:00:05
2025-07-21 12:19:06-03:00,2025-07-21 12:23:01-03:00,AUTO,173.00814819335938,0 days 00:03:55
2025-07-21 12:23:01-03:00,2025-07-21 12:36:13-03:00,CAMINANDO,487.65045166015625,0 days 00:13:12
2025-07-21 19:14:00-03:00,2025-07-21 19:18:01-03:00,CAMINANDO,252.37225341796875,0 days 00:04:01
2025-07-21 19:24:08-03:00,2025-07-21 19:57:57-03:00,AUTO,15780.3359375,0 days 00:33:49
2025-07-22 08:51:01-03:00,2025-07-22 09:38:08-03:00,AUTO,30056.783203125,0 days 00:47:07
2025-07-22 10:49:13-03:00,2025-07-22 11:16:20-03:00,AUTO,18013.796875,0 days 00:27:07
2025-07-22 13:17:13-03:00,2025-07-22 13:29:04-03:00,AUTO,1327.10986328125,0 days 00:11:51
2025-07-22 14:00:23-03:00,2025-07-22 14:03:31-03:00,CAMINANDO,232.4932861328125,0 days 00:03:08
2025-07-22 18:02:35-03:00,2025-07-22 18:05:22-03:00,CAMINANDO,216.28953552246094,0 days 00:02:47
2025-07-22 18:10:34-03:00,2025-07-22 19:00:11-03:00,AUTO,18195.419921875,0 days 00:49:37
2025-07-22 19:04:50-03:00,2025-07-22 19:08:35-03:00,AUTO,315.19293212890625,0 days 00:03:45
2025-07-22 23:20:35-03:00,2025-07-22 23:37:46-03:00,AUTO,5928.08056640625,0 days 00:17:11
2025-07-23 09:23:41-03:00,2025-07-23 10:16:56-03:00,AUTO,29990.193359375,0 days 00:53:15
2025-07-23 10:59:00-03:00,2025-07-23 11:26:40-03:00,AUTO,18674.7265625,0 days 00:27:40
2025-07-23 13:52:57-03:00,2025-07-23 13:56:58-03:00,CAMINANDO,211.14500427246094,0 days 00:04:01
2025-07-23 14:28:55-03:00,2025-07-23 14:43:37-03:00,AUTO,3674.368408203125,0 days 00:14:42
2025-07-23 15:17:27-03:00,2025-07-23 15:32:28-03:00,AUTO,3057.824951171875,0 days 00:15:01
2025-07-23 18:15:30-03:00,2025-07-23 18:29:42-03:00,COLECTIVO,2056.49267578125,0 days 00:14:12
2025-07-23 18:31:42-03:00,2025-07-23 19:37:50-03:00,COLECTIVO,25514.529296875,0 days 01:06:08
2025-07-23 19:37:50-03:00,2025-07-23 19:42:12-03:00,CAMINANDO,340.0290832519531,0 days 00:04:22
2025-07-24 11:51:48-03:00,2025-07-24 11:57:27-03:00,CAMINANDO,257.5220947265625,0 days 00:05:39
2025-07-24 12:01:27-03:00,2025-07-24 12:48:35-03:00,COLECTIVO,14783.3837890625,0 days 00:47:08
2025-07-24 12:48:35-03:00,2025-07-24 13:01:43-03:00,CAMINANDO,1057.5855712890625,0 days 00:13:08
2025-07-24 14:05:07-03:00,2025-07-24 14:13:57-03:00,CAMINANDO,603.0146484375,0 days 00:08:50
2025-07-24 14:32:15-03:00,2025-07-24 14:42:03-03:00,CAMINANDO,599.7758178710938,0 days 00:09:48
2025-07-24 17:51:35-03:00,2025-07-24 17:56:06-03:00,CAMINANDO,185.80332946777344,0 days 00:04:31
2025-07-24 18:06:45-03:00,2025-07-24 18:08:30-03:00,COLECTIVO,173.70919799804688,0 days 00:01:45
2025-07-24 18:08:30-03:00,2025-07-24 19:00:43-03:00,AUTO,18254.9609375,0 days 00:52:13
2025-07-25 11:01:40-03:00,2025-07-25 11:06:54-03:00,CAMINANDO,338.4870910644531,0 days 00:05:14
2025-07-25 11:06:54-03:00,2025-07-25 11:58:43-03:00,COLECTIVO,11888.6044921875,0 days 00:51:49
2025-07-25 11:58:43-03:00,2025-07-25 12:08:34-03:00,CAMINANDO,597.072021484375,0 days 00:09:51
2025-07-25 13:46:39-03:00,2025-07-25 13:59:53-03:00,CAMINANDO,579.1690063476562,0 days 00:13:14
2025-07-25 15:54:22-03:00,2025-07-25 15:59:40-03:00,CAMINANDO,155.7872314453125,0 days 00:05:18
2025-07-25 16:12:08-03:00,2025-07-25 16:18:43-03:00,COLECTIVO,1562.593994140625,0 days 00:06:35
2025-07-25 16:27:58-03:00,2025-07-25 17:34:15-03:00,COLECTIVO,17014.48046875,0 days 01:06:17
2025-07-25 17:34:15-03:00,2025-07-25 17:36:26-03:00,CAMINANDO,182.47665405273438,0 days 00:02:11
2025-07-26 14:01:40-03:00,2025-07-26 14:09:33-03:00,MOTO,3046.189697265625,0 days 00:07:53
2025-07-26 17:45:26-03:00,2025-07-26 17:56:33-03:00,MOTO,3553.23583984375,0 days 00:11:07
2025-07-26 18:47:02-03:00,2025-07-26 18:53:43-03:00,MOTO,4917.5966796875,0 days 00:06:41
2025-07-26 21:53:05-03:00,2025-07-26 21:57:05-03:00,MOTO,670.5934448242188,0 days 00:04:00
2025-07-27 02:49:01-03:00,2025-07-27 02:56:56-03:00,MOTO,2012.830810546875,0 days 00:07:55
2025-07-28 12:23:10-03:00,2025-07-28 12:27:11-03:00,CAMINANDO,240.26065063476562,0 days 00:04:01
2025-07-28 12:35:11-03:00,2025-07-28 13:27:47-03:00,COLECTIVO,17054.775390625,0 days 00:52:36
2025-07-28 13:27:47-03:00,2025-07-28 13:31:48-03:00,CAMINANDO,187.82049560546875,0 days 00:04:01
2025-07-28 18:20:19-03:00,2025-07-28 19:07:09-03:00,AUTO,23329.978515625,0 days 00:46:50
2025-07-29 08:43:42-03:00,2025-07-29 09:32:34-03:00,AUTO,29413.19140625,0 days 00:48:52
2025-07-29 10:07:22-03:00,2025-07-29 10:36:25-03:00,AUTO,9176.693359375,0 days 00:29:03
2025-07-29 10:54:03-03:00,2025-07-29 10:58:09-03:00,CAMINANDO,321.7826843261719,0 days 00:04:06
2025-07-29 11:18:24-03:00,2025-07-29 11:23:57-03:00,CAMINANDO,300.312744140625,0 days 00:05:33
2025-07-29 14:29:51-03:00,2025-07-29 15:01:27-03:00,AUTO,8591.46484375,0 days 00:31:36
2025-07-29 17:32:00-03:00,2025-07-29 17:44:47-03:00,AUTO,2073.143798828125,0 days 00:12:47
2025-07-29 18:29:08-03:00,2025-07-29 19:51:44-03:00,AUTO,26291.1484375,0 days 01:22:36
2025-07-29 20:53:10-03:00,2025-07-29 21:19:55-03:00,AUTO,8886.431640625,0 days 00:26:45
2025-07-30 10:10:15-03:00,2025-07-30 10:46:19-03:00,AUTO,14712.33203125,0 days 00:36:04
2025-07-30 10:55:07-03:00,2025-07-30 11:01:08-03:00,CAMINANDO,1359.7965087890625,0 days 00:06:01
2025-07-30 11:47:52-03:00,2025-07-30 12:11:34-03:00,CAMINANDO,1079.10498046875,0 days 00:23:42
2025-07-30 13:47:53-03:00,2025-07-30 14:05:56-03:00,CAMINANDO,1341.13037109375,0 days 00:18:03
2025-07-30 15:52:45-03:00,2025-07-30 16:08:40-03:00,CAMINANDO,1218.25537109375,0 days 00:15:55
2025-07-30 17:13:15-03:00,2025-07-30 17:20:23-03:00,AUTO,1587.30712890625,0 days 00:07:08
2025-07-30 17:20:23-03:00,2025-07-30 17:28:52-03:00,CAMINANDO,231.6370086669922,0 days 00:08:29
2025-07-30 18:36:03-03:00,2025-07-30 19:24:55-03:00,AUTO,9673.908203125,0 days 00:48:52
2025-07-30 20:01:31-03:00,2025-07-30 20:42:17-03:00,AUTO,13180.3486328125,0 days 00:40:46
2025-07-31 10:46:56-03:00,2025-07-31 11:12:53-03:00,AUTO,11415.7421875,0 days 00:25:57
2025-07-31 11:39:51-03:00,2025-07-31 12:16:17-03:00,AUTO,19690.73828125,0 days 00:36:26
2025-07-31 12:28:29-03:00,2025-07-31 13:25:08-03:00,AUTO,21221.4375,0 days 00:56:39
2025-07-31 13:25:08-03:00,2025-07-31 13:39:01-03:00,CAMINANDO,197.39749145507812,0 days 00:13:53
2025-07-31 16:09:54-03:00,2025-07-31 16:32:29-03:00,AUTO,4862.5849609375,0 days 00:22:35
2025-07-31 17:04:14-03:00,2025-07-31 18:35:37-03:00,AUTO,22240.265625,0 days 01:31:23
2025-07-31 21:57:49-03:00,2025-07-31 22:12:21-03:00,AUTO,5331.7158203125,0 days 00:14:32
2025-07-31 23:57:15-03:00,2025-08-01 00:10:33-03:00,AUTO,5134.9619140625,0 days 00:13:18
2025-08-01 10:24:12-03:00,2025-08-01 11:14:59-03:00,AUTO,14121.7763671875,0 days 00:50:47
2025-08-01 11:24:38-03:00,2025-08-01 11:28:39-03:00,AUTO,257.2952575683594,0 days 00:04:01
2025-08-01 12:44:22-03:00,2025-08-01 13:02:43-03:00,CAMINANDO,635.6680908203125,0 days 00:18:21
2025-08-01 13:30:12-03:00,2025-08-01 13:34:11-03:00,CAMINANDO,317.466552734375,0 days 00:03:59
2025-08-01 13:42:05-03:00,2025-08-01 13:56:23-03:00,AUTO,1322.0540771484375,0 days 00:14:18
2025-08-01 14:02:56-03:00,2025-08-01 14:17:09-03:00,AUTO,9331.7021484375,0 days 00:14:13
2025-08-01 17:02:31-03:00,2025-08-01 18:07:08-03:00,AUTO,18427.24609375,0 days 01:04:37
2025-08-01 18:12:20-03:00,2025-08-01 18:17:49-03:00,AUTO,808.6937255859375,0 days 00:05:29
2025-08-01 18:24:47-03:00,2025-08-01 18:30:52-03:00,AUTO,1273.360595703125,0 days 00:06:05
2025-08-01 19:17:29-03:00,2025-08-01 19:39:08-03:00,AUTO,7573.66845703125,0 days 00:21:39
2025-08-01 20:53:34-03:00,2025-08-01 21:07:02-03:00,AUTO,2599.16845703125,0 days 00:13:28
2025-08-02 01:17:48-03:00,2025-08-02 01:45:40-03:00,AUTO,14132.9794921875,0 days 00:27:52
2025-08-02 02:06:55-03:00,2025-08-02 02:32:05-03:00,AUTO,14683.8662109375,0 days 00:25:10
2025-08-02 13:09:43-03:00,2025-08-02 13:25:40-03:00,AUTO,5125.48828125,0 days 00:15:57
2025-08-02 13:31:26-03:00,2025-08-02 13:46:09-03:00,AUTO,4086.133544921875,0 days 00:14:43
2025-08-02 17:31:58-03:00,2025-08-02 17:48:52-03:00,AUTO,261.187744140625,0 days 00:16:54
2025-08-02 18:32:04-03:00,2025-08-02 18:41:41-03:00,AUTO,2283.491943359375,0 days 00:09:37
2025-08-02 20:57:57-03:00,2025-08-02 21:14:44-03:00,AUTO,5028.61572265625,0 days 00:16:47
2025-08-02 23:56:45-03:00,2025-08-03 00:17:45-03:00,AUTO,8944.4228515625,0 days 00:21:00
2025-08-03 01:09:14-03:00,2025-08-03 02:09:13-03:00,AUTO,23884.873046875,0 days 00:59:59
2025-08-03 06:21:37-03:00,2025-08-03 07:30:26-03:00,COLECTIVO,19400.353515625,0 days 01:08:49
2025-08-03 07:32:31-03:00,2025-08-03 08:00:18-03:00,AUTO,9901.6474609375,0 days 00:27:47
2025-08-03 10:22:29-03:00,2025-08-03 10:33:35-03:00,CAMINANDO,203.32608032226562,0 days 00:11:06
2025-08-03 10:33:35-03:00,2025-08-03 10:46:44-03:00,AUTO,4984.751953125,0 days 00:13:09
2025-08-03 10:53:05-03:00,2025-08-03 12:59:16-03:00,AUTO,511.93341064453125,0 days 02:06:11
2025-08-03 12:59:16-03:00,2025-08-03 13:05:34-03:00,MOTO,3486.807861328125,0 days 00:06:18
2025-08-03 13:15:13-03:00,2025-08-03 13:41:02-03:00,MOTO,25450.640625,0 days 00:25:49
2025-08-03 14:50:29-03:00,2025-08-03 15:16:46-03:00,AUTO,6798.2802734375,0 days 00:26:17
2025-08-03 19:23:52-03:00,2025-08-03 20:05:33-03:00,MOTO,32039.37109375,0 days 00:41:41
2025-08-04 11:22:10-03:00,2025-08-04 11:59:24-03:00,AUTO,14430.30859375,0 days 00:37:14
2025-08-04 12:39:22-03:00,2025-08-04 13:08:55-03:00,CAMINANDO,1440.6766357421875,0 days 00:29:33
2025-08-04 15:35:25-03:00,2025-08-04 16:04:38-03:00,CAMINANDO,1634.2054443359375,0 days 00:29:13
2025-08-04 17:29:46-03:00,2025-08-04 18:49:50-03:00,COLECTIVO,23985.625,0 days 01:20:04
2025-08-05 09:11:38-03:00,2025-08-05 09:55:37-03:00,AUTO,26435.923828125,0 days 00:43:59
2025-08-05 10:39:32-03:00,2025-08-05 11:53:23-03:00,AUTO,31652.6875,0 days 01:13:51
2025-08-05 13:18:55-03:00,2025-08-05 13:30:05-03:00,AUTO,1617.2425537109375,0 days 00:11:10
2025-08-05 15:20:33-03:00,2025-08-05 15:30:32-03:00,CAMINANDO,710.6751708984375,0 days 00:09:59
2025-08-05 15:30:32-03:00,2025-08-05 16:42:50-03:00,COLECTIVO,17180.255859375,0 days 01:12:18
2025-08-05 16:42:50-03:00,2025-08-05 16:46:51-03:00,CAMINANDO,242.84930419921875,0 days 00:04:01
2025-08-05 19:01:00-03:00,2025-08-05 19:20:20-03:00,MOTO,10540.4150390625,0 days 00:19:20
2025-08-05 19:44:06-03:00,2025-08-05 20:01:00-03:00,MOTO,8824.962890625,0 days 00:16:54
2025-08-06 12:16:35-03:00,2025-08-06 12:20:50-03:00,CAMINANDO,90.2987289428711,0 days 00:04:15
2025-08-06 12:20:50-03:00,2025-08-06 13:19:20-03:00,COLECTIVO,16449.6640625,0 days 00:58:30
2025-08-06 13:19:20-03:00,2025-08-06 13:38:32-03:00,CAMINANDO,1131.716064453125,0 days 00:19:12
2025-08-06 14:13:27-03:00,2025-08-06 14:36:53-03:00,CAMINANDO,1275.769287109375,0 days 00:23:26
2025-08-06 16:07:44-03:00,2025-08-06 16:17:06-03:00,CAMINANDO,322.16925048828125,0 days 00:09:22
2025-08-06 16:17:06-03:00,2025-08-06 16:34:55-03:00,COLECTIVO,3232.67333984375,0 days 00:17:49
2025-08-06 17:20:54-03:00,2025-08-06 17:29:26-03:00,CAMINANDO,300.1831970214844,0 days 00:08:32
2025-08-06 17:29:26-03:00,2025-08-06 18:30:56-03:00,COLECTIVO,15571.6484375,0 days 01:01:30
2025-08-06 18:49:09-03:00,2025-08-06 18:53:09-03:00,CAMINANDO,196.93118286132812,0 days 00:04:00
2025-08-07 09:45:56-03:00,2025-08-07 09:52:40-03:00,CAMINANDO,128.19178771972656,0 days 00:06:44
2025-08-07 10:03:12-03:00,2025-08-07 10:17:45-03:00,COLECTIVO,2516.07958984375,0 days 00:14:33
2025-08-07 10:20:11-03:00,2025-08-07 10:41:34-03:00,TREN,12444.8740234375,0 days 00:21:23
2025-08-07 10:55:43-03:00,2025-08-07 11:14:12-03:00,CAMINANDO,3336.300048828125,0 days 00:18:29
2025-08-07 14:55:33-03:00,2025-08-07 15:28:45-03:00,CAMINANDO,2085.20166015625,0 days 00:33:12
2025-08-07 17:55:59-03:00,2025-08-07 18:55:07-03:00,COLECTIVO,14984.486328125,0 days 00:59:08
2025-08-07 18:55:07-03:00,2025-08-07 19:00:14-03:00,CAMINANDO,187.90516662597656,0 days 00:05:07
2025-08-08 12:38:43-03:00,2025-08-08 13:41:55-03:00,COLECTIVO,17138.494140625,0 days 01:03:12
2025-08-08 13:41:55-03:00,2025-08-08 13:44:10-03:00,CAMINANDO,98.7635498046875,0 days 00:02:15
2025-08-08 14:54:44-03:00,2025-08-08 15:15:30-03:00,CAMINANDO,1353.8341064453125,0 days 00:20:46
2025-08-08 15:25:14-03:00,2025-08-08 15:31:15-03:00,CAMINANDO,375.1869201660156,0 days 00:06:01
2025-08-08 17:01:33-03:00,2025-08-08 17:15:12-03:00,AUTO,3300.869140625,0 days 00:13:39
2025-08-08 19:38:34-03:00,2025-08-08 19:42:28-03:00,CAMINANDO,127.84540557861328,0 days 00:03:54
2025-08-08 21:37:54-03:00,2025-08-08 21:43:54-03:00,CAMINANDO,427.7315368652344,0 days 00:06:00
2025-08-08 21:43:54-03:00,2025-08-08 22:10:01-03:00,AUTO,13347.7626953125,0 days 00:26:07
2025-08-09 15:21:03-03:00,2025-08-09 15:32:38-03:00,MOTO,2664.79541015625,0 days 00:11:35
2025-08-09 18:09:29-03:00,2025-08-09 18:21:42-03:00,AUTO,3815.885986328125,0 days 00:12:13
2025-08-09 19:35:23-03:00,2025-08-09 19:42:39-03:00,AUTO,7415.75390625,0 days 00:07:16
2025-08-10 11:31:10-03:00,2025-08-10 11:35:10-03:00,CAMINANDO,211.8779296875,0 days 00:04:00
2025-08-10 11:38:04-03:00,2025-08-10 11:43:31-03:00,CAMINANDO,173.79849243164062,0 days 00:05:27
2025-08-10 13:06:31-03:00,2025-08-10 13:12:57-03:00,AUTO,1439.761962890625,0 days 00:06:26
2025-08-10 13:18:08-03:00,2025-08-10 13:22:48-03:00,AUTO,1624.8026123046875,0 days 00:04:40
2025-08-10 13:41:06-03:00,2025-08-10 13:53:11-03:00,AUTO,3165.2470703125,0 days 00:12:05
2025-08-10 16:35:56-03:00,2025-08-10 16:49:48-03:00,AUTO,2575.9892578125,0 days 00:13:52
2025-08-10 16:49:48-03:00,2025-08-10 17:34:05-03:00,MOTO,13585.6865234375,0 days 00:44:17
2025-08-10 20:15:48-03:00,2025-08-10 20:42:22-03:00,MOTO,17963.802734375,0 days 00:26:34
2025-08-11 12:37:07-03:00,2025-08-11 12:43:43-03:00,CAMINANDO,244.4081573486328,0 days 00:06:36
2025-08-11 12:43:43-03:00,2025-08-11 13:30:05-03:00,COLECTIVO,14804.990234375,0 days 00:46:22
2025-08-11 13:30:05-03:00,2025-08-11 13:41:15-03:00,CAMINANDO,982.1574096679688,0 days 00:11:10
2025-08-11 15:50:39-03:00,2025-08-11 15:56:37-03:00,CAMINANDO,140.4225311279297,0 days 00:05:58
2025-08-11 16:13:01-03:00,2025-08-11 16:30:32-03:00,CAMINANDO,1275.9107666015625,0 days 00:17:31
2025-08-11 17:39:52-03:00,2025-08-11 17:42:55-03:00,CAMINANDO,431.4632568359375,0 days 00:03:03
2025-08-11 17:42:55-03:00,2025-08-11 17:52:12-03:00,COLECTIVO,2192.373291015625,0 days 00:09:17
2025-08-11 18:00:57-03:00,2025-08-11 19:04:20-03:00,COLECTIVO,16723.84765625,0 days 01:03:23
2025-08-11 20:22:09-03:00,2025-08-11 20:26:09-03:00,CAMINANDO,336.3638000488281,0 days 00:04:00
2025-08-11 20:33:25-03:00,2025-08-11 20:39:26-03:00,CAMINANDO,210.99440002441406,0 days 00:06:01
2025-08-12 12:10:45-03:00,2025-08-12 12:15:02-03:00,CAMINANDO,234.49136352539062,0 days 00:04:17
2025-08-12 12:20:48-03:00,2025-08-12 13:05:15-03:00,COLECTIVO,15973.1201171875,0 days 00:44:27
2025-08-12 13:05:15-03:00,2025-08-12 13:17:28-03:00,CAMINANDO,911.6076049804688,0 days 00:12:13
2025-08-12 14:30:23-03:00,2025-08-12 14:45:36-03:00,CAMINANDO,845.8157958984375,0 days 00:15:13
2025-08-12 16:00:19-03:00,2025-08-12 16:13:35-03:00,CAMINANDO,850.2506103515625,0 days 00:13:16
2025-08-12 16:56:46-03:00,2025-08-12 17:03:33-03:00,AUTO,1185.5146484375,0 days 00:06:47
2025-08-12 17:45:50-03:00,2025-08-12 17:59:23-03:00,CAMINANDO,602.6709594726562,0 days 00:13:33
2025-08-12 17:59:23-03:00,2025-08-12 19:03:24-03:00,COLECTIVO,15205.4658203125,0 days 01:04:01
2025-08-13 09:24:59-03:00,2025-08-13 09:31:56-03:00,CAMINANDO,309.3192443847656,0 days 00:06:57
2025-08-13 09:31:56-03:00,2025-08-13 10:03:23-03:00,AUTO,14044.4033203125,0 days 00:31:27
2025-08-13 10:21:05-03:00,2025-08-13 10:32:23-03:00,AUTO,1816.96435546875,0 days 00:11:18
2025-08-13 11:16:34-03:00,2025-08-13 11:24:44-03:00,CAMINANDO,491.1230773925781,0 days 00:08:10
2025-08-13 12:55:18-03:00,2025-08-13 13:04:25-03:00,CAMINANDO,290.86181640625,0 days 00:09:07
2025-08-13 13:04:25-03:00,2025-08-13 13:16:55-03:00,COLECTIVO,1442.7454833984375,0 days 00:12:30
2025-08-13 13:16:55-03:00,2025-08-13 13:22:00-03:00,CAMINANDO,155.46302795410156,0 days 00:05:05
2025-08-13 14:28:39-03:00,2025-08-13 14:32:09-03:00,MOTO,732.648681640625,0 days 00:03:30
2025-08-13 14:49:02-03:00,2025-08-13 15:23:07-03:00,MOTO,2758.79296875,0 days 00:34:05
2025-08-13 16:34:36-03:00,2025-08-13 16:52:06-03:00,MOTO,5201.77685546875,0 days 00:17:30
2025-08-13 17:41:20-03:00,2025-08-13 18:47:05-03:00,MOTO,20602.53125,0 days 01:05:45
2025-08-14 13:27:35-03:00,2025-08-14 13:36:33-03:00,CAMINANDO,254.6943817138672,0 days 00:08:58
2025-08-14 13:36:33-03:00,2025-08-14 13:48:46-03:00,COLECTIVO,2664.482177734375,0 days 00:12:13
2025-08-14 13:52:18-03:00,2025-08-14 14:11:39-03:00,TREN,9109.5234375,0 days 00:19:21
2025-08-14 14:18:54-03:00,2025-08-14 14:36:23-03:00,SUBTE,4050.341064453125,0 days 00:17:29
2025-08-14 17:04:37-03:00,2025-08-14 17:21:45-03:00,CAMINANDO,767.9566650390625,0 days 00:17:08
2025-08-14 17:27:55-03:00,2025-08-14 18:44:05-03:00,COLECTIVO,16731.26953125,0 days 01:16:10
2025-08-14 18:44:05-03:00,2025-08-14 18:49:43-03:00,CAMINANDO,167.82760620117188,0 days 00:05:38
2025-08-14 21:32:41-03:00,2025-08-14 21:50:22-03:00,COLECTIVO,5044.83251953125,0 days 00:17:41
2025-08-14 23:44:35-03:00,2025-08-15 00:04:18-03:00,AUTO,5115.50244140625,0 days 00:19:43
2025-08-15 17:56:46-03:00,2025-08-15 17:57:59-03:00,CAMINANDO,87.80172729492188,0 days 00:01:13
2025-08-15 18:06:01-03:00,2025-08-15 18:10:12-03:00,CAMINANDO,186.55377197265625,0 days 00:04:11
2025-08-15 19:30:04-03:00,2025-08-15 19:35:40-03:00,MOTO,2526.79833984375,0 days 00:05:36
2025-08-15 19:41:23-03:00,2025-08-15 19:49:05-03:00,MOTO,4434.427734375,0 days 00:07:42
2025-08-15 23:21:30-03:00,2025-08-15 23:32:56-03:00,MOTO,4919.40869140625,0 days 00:11:26
2025-08-16 13:46:06-03:00,2025-08-16 13:57:44-03:00,AUTO,2616.54541015625,0 days 00:11:38
2025-08-16 18:16:09-03:00,2025-08-16 18:27:38-03:00,MOTO,3421.77734375,0 days 00:11:29
2025-08-16 19:16:19-03:00,2025-08-16 19:23:11-03:00,MOTO,2233.025390625,0 days 00:06:52
2025-08-18 11:32:08-03:00,2025-08-18 11:38:46-03:00,CAMINANDO,284.6266784667969,0 days 00:06:38
2025-08-18 11:38:46-03:00,2025-08-18 12:41:15-03:00,COLECTIVO,15956.30078125,0 days 01:02:29
2025-08-18 13:54:06-03:00,2025-08-18 14:23:41-03:00,CAMINANDO,1282.2156982421875,0 days 00:29:35
2025-08-18 18:42:05-03:00,2025-08-18 18:53:52-03:00,AUTO,2222.96923828125,0 days 00:11:47
2025-08-18 19:48:32-03:00,2025-08-18 20:19:58-03:00,AUTO,15844.7177734375,0 days 00:31:26
2025-08-19 11:37:30-03:00,2025-08-19 11:52:19-03:00,COLECTIVO,2475.422119140625,0 days 00:14:49
2025-08-19 11:59:19-03:00,2025-08-19 12:21:31-03:00,TREN,9066.01953125,0 days 00:22:12
2025-08-19 12:25:34-03:00,2025-08-19 12:43:54-03:00,SUBTE,3977.38623046875,0 days 00:18:20
2025-08-19 15:06:40-03:00,2025-08-19 15:15:23-03:00,AUTO,1810.3154296875,0 days 00:08:43
2025-08-19 18:26:33-03:00,2025-08-19 19:42:25-03:00,COLECTIVO,26264.283203125,0 days 01:15:52
2025-08-20 12:53:24-03:00,2025-08-20 12:59:23-03:00,CAMINANDO,237.92311096191406,0 days 00:05:59
2025-08-20 12:59:23-03:00,2025-08-20 13:50:45-03:00,COLECTIVO,17936.6953125,0 days 00:51:22
2025-08-20 13:50:45-03:00,2025-08-20 13:55:16-03:00,CAMINANDO,124.3705825805664,0 days 00:04:31
2025-08-20 16:43:26-03:00,2025-08-20 16:55:46-03:00,CAMINANDO,344.9580078125,0 days 00:12:20
2025-08-20 17:08:27-03:00,2025-08-20 17:22:45-03:00,CAMINANDO,965.3734130859375,0 days 00:14:18
2025-08-20 18:38:06-03:00,2025-08-20 19:26:35-03:00,AUTO,28868.845703125,0 days 00:48:29
2025-08-20 21:13:28-03:00,2025-08-20 21:37:21-03:00,AUTO,4985.482421875,0 days 00:23:53
2025-08-20 23:39:10-03:00,2025-08-20 23:52:52-03:00,AUTO,8564.517578125,0 days 00:13:42
2025-08-21 13:48:04-03:00,2025-08-21 13:55:21-03:00,CAMINANDO,271.5132751464844,0 days 00:07:17
2025-08-21 13:55:21-03:00,2025-08-21 14:57:03-03:00,COLECTIVO,26783.70703125,0 days 01:01:42
2025-08-21 14:57:03-03:00,2025-08-21 15:08:56-03:00,CAMINANDO,578.2571411132812,0 days 00:11:53
2025-08-21 15:33:19-03:00,2025-08-21 15:35:00-03:00,CAMINANDO,162.3843536376953,0 days 00:01:41
2025-08-21 16:31:56-03:00,2025-08-21 16:46:10-03:00,COLECTIVO,1377.1646728515625,0 days 00:14:14
2025-08-21 17:41:55-03:00,2025-08-21 17:47:10-03:00,CAMINANDO,496.6566162109375,0 days 00:05:15
2025-08-21 17:54:04-03:00,2025-08-21 19:01:02-03:00,COLECTIVO,16888.365234375,0 days 01:06:58
2025-08-21 19:01:02-03:00,2025-08-21 19:09:06-03:00,CAMINANDO,331.4298095703125,0 days 00:08:04
2025-08-22 10:32:37-03:00,2025-08-22 11:23:20-03:00,COLECTIVO,12293.8935546875,0 days 00:50:43
2025-08-22 11:23:20-03:00,2025-08-22 11:32:54-03:00,CAMINANDO,1055.66796875,0 days 00:09:34
2025-08-22 12:21:58-03:00,2025-08-22 12:26:49-03:00,CAMINANDO,178.55374145507812,0 days 00:04:51
2025-08-22 13:27:53-03:00,2025-08-22 13:51:42-03:00,CAMINANDO,1424.8660888671875,0 days 00:23:49
2025-08-22 16:30:09-03:00,2025-08-22 16:42:04-03:00,CAMINANDO,2185.74755859375,0 days 00:11:55
2025-08-22 16:42:04-03:00,2025-08-22 17:44:01-03:00,COLECTIVO,17518.29296875,0 days 01:01:57
2025-08-22 17:44:01-03:00,2025-08-22 17:48:26-03:00,CAMINANDO,230.91152954101562,0 days 00:04:25
2025-08-22 19:22:31-03:00,2025-08-22 19:32:37-03:00,AUTO,2644.322265625,0 days 00:10:06
2025-08-23 15:09:09-03:00,2025-08-23 15:26:22-03:00,MOTO,2712.52734375,0 days 00:17:13
2025-08-23 17:48:02-03:00,2025-08-23 17:58:06-03:00,AUTO,3245.06640625,0 days 00:10:04
2025-08-23 19:08:09-03:00,2025-08-23 19:14:25-03:00,MOTO,2225.972900390625,0 days 00:06:16
2025-08-24 12:55:32-03:00,2025-08-24 13:05:48-03:00,AUTO,2704.244384765625,0 days 00:10:16
2025-08-24 13:16:44-03:00,2025-08-24 13:25:16-03:00,AUTO,3238.2314453125,0 days 00:08:32
2025-08-24 18:39:17-03:00,2025-08-24 19:06:23-03:00,AUTO,8694.1181640625,0 days 00:27:06
2025-08-25 13:03:49-03:00,2025-08-25 13:09:19-03:00,CAMINANDO,231.07522583007812,0 days 00:05:30
2025-08-25 13:09:19-03:00,2025-08-25 13:24:39-03:00,COLECTIVO,2886.711181640625,0 days 00:15:20
2025-08-25 13:26:55-03:00,2025-08-25 14:03:05-03:00,COLECTIVO,12188.201171875,0 days 00:36:10
2025-08-25 14:03:05-03:00,2025-08-25 14:09:37-03:00,CAMINANDO,516.9659423828125,0 days 00:06:32
2025-08-25 15:28:43-03:00,2025-08-25 15:59:56-03:00,CAMINANDO,1516.7265625,0 days 00:31:13
2025-08-25 18:48:56-03:00,2025-08-25 19:27:55-03:00,COLECTIVO,14308.3955078125,0 days 00:38:59
2025-08-26 12:04:51-03:00,2025-08-26 12:27:15-03:00,MOTO,11261.080078125,0 days 00:22:24
2025-08-26 12:53:54-03:00,2025-08-26 12:57:05-03:00,MOTO,168.75869750976562,0 days 00:03:11
2025-08-26 14:15:49-03:00,2025-08-26 14:21:04-03:00,MOTO,300.74249267578125,0 days 00:05:15
2025-08-26 14:28:02-03:00,2025-08-26 14:36:16-03:00,MOTO,2539.1513671875,0 days 00:08:14
2025-08-26 15:57:10-03:00,2025-08-26 16:23:47-03:00,MOTO,11873.3095703125,0 days 00:26:37
2025-08-26 16:27:20-03:00,2025-08-26 16:50:08-03:00,MOTO,4082.907958984375,0 days 00:22:48
2025-08-26 17:10:51-03:00,2025-08-26 17:21:35-03:00,MOTO,2879.709716796875,0 days 00:10:44
2025-08-26 18:36:15-03:00,2025-08-26 18:45:40-03:00,MOTO,2868.287841796875,0 days 00:09:25
2025-08-26 21:13:00-03:00,2025-08-26 21:37:09-03:00,AUTO,5433.2158203125,0 days 00:24:09
2025-08-27 09:55:57-03:00,2025-08-27 10:04:58-03:00,CAMINANDO,261.8974914550781,0 days 00:09:01
2025-08-27 10:04:58-03:00,2025-08-27 10:26:05-03:00,COLECTIVO,3503.927978515625,0 days 00:21:07
2025-08-27 10:32:47-03:00,2025-08-27 10:49:16-03:00,TREN,8715.3486328125,0 days 00:16:29
2025-08-27 10:51:17-03:00,2025-08-27 11:04:58-03:00,SUBTE,2446.944091796875,0 days 00:13:41
2025-08-27 11:04:58-03:00,2025-08-27 11:08:38-03:00,CAMINANDO,149.14703369140625,0 days 00:03:40
2025-08-27 12:27:20-03:00,2025-08-27 12:35:16-03:00,CAMINANDO,223.98703002929688,0 days 00:07:56
2025-08-27 14:37:34-03:00,2025-08-27 15:00:34-03:00,CAMINANDO,1146.3792724609375,0 days 00:23:00
2025-08-27 17:34:51-03:00,2025-08-27 17:43:35-03:00,COLECTIVO,3028.75244140625,0 days 00:08:44
2025-08-27 17:53:27-03:00,2025-08-27 19:00:20-03:00,COLECTIVO,18750.48046875,0 days 01:06:53
2025-08-27 19:00:20-03:00,2025-08-27 19:07:59-03:00,CAMINANDO,144.643310546875,0 days 00:07:39
2025-08-28 09:24:24-03:00,2025-08-28 09:42:44-03:00,CAMINANDO,275.8871765136719,0 days 00:18:20
2025-08-28 09:42:44-03:00,2025-08-28 10:36:25-03:00,COLECTIVO,14884.0537109375,0 days 00:53:41
2025-08-28 10:42:32-03:00,2025-08-28 10:53:41-03:00,CAMINANDO,747.7183837890625,0 days 00:11:09
2025-08-28 11:09:41-03:00,2025-08-28 11:12:29-03:00,CAMINANDO,189.90155029296875,0 days 00:02:48
2025-08-28 11:30:34-03:00,2025-08-28 11:38:32-03:00,CAMINANDO,136.00086975097656,0 days 00:07:58
2025-08-28 11:49:43-03:00,2025-08-28 12:16:58-03:00,CAMINANDO,1895.58056640625,0 days 00:27:15
2025-08-28 12:57:53-03:00,2025-08-28 13:13:36-03:00,CAMINANDO,437.23175048828125,0 days 00:15:43
2025-08-28 13:52:32-03:00,2025-08-28 14:10:05-03:00,CAMINANDO,1496.884765625,0 days 00:17:33
2025-08-28 15:47:27-03:00,2025-08-28 15:51:27-03:00,CAMINANDO,106.15821075439453,0 days 00:04:00
2025-08-28 16:02:31-03:00,2025-08-28 16:11:32-03:00,COLECTIVO,989.6927490234375,0 days 00:09:01
2025-08-28 17:28:57-03:00,2025-08-28 17:38:21-03:00,COLECTIVO,1453.2012939453125,0 days 00:09:24
2025-08-28 20:49:54-03:00,2025-08-28 21:32:05-03:00,AUTO,20229.9296875,0 days 00:42:11
2025-08-29 11:06:15-03:00,2025-08-29 11:12:16-03:00,CAMINANDO,182.02328491210938,0 days 00:06:01
2025-08-29 11:12:16-03:00,2025-08-29 11:48:30-03:00,COLECTIVO,11924.3330078125,0 days 00:36:14
2025-08-29 12:46:15-03:00,2025-08-29 12:51:10-03:00,AUTO,1071.663330078125,0 days 00:04:55
2025-08-29 16:07:38-03:00,2025-08-29 16:28:42-03:00,AUTO,3740.959228515625,0 days 00:21:04
2025-08-29 17:30:43-03:00,2025-08-29 17:39:46-03:00,AUTO,1562.539794921875,0 days 00:09:03
2025-08-29 20:39:40-03:00,2025-08-29 20:51:13-03:00,AUTO,506.4842834472656,0 days 00:11:33
2025-08-29 20:51:13-03:00,2025-08-29 21:56:37-03:00,COLECTIVO,16948.916015625,0 days 01:05:24
2025-08-29 22:46:57-03:00,2025-08-29 23:01:05-03:00,AUTO,4119.43408203125,0 days 00:14:08
2025-08-30 02:56:06-03:00,2025-08-30 03:03:15-03:00,AUTO,2114.02099609375,0 days 00:07:09
2025-08-30 15:18:59-03:00,2025-08-30 15:42:35-03:00,AUTO,316.08746337890625,0 days 00:23:36
2025-08-30 17:50:46-03:00,2025-08-30 18:01:52-03:00,MOTO,3345.0263671875,0 days 00:11:06
2025-08-30 19:14:17-03:00,2025-08-30 19:24:45-03:00,MOTO,2401.398193359375,0 days 00:10:28
2025-08-31 17:02:47-03:00,2025-08-31 17:07:43-03:00,CAMINANDO,214.25205993652344,0 days 00:04:56
2025-08-31 17:07:43-03:00,2025-08-31 17:16:10-03:00,COLECTIVO,2784.622802734375,0 days 00:08:27
2025-08-31 17:16:10-03:00,2025-08-31 17:24:19-03:00,CAMINANDO,402.99090576171875,0 days 00:08:09
2025-08-31 17:40:05-03:00,2025-08-31 17:53:31-03:00,AUTO,3632.3447265625,0 days 00:13:26
2025-08-31 20:03:06-03:00,2025-08-31 20:11:30-03:00,AUTO,2712.677001953125,0 days 00:08:24
2025-09-01 08:33:46-03:00,2025-09-01 09:33:27-03:00,AUTO,26938.9609375,0 days 00:59:41
2025-09-01 10:26:17-03:00,2025-09-01 11:06:43-03:00,AUTO,18140.751953125,0 days 00:40:26
2025-09-01 11:06:43-03:00,2025-09-01 11:21:34-03:00,CAMINANDO,525.5074462890625,0 days 00:14:51
2025-09-01 13:19:45-03:00,2025-09-01 13:27:07-03:00,CAMINANDO,522.090087890625,0 days 00:07:22
2025-09-01 14:02:00-03:00,2025-09-01 14:16:01-03:00,CAMINANDO,1015.9159545898438,0 days 00:14:01
2025-09-01 14:57:02-03:00,2025-09-01 15:05:53-03:00,CAMINANDO,492.6304931640625,0 days 00:08:51
2025-09-01 15:05:53-03:00,2025-09-01 15:18:18-03:00,COLECTIVO,1273.92333984375,0 days 00:12:25
2025-09-01 17:01:12-03:00,2025-09-01 17:12:36-03:00,CAMINANDO,297.4677734375,0 days 00:11:24
2025-09-01 17:12:36-03:00,2025-09-01 18:07:45-03:00,AUTO,15014.646484375,0 days 00:55:09
2025-09-01 18:07:45-03:00,2025-09-01 18:12:47-03:00,COLECTIVO,15.042679786682129,0 days 00:05:02
2025-09-02 07:30:21-03:00,2025-09-02 07:33:00-03:00,CAMINANDO,150.1971435546875,0 days 00:02:39
2025-09-02 07:33:00-03:00,2025-09-02 08:11:25-03:00,COLECTIVO,13037.8076171875,0 days 00:38:25
2025-09-02 09:35:08-03:00,2025-09-02 10:16:57-03:00,AUTO,15203.6494140625,0 days 00:41:49
2025-09-02 10:16:57-03:00,2025-09-02 10:33:03-03:00,CAMINANDO,441.8753967285156,0 days 00:16:06
2025-09-02 10:45:13-03:00,2025-09-02 10:49:13-03:00,CAMINANDO,297.5702209472656,0 days 00:04:00
2025-09-02 10:54:49-03:00,2025-09-02 12:41:52-03:00,AUTO,33005.09765625,0 days 01:47:03
2025-09-02 14:04:23-03:00,2025-09-02 14:34:59-03:00,AUTO,17482.234375,0 days 00:30:36
2025-09-02 16:49:11-03:00,2025-09-02 17:01:38-03:00,AUTO,2155.34033203125,0 days 00:12:27
2025-09-02 17:07:33-03:00,2025-09-02 18:19:54-03:00,COLECTIVO,17075.19140625,0 days 01:12:21
2025-09-02 19:21:41-03:00,2025-09-02 19:25:42-03:00,CAMINANDO,197.5428009033203,0 days 00:04:01
2025-09-02 19:33:24-03:00,2025-09-02 19:35:24-03:00,CAMINANDO,128.87294006347656,0 days 00:02:00
2025-09-03 11:13:12-03:00,2025-09-03 11:23:47-03:00,CAMINANDO,137.12466430664062,0 days 00:10:35
2025-09-03 11:23:47-03:00,2025-09-03 12:21:02-03:00,COLECTIVO,9230.9326171875,0 days 00:57:15
2025-09-03 13:16:22-03:00,2025-09-03 13:27:58-03:00,CAMINANDO,667.0902099609375,0 days 00:11:36
2025-09-03 17:09:55-03:00,2025-09-03 17:20:51-03:00,COLECTIVO,1867.607666015625,0 days 00:10:56
2025-09-03 17:28:52-03:00,2025-09-03 18:32:38-03:00,COLECTIVO,18148.8125,0 days 01:03:46
2025-09-04 10:25:54-03:00,2025-09-04 10:30:59-03:00,CAMINANDO,209.7117462158203,0 days 00:05:05
2025-09-04 10:30:59-03:00,2025-09-04 11:18:26-03:00,COLECTIVO,15298.1396484375,0 days 00:47:27
2025-09-04 11:18:26-03:00,2025-09-04 11:22:26-03:00,CAMINANDO,175.55032348632812,0 days 00:04:00
2025-09-04 13:54:51-03:00,2025-09-04 14:03:32-03:00,CAMINANDO,549.1823120117188,0 days 00:08:41
2025-09-04 14:20:21-03:00,2025-09-04 14:41:07-03:00,CAMINANDO,1189.7506103515625,0 days 00:20:46
2025-09-04 18:07:49-03:00,2025-09-04 18:13:13-03:00,CAMINANDO,518.3644409179688,0 days 00:05:24
2025-09-04 18:30:59-03:00,2025-09-04 19:53:39-03:00,COLECTIVO,17031.0625,0 days 01:22:40
2025-09-04 19:53:39-03:00,2025-09-04 19:57:39-03:00,CAMINANDO,186.2610321044922,0 days 00:04:00
2025-09-05 11:19:58-03:00,2025-09-05 11:37:43-03:00,CAMINANDO,253.40179443359375,0 days 00:17:45
2025-09-05 11:37:43-03:00,2025-09-05 12:21:53-03:00,AUTO,17285.25,0 days 00:44:10
2025-09-05 14:35:12-03:00,2025-09-05 15:02:46-03:00,CAMINANDO,1305.3701171875,0 days 00:27:34
2025-09-05 17:38:12-03:00,2025-09-05 18:26:15-03:00,CAMINANDO,1321.38134765625,0 days 00:48:03
2025-09-05 18:26:15-03:00,2025-09-05 19:37:50-03:00,COLECTIVO,22089.388671875,0 days 01:11:35
2025-09-05 19:37:50-03:00,2025-09-05 19:51:20-03:00,CAMINANDO,169.17518615722656,0 days 00:13:30
2025-09-06 13:49:13-03:00,2025-09-06 14:02:11-03:00,AUTO,2633.599853515625,0 days 00:12:58
2025-09-06 15:04:57-03:00,2025-09-06 15:18:02-03:00,CAMINANDO,366.607421875,0 days 00:13:05
2025-09-06 17:57:39-03:00,2025-09-06 18:08:19-03:00,AUTO,3464.8466796875,0 days 00:10:40
2025-09-06 19:10:20-03:00,2025-09-06 19:20:05-03:00,AUTO,1886.621826171875,0 days 00:09:45
2025-09-07 09:43:42-03:00,2025-09-07 09:57:05-03:00,CAMINANDO,944.427734375,0 days 00:13:23
2025-09-07 10:07:06-03:00,2025-09-07 10:15:56-03:00,CAMINANDO,766.573974609375,0 days 00:08:50
2025-09-07 10:21:24-03:00,2025-09-07 10:26:44-03:00,CAMINANDO,175.8345489501953,0 days 00:05:20
2025-09-08 11:04:28-03:00,2025-09-08 11:08:43-03:00,CAMINANDO,121.6084213256836,0 days 00:04:15
2025-09-08 11:08:43-03:00,2025-09-08 12:05:26-03:00,COLECTIVO,16817.01953125,0 days 00:56:43
2025-09-08 16:27:52-03:00,2025-09-08 16:37:39-03:00,CAMINANDO,1300.4027099609375,0 days 00:09:47
2025-09-08 16:46:53-03:00,2025-09-08 17:56:18-03:00,COLECTIVO,16848.95703125,0 days 01:09:25
2025-09-09 13:13:45-03:00,2025-09-09 13:36:10-03:00,AUTO,6246.45166015625,0 days 00:22:25
2025-09-09 14:13:06-03:00,2025-09-09 14:15:08-03:00,CAMINANDO,142.25180053710938,0 days 00:02:02
2025-09-09 14:23:07-03:00,2025-09-09 14:45:01-03:00,AUTO,8395.6005859375,0 days 00:21:54
2025-09-09 15:30:22-03:00,2025-09-09 15:42:28-03:00,AUTO,1187.08544921875,0 days 00:12:06
2025-09-09 16:19:17-03:00,2025-09-09 16:39:39-03:00,AUTO,1769.8780517578125,0 days 00:20:22
2025-09-09 17:42:28-03:00,2025-09-09 18:03:38-03:00,COLECTIVO,2394.2490234375,0 days 00:21:10
2025-09-09 18:09:11-03:00,2025-09-09 19:12:28-03:00,COLECTIVO,19381.419921875,0 days 01:03:17
2025-09-09 19:12:28-03:00,2025-09-09 19:18:34-03:00,CAMINANDO,233.9817352294922,0 days 00:06:06
2025-09-10 11:16:06-03:00,2025-09-10 12:16:28-03:00,CAMINANDO,766.90283203125,0 days 01:00:22
2025-09-10 12:16:28-03:00,2025-09-10 12:31:47-03:00,COLECTIVO,2234.336669921875,0 days 00:15:19
2025-09-10 12:31:47-03:00,2025-09-10 12:47:43-03:00,TREN,8949.44921875,0 days 00:15:56
2025-09-10 12:51:00-03:00,2025-09-10 13:01:53-03:00,SUBTE,2135.6298828125,0 days 00:10:53
2025-09-10 13:05:40-03:00,2025-09-10 13:14:08-03:00,COLECTIVO,2721.466552734375,0 days 00:08:28
2025-09-10 13:39:15-03:00,2025-09-10 14:01:16-03:00,CAMINANDO,3329.963134765625,0 days 00:22:01
2025-09-10 17:34:07-03:00,2025-09-10 19:17:34-03:00,COLECTIVO,20605.8671875,0 days 01:43:27
2025-09-11 10:48:51-03:00,2025-09-11 10:54:01-03:00,CAMINANDO,241.64779663085938,0 days 00:05:10
2025-09-11 10:54:01-03:00,2025-09-11 11:11:54-03:00,COLECTIVO,4240.44775390625,0 days 00:17:53
2025-09-11 11:11:54-03:00,2025-09-11 11:13:54-03:00,CAMINANDO,65.26158142089844,0 days 00:02:00
2025-09-11 11:29:29-03:00,2025-09-11 11:39:34-03:00,AUTO,3348.0830078125,0 days 00:10:05
2025-09-11 11:49:14-03:00,2025-09-11 12:10:47-03:00,AUTO,8196.18359375,0 days 00:21:33
2025-09-11 13:20:45-03:00,2025-09-11 13:40:23-03:00,AUTO,3951.03759765625,0 days 00:19:38
2025-09-11 14:10:19-03:00,2025-09-11 14:24:35-03:00,CAMINANDO,1078.9727783203125,0 days 00:14:16
2025-09-11 15:41:26-03:00,2025-09-11 15:59:28-03:00,CAMINANDO,1830.0892333984375,0 days 00:18:02
2025-09-11 17:01:03-03:00,2025-09-11 17:09:03-03:00,CAMINANDO,328.8087158203125,0 days 00:08:00
2025-09-11 17:09:03-03:00,2025-09-11 17:18:30-03:00,SUBTE,1514.44970703125,0 days 00:09:27
2025-09-11 17:34:07-03:00,2025-09-11 18:09:16-03:00,AUTO,14505.5107421875,0 days 00:35:09
2025-09-11 21:49:43-03:00,2025-09-11 22:06:26-03:00,AUTO,5303.88525390625,0 days 00:16:43
2025-09-12 00:04:51-03:00,2025-09-12 00:20:48-03:00,AUTO,5571.21875,0 days 00:15:57
2025-09-12 12:19:10-03:00,2025-09-12 12:35:46-03:00,COLECTIVO,2861.657958984375,0 days 00:16:36
2025-09-12 12:35:46-03:00,2025-09-12 12:52:25-03:00,TREN,9201.197265625,0 days 00:16:39
2025-09-12 12:52:25-03:00,2025-09-12 13:01:20-03:00,AUTO,1349.779541015625,0 days 00:08:55
2025-09-12 14:05:44-03:00,2025-09-12 14:17:50-03:00,AUTO,3876.970703125,0 days 00:12:06
2025-09-12 15:23:38-03:00,2025-09-12 15:26:15-03:00,CAMINANDO,253.52085876464844,0 days 00:02:37
2025-09-12 17:28:33-03:00,2025-09-12 17:37:25-03:00,CAMINANDO,608.3103637695312,0 days 00:08:52
2025-09-12 17:37:25-03:00,2025-09-12 18:42:36-03:00,COLECTIVO,21874.615234375,0 days 01:05:11
2025-09-12 19:34:42-03:00,2025-09-12 19:42:40-03:00,AUTO,1727.396484375,0 days 00:07:58
2025-09-13 13:15:48-03:00,2025-09-13 13:25:41-03:00,AUTO,2923.538330078125,0 days 00:09:53
2025-09-13 14:29:15-03:00,2025-09-13 14:53:57-03:00,MOTO,26479.474609375,0 days 00:24:42
2025-09-13 20:10:37-03:00,2025-09-13 20:14:37-03:00,AUTO,126.88140869140625,0 days 00:04:00
2025-09-13 20:14:37-03:00,2025-09-13 20:31:33-03:00,MOTO,6748.7880859375,0 days 00:16:56
2025-09-13 20:37:22-03:00,2025-09-13 21:13:45-03:00,MOTO,30740.15234375,0 days 00:36:23
2025-09-14 02:48:55-03:00,2025-09-14 03:11:17-03:00,MOTO,11748.1689453125,0 days 00:22:22
2025-09-14 13:07:26-03:00,2025-09-14 13:14:48-03:00,AUTO,1481.9466552734375,0 days 00:07:22
2025-09-14 13:19:43-03:00,2025-09-14 13:37:59-03:00,AUTO,3145.134765625,0 days 00:18:16
2025-09-14 16:40:21-03:00,2025-09-14 17:03:04-03:00,AUTO,7585.189453125,0 days 00:22:43
2025-09-14 20:26:55-03:00,2025-09-14 20:31:50-03:00,AUTO,2558.4375,0 days 00:04:55
2025-09-15 13:01:39-03:00,2025-09-15 13:34:04-03:00,MOTO,14106.78125,0 days 00:32:25
2025-09-15 17:31:43-03:00,2025-09-15 17:37:47-03:00,AUTO,161.9806671142578,0 days 00:06:04
2025-09-15 17:37:47-03:00,2025-09-15 18:13:27-03:00,MOTO,22097.380859375,0 days 00:35:40
2025-09-15 19:08:22-03:00,2025-09-15 19:25:55-03:00,MOTO,5007.14697265625,0 days 00:17:33
2025-09-16 10:41:29-03:00,2025-09-16 10:56:27-03:00,MOTO,6152.076171875,0 days 00:14:58
2025-09-16 11:22:11-03:00,2025-09-16 11:41:48-03:00,MOTO,7821.39501953125,0 days 00:19:37
2025-09-16 15:27:32-03:00,2025-09-16 15:41:21-03:00,CAMINANDO,584.4140625,0 days 00:13:49
2025-09-16 16:01:28-03:00,2025-09-16 16:14:13-03:00,CAMINANDO,884.159423828125,0 days 00:12:45
2025-09-16 17:04:30-03:00,2025-09-16 17:52:22-03:00,AUTO,20135.625,0 days 00:47:52
2025-09-16 18:37:46-03:00,2025-09-16 18:51:55-03:00,AUTO,5622.58984375,0 days 00:14:09
2025-09-17 10:00:44-03:00,2025-09-17 10:06:19-03:00,CAMINANDO,133.41439819335938,0 days 00:05:35
2025-09-17 10:06:19-03:00,2025-09-17 10:19:45-03:00,COLECTIVO,2955.509765625,0 days 00:13:26
2025-09-17 10:23:11-03:00,2025-09-17 10:40:35-03:00,TREN,8879.083984375,0 days 00:17:24
2025-09-17 10:40:35-03:00,2025-09-17 10:53:06-03:00,COLECTIVO,1459.60546875,0 days 00:12:31
2025-09-17 18:14:30-03:00,2025-09-17 18:45:25-03:00,AUTO,11934.3916015625,0 days 00:30:55
2025-09-18 09:40:42-03:00,2025-09-18 10:11:18-03:00,AUTO,12160.2578125,0 days 00:30:36
2025-09-18 17:18:40-03:00,2025-09-18 17:55:46-03:00,MOTO,16407.07421875,0 days 00:37:06
2025-09-18 18:30:12-03:00,2025-09-18 18:44:28-03:00,MOTO,5449.4892578125,0 days 00:14:16
2025-09-19 10:02:09-03:00,2025-09-19 10:09:28-03:00,CAMINANDO,259.7694396972656,0 days 00:07:19
2025-09-19 10:09:28-03:00,2025-09-19 11:12:35-03:00,COLECTIVO,17017.923828125,0 days 01:03:07
2025-09-19 14:42:42-03:00,2025-09-19 15:03:04-03:00,CAMINANDO,984.3934936523438,0 days 00:20:22
2025-09-19 16:20:29-03:00,2025-09-19 16:33:24-03:00,CAMINANDO,876.91162109375,0 days 00:12:55
2025-09-19 16:35:52-03:00,2025-09-19 17:24:10-03:00,COLECTIVO,12091.3037109375,0 days 00:48:18
2025-09-19 17:29:45-03:00,2025-09-19 17:39:28-03:00,TREN,5976.65869140625,0 days 00:09:43
2025-09-19 17:49:53-03:00,2025-09-19 18:00:51-03:00,COLECTIVO,5967.9951171875,0 days 00:10:58
2025-09-19 18:00:51-03:00,2025-09-19 18:08:54-03:00,CAMINANDO,407.5018310546875,0 days 00:08:03
2025-09-19 19:38:02-03:00,2025-09-19 19:47:21-03:00,AUTO,1905.0401611328125,0 days 00:09:19
2025-09-20 12:26:27-03:00,2025-09-20 12:37:33-03:00,AUTO,3049.176513671875,0 days 00:11:06
2025-09-20 16:19:13-03:00,2025-09-20 17:40:09-03:00,COLECTIVO,15764.55078125,0 days 01:20:56
2025-09-20 17:54:55-03:00,2025-09-20 18:29:39-03:00,AUTO,17652.083984375,0 days 00:34:44
2025-09-20 19:19:18-03:00,2025-09-20 19:53:12-03:00,AUTO,13427.11328125,0 days 00:33:54
2025-09-20 21:02:21-03:00,2025-09-20 21:15:39-03:00,AUTO,4104.9130859375,0 days 00:13:18
2025-09-21 05:27:42-03:00,2025-09-21 05:44:21-03:00,AUTO,7765.55908203125,0 days 00:16:39
2025-09-21 05:48:26-03:00,2025-09-21 06:10:08-03:00,AUTO,8238.130859375,0 days 00:21:42
2025-09-21 11:30:16-03:00,2025-09-21 12:37:57-03:00,AUTO,28520.177734375,0 days 01:07:41
2025-09-21 14:40:57-03:00,2025-09-21 14:54:31-03:00,AUTO,2197.10400390625,0 days 00:13:34
2025-09-21 17:44:43-03:00,2025-09-21 18:23:27-03:00,AUTO,12820.9072265625,0 days 00:38:44
2025-09-21 18:52:34-03:00,2025-09-21 19:13:16-03:00,COLECTIVO,4495.72509765625,0 days 00:20:42
2025-09-21 19:52:53-03:00,2025-09-21 20:08:29-03:00,COLECTIVO,3503.498291015625,0 days 00:15:36
2025-09-21 20:23:23-03:00,2025-09-21 21:09:38-03:00,COLECTIVO,10494.25390625,0 days 00:46:15
2025-09-21 21:09:38-03:00,2025-09-21 21:14:55-03:00,CAMINANDO,398.4102783203125,0 days 00:05:17
2025-09-22 11:41:07-03:00,2025-09-22 11:47:46-03:00,CAMINANDO,138.99508666992188,0 days 00:06:39
2025-09-22 11:47:46-03:00,2025-09-22 12:36:36-03:00,COLECTIVO,14563.7041015625,0 days 00:48:50
2025-09-22 12:36:36-03:00,2025-09-22 12:44:35-03:00,CAMINANDO,550.2198486328125,0 days 00:07:59
2025-09-22 15:06:58-03:00,2025-09-22 15:27:24-03:00,CAMINANDO,1065.92236328125,0 days 00:20:26
2025-09-22 16:35:44-03:00,2025-09-22 16:55:17-03:00,CAMINANDO,2121.746826171875,0 days 00:19:33
2025-09-22 16:55:17-03:00,2025-09-22 18:03:38-03:00,COLECTIVO,16719.3984375,0 days 01:08:21
2025-09-23 11:01:19-03:00,2025-09-23 11:08:29-03:00,CAMINANDO,421.61749267578125,0 days 00:07:10
2025-09-23 11:08:29-03:00,2025-09-23 11:41:24-03:00,COLECTIVO,7725.287109375,0 days 00:32:55
2025-09-23 11:41:24-03:00,2025-09-23 11:43:25-03:00,CAMINANDO,75.91649627685547,0 days 00:02:01
2025-09-23 13:08:51-03:00,2025-09-23 13:13:31-03:00,CAMINANDO,278.4907531738281,0 days 00:04:40
2025-09-23 13:13:31-03:00,2025-09-23 13:47:04-03:00,COLECTIVO,20362.306640625,0 days 00:33:33
2025-09-23 13:47:04-03:00,2025-09-23 13:57:41-03:00,CAMINANDO,400.3064880371094,0 days 00:10:37
2025-09-23 17:03:57-03:00,2025-09-23 17:38:51-03:00,CAMINANDO,1529.9176025390625,0 days 00:34:54
2025-09-23 17:38:51-03:00,2025-09-23 18:50:20-03:00,COLECTIVO,16606.361328125,0 days 01:11:29
2025-09-23 18:50:20-03:00,2025-09-23 19:08:10-03:00,CAMINANDO,659.4036865234375,0 days 00:17:50
2025-09-24 11:32:22-03:00,2025-09-24 11:36:38-03:00,CAMINANDO,144.3352508544922,0 days 00:04:16
2025-09-24 11:36:38-03:00,2025-09-24 12:19:16-03:00,COLECTIVO,14617.1396484375,0 days 00:42:38
2025-09-24 12:19:16-03:00,2025-09-24 12:30:01-03:00,CAMINANDO,780.490234375,0 days 00:10:45
2025-09-24 13:40:53-03:00,2025-09-24 13:46:21-03:00,CAMINANDO,278.7755126953125,0 days 00:05:28
2025-09-24 14:00:36-03:00,2025-09-24 14:05:52-03:00,CAMINANDO,315.7118835449219,0 days 00:05:16
2025-09-24 14:10:38-03:00,2025-09-24 14:26:25-03:00,CAMINANDO,538.1117553710938,0 days 00:15:47
2025-09-24 18:12:47-03:00,2025-09-24 19:19:29-03:00,COLECTIVO,14312.515625,0 days 01:06:42
2025-09-24 20:35:25-03:00,2025-09-24 21:05:40-03:00,MOTO,13879.9365234375,0 days 00:30:15
2025-09-24 23:29:26-03:00,2025-09-25 00:00:50-03:00,MOTO,13121.423828125,0 days 00:31:24
2025-09-25 10:45:04-03:00,2025-09-25 10:50:16-03:00,CAMINANDO,125.61355590820312,0 days 00:05:12
2025-09-25 10:50:16-03:00,2025-09-25 11:50:57-03:00,COLECTIVO,16809.83984375,0 days 01:00:41
2025-09-25 11:50:57-03:00,2025-09-25 11:52:58-03:00,CAMINANDO,152.7273406982422,0 days 00:02:01
2025-09-25 15:00:02-03:00,2025-09-25 15:05:23-03:00,CAMINANDO,378.464111328125,0 days 00:05:21
2025-09-25 15:52:42-03:00,2025-09-25 16:00:51-03:00,CAMINANDO,305.9713134765625,0 days 00:08:09
2025-09-25 16:00:51-03:00,2025-09-25 16:08:36-03:00,COLECTIVO,1346.3365478515625,0 days 00:07:45
2025-09-25 17:30:13-03:00,2025-09-25 18:15:54-03:00,COLECTIVO,16927.388671875,0 days 00:45:41
2025-09-25 18:21:11-03:00,2025-09-25 18:31:43-03:00,COLECTIVO,2249.312255859375,0 days 00:10:32
2025-09-26 09:50:37-03:00,2025-09-26 10:24:09-03:00,MOTO,14054.7958984375,0 days 00:33:32
2025-09-26 10:24:09-03:00,2025-09-26 10:41:45-03:00,SUBTE,1343.714599609375,0 days 00:17:36
2025-09-26 10:41:45-03:00,2025-09-26 10:45:12-03:00,CAMINANDO,130.70034790039062,0 days 00:03:27
2025-09-26 11:19:37-03:00,2025-09-26 11:45:17-03:00,AUTO,981.26416015625,0 days 00:25:40
2025-09-26 12:22:45-03:00,2025-09-26 12:49:46-03:00,AUTO,12619.9375,0 days 00:27:01
2025-09-26 13:01:13-03:00,2025-09-26 13:40:01-03:00,CAMINANDO,2126.726318359375,0 days 00:38:48
2025-09-26 16:56:39-03:00,2025-09-26 17:03:31-03:00,CAMINANDO,197.54212951660156,0 days 00:06:52
2025-09-26 17:03:31-03:00,2025-09-26 17:39:55-03:00,MOTO,14374.935546875,0 days 00:36:24
2025-09-26 23:06:33-03:00,2025-09-26 23:20:04-03:00,MOTO,3649.681396484375,0 days 00:13:31
2025-09-27 17:46:57-03:00,2025-09-27 17:56:51-03:00,AUTO,2322.253173828125,0 days 00:09:54
2025-09-27 18:50:44-03:00,2025-09-27 18:56:19-03:00,CAMINANDO,363.18133544921875,0 days 00:05:35
2025-09-27 18:56:19-03:00,2025-09-27 19:05:23-03:00,COLECTIVO,2052.89306640625,0 days 00:09:04
2025-09-27 19:10:28-03:00,2025-09-27 19:14:43-03:00,CAMINANDO,174.15818786621094,0 days 00:04:15
2025-09-28 13:22:44-03:00,2025-09-28 13:47:01-03:00,MOTO,4398.3603515625,0 days 00:24:17
2025-09-29 08:35:49-03:00,2025-09-29 09:41:33-03:00,AUTO,26795.59765625,0 days 01:05:44
2025-09-29 10:13:47-03:00,2025-09-29 10:37:50-03:00,AUTO,15981.90625,0 days 00:24:03
2025-09-29 11:26:21-03:00,2025-09-29 12:09:52-03:00,COLECTIVO,3340.972900390625,0 days 00:43:31
2025-09-29 17:29:58-03:00,2025-09-29 18:22:50-03:00,AUTO,27113.740234375,0 days 00:52:52
2025-09-29 18:58:17-03:00,2025-09-29 19:18:16-03:00,AUTO,5439.5126953125,0 days 00:19:59
2025-09-29 20:44:18-03:00,2025-09-29 21:00:24-03:00,AUTO,5409.13916015625,0 days 00:16:06
2025-09-29 23:50:44-03:00,2025-09-30 00:08:06-03:00,AUTO,5456.79248046875,0 days 00:17:22
2025-09-30 08:57:41-03:00,2025-09-30 09:00:28-03:00,CAMINANDO,119.76715850830078,0 days 00:02:47
2025-09-30 09:00:28-03:00,2025-09-30 10:13:35-03:00,AUTO,21644.546875,0 days 01:13:07
2025-09-30 10:13:35-03:00,2025-09-30 10:28:57-03:00,CAMINANDO,848.0115966796875,0 days 00:15:22
2025-09-30 11:41:51-03:00,2025-09-30 11:53:18-03:00,CAMINANDO,741.352783203125,0 days 00:11:27
2025-09-30 16:47:28-03:00,2025-09-30 17:51:03-03:00,COLECTIVO,20052.90625,0 days 01:03:35
2025-09-30 17:54:40-03:00,2025-09-30 17:57:21-03:00,AUTO,285.8221130371094,0 days 00:02:41
2025-10-01 00:16:34-03:00,2025-10-01 01:11:39-03:00,AUTO,57435.5703125,0 days 00:55:05
2025-10-01 01:42:44-03:00,2025-10-01 02:30:27-03:00,AUTO,57182.19140625,0 days 00:47:43
2025-10-01 09:44:10-03:00,2025-10-01 10:23:43-03:00,AUTO,14387.814453125,0 days 00:39:33
2025-10-01 10:45:49-03:00,2025-10-01 11:21:34-03:00,AUTO,18501.205078125,0 days 00:35:45
2025-10-01 12:19:11-03:00,2025-10-01 12:54:14-03:00,AUTO,14555.376953125,0 days 00:35:03
2025-10-01 16:27:16-03:00,2025-10-01 17:17:38-03:00,AUTO,14229.896484375,0 days 00:50:22
2025-10-02 08:33:53-03:00,2025-10-02 09:29:38-03:00,AUTO,27325.009765625,0 days 00:55:45
2025-10-02 09:46:36-03:00,2025-10-02 10:33:43-03:00,AUTO,53443.78515625,0 days 00:47:07
2025-10-02 10:50:03-03:00,2025-10-02 11:33:00-03:00,AUTO,45525.47265625,0 days 00:42:57
2025-10-02 12:28:53-03:00,2025-10-02 13:56:46-03:00,AUTO,101061.109375,0 days 01:27:53
2025-10-02 17:32:22-03:00,2025-10-02 18:28:41-03:00,AUTO,24426.4296875,0 days 00:56:19
2025-10-02 19:40:27-03:00,2025-10-02 19:46:35-03:00,AUTO,2545.3046875,0 days 00:06:08
2025-10-03 09:29:02-03:00,2025-10-03 10:19:01-03:00,AUTO,12692.57421875,0 days 00:49:59
2025-10-03 13:33:30-03:00,2025-10-03 13:36:40-03:00,AUTO,455.7671813964844,0 days 00:03:10
2025-10-03 14:47:41-03:00,2025-10-03 15:06:57-03:00,AUTO,3821.682861328125,0 days 00:19:16
2025-10-03 17:34:57-03:00,2025-10-03 19:51:42-03:00,COLECTIVO,33400.8125,0 days 02:16:45
2025-10-03 20:45:56-03:00,2025-10-03 20:55:19-03:00,AUTO,2144.279541015625,0 days 00:09:23
2025-10-04 14:20:24-03:00,2025-10-04 14:29:06-03:00,COLECTIVO,2610.3857421875,0 days 00:08:42
2025-10-04 14:29:06-03:00,2025-10-04 14:30:07-03:00,AUTO,89.91915893554688,0 days 00:01:01
2025-10-04 17:23:03-03:00,2025-10-04 17:32:02-03:00,AUTO,2548.21630859375,0 days 00:08:59
2025-10-04 17:36:38-03:00,2025-10-04 18:25:17-03:00,AUTO,28947.580078125,0 days 00:48:39
2025-10-04 19:18:42-03:00,2025-10-04 20:00:28-03:00,AUTO,27539.22265625,0 days 00:41:46
2025-10-06 09:18:38-03:00,2025-10-06 09:26:10-03:00,AUTO,1945.348388671875,0 days 00:07:32
2025-10-06 09:33:45-03:00,2025-10-06 10:24:07-03:00,AUTO,24963.685546875,0 days 00:50:22
2025-10-06 10:29:17-03:00,2025-10-06 11:13:17-03:00,TREN,16597.91796875,0 days 00:44:00
2025-10-06 11:13:17-03:00,2025-10-06 11:15:18-03:00,CAMINANDO,148.89187622070312,0 days 00:02:01
2025-10-06 13:23:49-03:00,2025-10-06 13:49:46-03:00,CAMINANDO,1535.2078857421875,0 days 00:25:57
2025-10-06 15:05:46-03:00,2025-10-06 15:24:49-03:00,CAMINANDO,144.47567749023438,0 days 00:19:03
2025-10-06 16:18:22-03:00,2025-10-06 16:27:11-03:00,CAMINANDO,133.80274963378906,0 days 00:08:49
2025-10-06 16:27:11-03:00,2025-10-06 18:01:18-03:00,COLECTIVO,17665.095703125,0 days 01:34:07
2025-10-07 09:04:02-03:00,2025-10-07 09:08:45-03:00,CAMINANDO,240.36192321777344,0 days 00:04:43
2025-10-07 09:14:50-03:00,2025-10-07 09:25:41-03:00,COLECTIVO,2693.9765625,0 days 00:10:51
2025-10-07 09:33:46-03:00,2025-10-07 09:48:26-03:00,TREN,9033.162109375,0 days 00:14:40
2025-10-07 09:53:42-03:00,2025-10-07 10:05:31-03:00,SUBTE,2565.03271484375,0 days 00:11:49
2025-10-07 10:11:26-03:00,2025-10-07 10:15:26-03:00,SUBTE,552.6182250976562,0 days 00:04:00
2025-10-07 11:06:34-03:00,2025-10-07 11:10:06-03:00,CAMINANDO,135.49850463867188,0 days 00:03:32
2025-10-07 12:23:07-03:00,2025-10-07 12:30:10-03:00,CAMINANDO,319.82647705078125,0 days 00:07:03
2025-10-07 14:14:12-03:00,2025-10-07 14:38:56-03:00,CAMINANDO,1334.99853515625,0 days 00:24:44
2025-10-07 17:13:38-03:00,2025-10-07 18:14:46-03:00,COLECTIVO,15864.9375,0 days 01:01:08
2025-10-07 18:14:46-03:00,2025-10-07 18:19:16-03:00,CAMINANDO,296.3623352050781,0 days 00:04:30
2025-10-08 09:52:24-03:00,2025-10-08 10:03:02-03:00,CAMINANDO,72.50559997558594,0 days 00:10:38
2025-10-08 10:09:49-03:00,2025-10-08 11:05:37-03:00,COLECTIVO,15985.45703125,0 days 00:55:48
2025-10-08 11:05:37-03:00,2025-10-08 11:15:40-03:00,CAMINANDO,723.0314331054688,0 days 00:10:03
2025-10-08 12:32:03-03:00,2025-10-08 12:57:54-03:00,CAMINANDO,2478.780029296875,0 days 00:25:51
2025-10-08 13:19:38-03:00,2025-10-08 13:34:42-03:00,CAMINANDO,1245.32861328125,0 days 00:15:04
2025-10-08 15:39:48-03:00,2025-10-08 15:41:49-03:00,CAMINANDO,107.29524230957031,0 days 00:02:01
2025-10-08 16:07:37-03:00,2025-10-08 16:08:59-03:00,CAMINANDO,136.74374389648438,0 days 00:01:22
2025-10-08 16:17:45-03:00,2025-10-08 16:34:30-03:00,COLECTIVO,1645.224609375,0 days 00:16:45
2025-10-08 17:39:53-03:00,2025-10-08 18:56:30-03:00,COLECTIVO,19685.8515625,0 days 01:16:37
2025-10-08 19:01:31-03:00,2025-10-08 19:04:34-03:00,CAMINANDO,164.90170288085938,0 days 00:03:03
2025-10-09 10:37:19-03:00,2025-10-09 11:04:15-03:00,MOTO,13761.4248046875,0 days 00:26:56
2025-10-09 11:14:12-03:00,2025-10-09 11:25:54-03:00,SUBTE,1032.9932861328125,0 days 00:11:42
2025-10-09 11:25:54-03:00,2025-10-09 11:35:18-03:00,CAMINANDO,267.42919921875,0 days 00:09:24
2025-10-09 15:12:57-03:00,2025-10-09 15:22:57-03:00,CAMINANDO,697.5057373046875,0 days 00:10:00
2025-10-09 15:44:41-03:00,2025-10-09 16:03:06-03:00,CAMINANDO,156.7740478515625,0 days 00:18:25
2025-10-09 17:00:59-03:00,2025-10-09 17:07:49-03:00,MOTO,786.820068359375,0 days 00:06:50
2025-10-09 17:45:59-03:00,2025-10-09 18:33:37-03:00,MOTO,17110.47265625,0 days 00:47:38
2025-10-09 19:55:36-03:00,2025-10-09 19:59:36-03:00,CAMINANDO,134.37725830078125,0 days 00:04:00
2025-10-10 16:07:02-03:00,2025-10-10 16:38:34-03:00,MOTO,16893.318359375,0 days 00:31:32
2025-10-10 18:16:18-03:00,2025-10-10 18:45:42-03:00,CYCLING,11055.4384765625,0 days 00:29:24
2025-10-10 18:58:20-03:00,2025-10-10 19:13:44-03:00,CYCLING,5488.5283203125,0 days 00:15:24
2025-10-11 13:50:27-03:00,2025-10-11 14:00:19-03:00,AUTO,2144.64111328125,0 days 00:09:52
2025-10-11 14:35:23-03:00,2025-10-11 14:53:10-03:00,MOTO,3202.474609375,0 days 00:17:47
2025-10-11 17:50:29-03:00,2025-10-11 18:02:28-03:00,MOTO,3942.593505859375,0 days 00:11:59
2025-10-11 18:08:14-03:00,2025-10-11 18:20:50-03:00,MOTO,1268.821044921875,0 days 00:12:36
2025-10-11 20:37:42-03:00,2025-10-11 20:53:35-03:00,AUTO,5869.9619140625,0 days 00:15:53
2025-10-12 03:15:05-03:00,2025-10-12 03:25:42-03:00,AUTO,2823.966552734375,0 days 00:10:37
2025-10-13 12:57:35-03:00,2025-10-13 13:08:18-03:00,CAMINANDO,133.00448608398438,0 days 00:10:43
2025-10-13 13:08:18-03:00,2025-10-13 14:13:39-03:00,COLECTIVO,16710.302734375,0 days 01:05:21
2025-10-13 14:13:39-03:00,2025-10-13 14:15:07-03:00,CAMINANDO,161.6256866455078,0 days 00:01:28
2025-10-13 16:16:08-03:00,2025-10-13 16:30:21-03:00,CAMINANDO,1062.0367431640625,0 days 00:14:13
2025-10-13 16:35:21-03:00,2025-10-13 17:42:07-03:00,COLECTIVO,16548.140625,0 days 01:06:46
2025-10-13 17:42:07-03:00,2025-10-13 17:46:08-03:00,CAMINANDO,229.17942810058594,0 days 00:04:01
2025-10-14 09:13:12-03:00,2025-10-14 10:12:45-03:00,COLECTIVO,15425.1953125,0 days 00:59:33
2025-10-14 10:12:45-03:00,2025-10-14 10:21:14-03:00,CAMINANDO,652.5191040039062,0 days 00:08:29
2025-10-14 13:05:32-03:00,2025-10-14 13:24:23-03:00,CAMINANDO,932.0806884765625,0 days 00:18:51
2025-10-14 14:41:18-03:00,2025-10-14 14:51:22-03:00,CAMINANDO,170.77833557128906,0 days 00:10:04
2025-10-14 14:51:22-03:00,2025-10-14 14:58:16-03:00,COLECTIVO,1744.447509765625,0 days 00:06:54
2025-10-14 15:26:31-03:00,2025-10-14 15:50:12-03:00,AUTO,3064.162353515625,0 days 00:23:41
2025-10-14 17:39:38-03:00,2025-10-14 18:06:52-03:00,CAMINANDO,2364.236328125,0 days 00:27:14
2025-10-14 18:06:52-03:00,2025-10-14 19:23:14-03:00,COLECTIVO,16967.720703125,0 days 01:16:22
2025-10-14 19:23:14-03:00,2025-10-14 19:25:15-03:00,CAMINANDO,146.64781188964844,0 days 00:02:01
2025-10-15 10:18:28-03:00,2025-10-15 10:53:38-03:00,MOTO,17326.505859375,0 days 00:35:10
2025-10-15 11:51:04-03:00,2025-10-15 12:02:55-03:00,MOTO,2381.4326171875,0 days 00:11:51
2025-10-15 12:26:00-03:00,2025-10-15 12:38:52-03:00,AUTO,3798.000732421875,0 days 00:12:52
2025-10-15 14:01:14-03:00,2025-10-15 14:14:29-03:00,AUTO,2147.286376953125,0 days 00:13:15
2025-10-15 14:35:29-03:00,2025-10-15 14:43:27-03:00,CAMINANDO,548.2264404296875,0 days 00:07:58
2025-10-15 15:00:09-03:00,2025-10-15 15:11:13-03:00,CAMINANDO,771.334716796875,0 days 00:11:04
2025-10-15 16:14:43-03:00,2025-10-15 16:47:32-03:00,MOTO,14146.173828125,0 days 00:32:49
2025-10-16 11:39:19-03:00,2025-10-16 11:43:19-03:00,CAMINANDO,166.97889709472656,0 days 00:04:00
2025-10-16 11:48:49-03:00,2025-10-16 12:41:09-03:00,COLECTIVO,16937.2734375,0 days 00:52:20
2025-10-16 12:41:09-03:00,2025-10-16 12:49:12-03:00,CAMINANDO,2267.809326171875,0 days 00:08:03
2025-10-16 13:50:05-03:00,2025-10-16 14:20:56-03:00,CAMINANDO,1143.1500244140625,0 days 00:30:51
2025-10-16 14:20:56-03:00,2025-10-16 14:32:39-03:00,COLECTIVO,2528.8193359375,0 days 00:11:43
2025-10-16 18:05:13-03:00,2025-10-16 18:11:10-03:00,AUTO,1256.8236083984375,0 days 00:05:57
2025-10-16 18:34:38-03:00,2025-10-16 18:48:01-03:00,COLECTIVO,4658.2333984375,0 days 00:13:23
2025-10-16 18:50:00-03:00,2025-10-16 19:14:20-03:00,COLECTIVO,7051.236328125,0 days 00:24:20
2025-10-17 11:28:43-03:00,2025-10-17 12:06:31-03:00,MOTO,16608.080078125,0 days 00:37:48
2025-10-17 12:35:58-03:00,2025-10-17 12:50:49-03:00,MOTO,2379.58740234375,0 days 00:14:51
2025-10-17 13:05:34-03:00,2025-10-17 13:13:37-03:00,SUBTE,803.9393920898438,0 days 00:08:03
2025-10-17 13:45:00-03:00,2025-10-17 14:04:04-03:00,CAMINANDO,861.836181640625,0 days 00:19:04
2025-10-17 15:40:27-03:00,2025-10-17 15:43:59-03:00,CAMINANDO,172.6005401611328,0 days 00:03:32
2025-10-17 16:55:34-03:00,2025-10-17 17:29:12-03:00,MOTO,14088.3173828125,0 days 00:33:38
2025-10-17 19:34:54-03:00,2025-10-17 20:03:47-03:00,CAMINANDO,2133.049560546875,0 days 00:28:53
2025-10-17 21:27:28-03:00,2025-10-17 21:35:25-03:00,COLECTIVO,2234.03515625,0 days 00:07:57
2025-10-17 21:35:25-03:00,2025-10-17 21:37:28-03:00,CAMINANDO,151.92965698242188,0 days 00:02:03
2025-10-18 14:32:26-03:00,2025-10-18 14:40:28-03:00,MOTO,2753.819580078125,0 days 00:08:02
2025-10-18 18:35:55-03:00,2025-10-18 18:48:06-03:00,MOTO,3415.9248046875,0 days 00:12:11
2025-10-18 19:32:09-03:00,2025-10-18 19:35:07-03:00,MOTO,776.278076171875,0 days 00:02:58
2025-10-18 20:57:11-03:00,2025-10-18 21:02:59-03:00,MOTO,2844.46142578125,0 days 00:05:48
2025-10-18 21:09:48-03:00,2025-10-18 21:30:12-03:00,AUTO,2953.52392578125,0 days 00:20:24
2025-10-18 21:48:19-03:00,2025-10-18 21:54:28-03:00,MOTO,830.2412109375,0 days 00:06:09
2025-10-18 23:46:46-03:00,2025-10-18 23:56:31-03:00,AUTO,3160.505126953125,0 days 00:09:45
2025-10-19 00:46:21-03:00,2025-10-19 01:09:20-03:00,AUTO,4050.1162109375,0 days 00:22:59
2025-10-19 01:13:23-03:00,2025-10-19 01:23:30-03:00,MOTO,6342.08984375,0 days 00:10:07
2025-10-19 13:03:36-03:00,2025-10-19 13:12:59-03:00,MOTO,2836.3046875,0 days 00:09:23
2025-10-19 16:05:57-03:00,2025-10-19 16:07:58-03:00,CAMINANDO,147.48597717285156,0 days 00:02:01
2025-10-19 19:18:18-03:00,2025-10-19 19:30:53-03:00,MOTO,3892.78955078125,0 days 00:12:35
2025-10-19 23:41:39-03:00,2025-10-19 23:54:17-03:00,MOTO,5252.43359375,0 days 00:12:38
2025-10-20 08:21:25-03:00,2025-10-20 08:28:21-03:00,CAMINANDO,187.68284606933594,0 days 00:06:56
2025-10-20 08:28:21-03:00,2025-10-20 09:28:32-03:00,COLECTIVO,17304.587890625,0 days 01:00:11
2025-10-20 09:28:32-03:00,2025-10-20 09:31:16-03:00,CAMINANDO,178.72830200195312,0 days 00:02:44
2025-10-20 12:33:40-03:00,2025-10-20 12:55:09-03:00,CAMINANDO,1404.835205078125,0 days 00:21:29
2025-10-20 14:43:16-03:00,2025-10-20 15:15:19-03:00,CAMINANDO,2497.770751953125,0 days 00:32:03
2025-10-20 15:59:07-03:00,2025-10-20 16:09:13-03:00,CAMINANDO,356.7591247558594,0 days 00:10:06
2025-10-20 16:09:13-03:00,2025-10-20 16:21:37-03:00,COLECTIVO,1883.33544921875,0 days 00:12:24
2025-10-20 16:25:07-03:00,2025-10-20 17:31:32-03:00,COLECTIVO,19080.88671875,0 days 01:06:25
2025-10-20 17:31:32-03:00,2025-10-20 17:33:34-03:00,CAMINANDO,118.30974578857422,0 days 00:02:02
2025-10-21 11:09:01-03:00,2025-10-21 11:20:04-03:00,CAMINANDO,130.95977783203125,0 days 00:11:03
2025-10-21 11:20:04-03:00,2025-10-21 12:04:30-03:00,COLECTIVO,14700.2265625,0 days 00:44:26
2025-10-21 12:04:30-03:00,2025-10-21 12:17:26-03:00,CAMINANDO,681.8815307617188,0 days 00:12:56
2025-10-21 12:52:02-03:00,2025-10-21 12:53:42-03:00,CAMINANDO,132.81790161132812,0 days 00:01:40
2025-10-21 14:07:33-03:00,2025-10-21 14:09:34-03:00,CAMINANDO,128.92140197753906,0 days 00:02:01
2025-10-21 14:35:10-03:00,2025-10-21 14:37:11-03:00,CAMINANDO,144.4095001220703,0 days 00:02:01
2025-10-21 15:57:41-03:00,2025-10-21 16:20:32-03:00,CAMINANDO,1784.105712890625,0 days 00:22:51
2025-10-21 16:25:12-03:00,2025-10-21 17:28:18-03:00,COLECTIVO,16699.4921875,0 days 01:03:06
2025-10-21 17:28:18-03:00,2025-10-21 17:32:15-03:00,CAMINANDO,451.91937255859375,0 days 00:03:57
2025-10-22 08:23:08-03:00,2025-10-22 08:29:15-03:00,CAMINANDO,111.9993896484375,0 days 00:06:07
2025-10-22 08:38:00-03:00,2025-10-22 09:19:04-03:00,COLECTIVO,12054.2255859375,0 days 00:41:04
2025-10-22 09:23:31-03:00,2025-10-22 09:31:19-03:00,COLECTIVO,1006.3107299804688,0 days 00:07:48
2025-10-22 10:49:30-03:00,2025-10-22 11:13:52-03:00,AUTO,6898.67041015625,0 days 00:24:22
2025-10-22 12:22:24-03:00,2025-10-22 12:32:22-03:00,SUBTE,3166.915283203125,0 days 00:09:58
2025-10-22 12:32:22-03:00,2025-10-22 12:47:43-03:00,CAMINANDO,683.043212890625,0 days 00:15:21
2025-10-22 13:25:52-03:00,2025-10-22 13:31:45-03:00,CAMINANDO,264.313232421875,0 days 00:05:53
2025-10-22 15:48:02-03:00,2025-10-22 15:57:55-03:00,CAMINANDO,132.80917358398438,0 days 00:09:53
2025-10-22 15:57:55-03:00,2025-10-22 16:09:11-03:00,COLECTIVO,1356.4744873046875,0 days 00:11:16
2025-10-22 17:00:16-03:00,2025-10-22 17:11:43-03:00,CAMINANDO,688.5075073242188,0 days 00:11:27
2025-10-22 17:11:43-03:00,2025-10-22 18:24:12-03:00,COLECTIVO,17000.5625,0 days 01:12:29
2025-10-22 18:24:12-03:00,2025-10-22 18:26:53-03:00,CAMINANDO,128.81040954589844,0 days 00:02:41
2025-10-23 11:09:37-03:00,2025-10-23 11:13:35-03:00,CAMINANDO,370.1085205078125,0 days 00:03:58
2025-10-23 11:13:35-03:00,2025-10-23 12:06:18-03:00,COLECTIVO,16228.546875,0 days 00:52:43
2025-10-23 12:06:18-03:00,2025-10-23 12:16:06-03:00,CAMINANDO,695.0571899414062,0 days 00:09:48
2025-10-23 13:13:03-03:00,2025-10-23 13:21:04-03:00,AUTO,274.99493408203125,0 days 00:08:01
2025-10-23 13:55:53-03:00,2025-10-23 14:11:40-03:00,COLECTIVO,1501.4725341796875,0 days 00:15:47
2025-10-23 14:11:40-03:00,2025-10-23 14:20:49-03:00,CAMINANDO,120.44542694091797,0 days 00:09:09
2025-10-23 15:13:41-03:00,2025-10-23 15:24:37-03:00,COLECTIVO,1493.585205078125,0 days 00:10:56
2025-10-23 15:24:37-03:00,2025-10-23 15:26:34-03:00,CAMINANDO,103.32853698730469,0 days 00:01:57
2025-10-23 17:32:53-03:00,2025-10-23 17:40:57-03:00,CAMINANDO,561.80078125,0 days 00:08:04
2025-10-23 17:53:16-03:00,2025-10-23 19:02:20-03:00,COLECTIVO,16692.2578125,0 days 01:09:04
2025-10-23 19:02:20-03:00,2025-10-23 19:04:22-03:00,CAMINANDO,101.7772445678711,0 days 00:02:02
2025-10-24 12:00:26-03:00,2025-10-24 12:08:27-03:00,CAMINANDO,359.1171875,0 days 00:08:01
2025-10-24 12:08:27-03:00,2025-10-24 12:59:35-03:00,COLECTIVO,16283.162109375,0 days 00:51:08
2025-10-24 12:59:35-03:00,2025-10-24 13:08:12-03:00,CAMINANDO,660.7740478515625,0 days 00:08:37
2025-10-24 17:42:45-03:00,2025-10-24 17:46:30-03:00,CAMINANDO,404.0017395019531,0 days 00:03:45
2025-10-24 17:54:43-03:00,2025-10-24 19:03:35-03:00,COLECTIVO,14990.2333984375,0 days 01:08:52
2025-10-24 19:03:35-03:00,2025-10-24 19:05:58-03:00,CAMINANDO,318.0364685058594,0 days 00:02:23
2025-10-25 14:01:51-03:00,2025-10-25 14:10:09-03:00,MOTO,3131.958251953125,0 days 00:08:18
2025-10-25 18:09:15-03:00,2025-10-25 18:19:06-03:00,MOTO,3181.3427734375,0 days 00:09:51
2025-10-25 19:18:57-03:00,2025-10-25 19:22:57-03:00,MOTO,689.7750244140625,0 days 00:04:00
2025-10-25 19:36:13-03:00,2025-10-25 19:42:38-03:00,MOTO,1284.4013671875,0 days 00:06:25
2025-10-26 12:19:45-03:00,2025-10-26 12:34:50-03:00,CAMINANDO,1196.3714599609375,0 days 00:15:05
2025-10-26 12:43:33-03:00,2025-10-26 12:56:26-03:00,CAMINANDO,1031.14453125,0 days 00:12:53
2025-10-27 12:08:55-03:00,2025-10-27 12:12:26-03:00,CAMINANDO,112.03468322753906,0 days 00:03:31
2025-10-27 12:19:15-03:00,2025-10-27 13:16:01-03:00,COLECTIVO,14001.759765625,0 days 00:56:46
2025-10-27 13:16:01-03:00,2025-10-27 13:18:29-03:00,CAMINANDO,161.6826629638672,0 days 00:02:28
2025-10-27 14:49:30-03:00,2025-10-27 14:52:37-03:00,CAMINANDO,137.42359924316406,0 days 00:03:07
2025-10-27 14:52:37-03:00,2025-10-27 15:05:00-03:00,COLECTIVO,1427.6749267578125,0 days 00:12:23
2025-10-27 16:52:31-03:00,2025-10-27 17:50:03-03:00,COLECTIVO,14712.29296875,0 days 00:57:32
2025-10-27 17:50:03-03:00,2025-10-27 17:58:04-03:00,CAMINANDO,265.8614501953125,0 days 00:08:01
2025-10-28 12:18:11-03:00,2025-10-28 12:25:23-03:00,CAMINANDO,196.88674926757812,0 days 00:07:12
2025-10-28 12:25:23-03:00,2025-10-28 13:15:53-03:00,COLECTIVO,15580.4296875,0 days 00:50:30
2025-10-28 13:15:53-03:00,2025-10-28 13:26:07-03:00,CAMINANDO,302.44305419921875,0 days 00:10:14
2025-10-28 17:22:09-03:00,2025-10-28 17:25:21-03:00,CAMINANDO,154.5871124267578,0 days 00:03:12
2025-10-28 17:25:21-03:00,2025-10-28 17:43:12-03:00,COLECTIVO,3335.50390625,0 days 00:17:51
2025-10-28 17:45:12-03:00,2025-10-28 18:51:41-03:00,COLECTIVO,17191.759765625,0 days 01:06:29
2025-10-28 18:51:41-03:00,2025-10-28 18:55:27-03:00,CAMINANDO,176.04563903808594,0 days 00:03:46
2025-10-29 08:08:39-03:00,2025-10-29 09:21:56-03:00,AUTO,27546.859375,0 days 01:13:17
2025-10-29 11:50:40-03:00,2025-10-29 11:53:35-03:00,CAMINANDO,164.57301330566406,0 days 00:02:55
2025-10-29 12:27:13-03:00,2025-10-29 12:29:47-03:00,CAMINANDO,151.5630340576172,0 days 00:02:34
2025-10-29 14:34:24-03:00,2025-10-29 15:00:16-03:00,AUTO,17954.28125,0 days 00:25:52
2025-10-29 15:16:36-03:00,2025-10-29 15:23:37-03:00,COLECTIVO,1030.6092529296875,0 days 00:07:01
2025-10-29 15:23:37-03:00,2025-10-29 15:32:20-03:00,CAMINANDO,759.6609497070312,0 days 00:08:43
2025-10-29 16:35:47-03:00,2025-10-29 16:44:04-03:00,AUTO,1188.5638427734375,0 days 00:08:17
2025-10-29 17:29:09-03:00,2025-10-29 18:09:04-03:00,AUTO,7855.50732421875,0 days 00:39:55
2025-10-29 18:24:11-03:00,2025-10-29 19:44:40-03:00,AUTO,20607.328125,0 days 01:20:29
2025-10-29 19:59:58-03:00,2025-10-29 20:13:00-03:00,AUTO,3064.28515625,0 days 00:13:02
2025-10-29 21:29:47-03:00,2025-10-29 21:59:02-03:00,AUTO,10267.896484375,0 days 00:29:15
2025-10-29 23:39:54-03:00,2025-10-29 23:55:54-03:00,AUTO,5463.78515625,0 days 00:16:00
2025-10-30 10:47:39-03:00,2025-10-30 11:42:04-03:00,AUTO,18106.353515625,0 days 00:54:25
2025-10-30 12:14:11-03:00,2025-10-30 12:20:15-03:00,CAMINANDO,297.2087707519531,0 days 00:06:04
2025-10-30 12:20:15-03:00,2025-10-30 13:05:05-03:00,AUTO,17301.041015625,0 days 00:44:50
2025-10-30 13:05:05-03:00,2025-10-30 13:10:20-03:00,CAMINANDO,247.79232788085938,0 days 00:05:15
2025-10-30 13:44:25-03:00,2025-10-30 13:47:54-03:00,CAMINANDO,172.1224365234375,0 days 00:03:29
2025-10-30 17:52:57-03:00,2025-10-30 18:39:14-03:00,AUTO,28153.423828125,0 days 00:46:17
2025-10-30 21:48:13-03:00,2025-10-30 21:54:45-03:00,AUTO,2558.31494140625,0 days 00:06:32
2025-10-31 11:03:43-03:00,2025-10-31 11:46:04-03:00,AUTO,15362.921875,0 days 00:42:21
2025-10-31 12:12:30-03:00,2025-10-31 12:20:17-03:00,AUTO,1172.9832763671875,0 days 00:07:47
2025-10-31 14:13:30-03:00,2025-10-31 14:34:51-03:00,AUTO,2748.5107421875,0 days 00:21:21
2025-10-31 16:50:11-03:00,2025-10-31 18:46:12-03:00,AUTO,40212.91015625,0 days 01:56:01
2025-10-31 20:02:21-03:00,2025-10-31 20:22:12-03:00,AUTO,4784.669921875,0 days 00:19:51
2025-10-31 20:33:25-03:00,2025-10-31 20:44:11-03:00,AUTO,3519.431884765625,0 days 00:10:46
2025-11-01 13:46:55-03:00,2025-11-01 14:07:54-03:00,AUTO,367.4853210449219,0 days 00:20:59
2025-11-01 16:01:20-03:00,2025-11-01 16:12:48-03:00,AUTO,273.1344909667969,0 days 00:11:28
2025-11-01 16:12:48-03:00,2025-11-01 16:14:12-03:00,MOTO,344.12091064453125,0 days 00:01:24
2025-11-01 18:16:59-03:00,2025-11-01 18:41:53-03:00,AUTO,4783.78759765625,0 days 00:24:54
2025-11-01 20:32:40-03:00,2025-11-01 21:20:08-03:00,AUTO,18468.552734375,0 days 00:47:28
2025-11-01 21:48:24-03:00,2025-11-01 21:55:04-03:00,CAMINANDO,531.3739013671875,0 days 00:06:40
2025-11-01 21:55:04-03:00,2025-11-01 22:10:28-03:00,AUTO,11327.478515625,0 days 00:15:24
2025-11-02 02:12:35-03:00,2025-11-02 02:55:27-03:00,AUTO,20654.380859375,0 days 00:42:52
2025-11-03 09:10:28-03:00,2025-11-03 10:09:02-03:00,AUTO,30970.86328125,0 days 00:58:34
2025-11-03 10:20:01-03:00,2025-11-03 11:41:48-03:00,AUTO,25411.55078125,0 days 01:21:47
2025-11-03 14:38:31-03:00,2025-11-03 15:11:09-03:00,CAMINANDO,1495.1422119140625,0 days 00:32:38
2025-11-03 17:39:47-03:00,2025-11-03 17:53:48-03:00,CAMINANDO,873.5527954101562,0 days 00:14:01
2025-11-03 17:53:48-03:00,2025-11-03 19:20:34-03:00,COLECTIVO,21820.595703125,0 days 01:26:46
2025-11-04 07:57:53-03:00,2025-11-04 09:03:19-03:00,AUTO,32395.201171875,0 days 01:05:26
2025-11-04 09:50:02-03:00,2025-11-04 10:02:34-03:00,CAMINANDO,635.543701171875,0 days 00:12:32
2025-11-04 10:02:34-03:00,2025-11-04 11:19:55-03:00,COLECTIVO,17207.158203125,0 days 01:17:21
2025-11-04 11:28:59-03:00,2025-11-04 11:49:29-03:00,CAMINANDO,1055.1973876953125,0 days 00:20:30
2025-11-04 13:17:13-03:00,2025-11-04 13:26:04-03:00,AUTO,1497.92529296875,0 days 00:08:51
2025-11-04 14:58:56-03:00,2025-11-04 15:19:36-03:00,CAMINANDO,1189.845458984375,0 days 00:20:40
2025-11-04 16:32:18-03:00,2025-11-04 16:38:12-03:00,CAMINANDO,546.8966064453125,0 days 00:05:54
2025-11-04 16:50:54-03:00,2025-11-04 18:02:27-03:00,COLECTIVO,16598.93359375,0 days 01:11:33
2025-11-05 13:50:45-03:00,2025-11-05 14:17:50-03:00,MOTO,18295.63671875,0 days 00:27:05
2025-11-05 14:39:07-03:00,2025-11-05 14:48:22-03:00,MOTO,1282.5767822265625,0 days 00:09:15
2025-11-05 14:53:20-03:00,2025-11-05 15:09:22-03:00,MOTO,1599.8375244140625,0 days 00:16:02
2025-11-05 15:30:38-03:00,2025-11-05 15:41:06-03:00,MOTO,1188.845458984375,0 days 00:10:28
2025-11-05 16:32:11-03:00,2025-11-05 16:52:35-03:00,AUTO,3945.05810546875,0 days 00:20:24
2025-11-05 16:52:35-03:00,2025-11-05 16:54:09-03:00,CAMINANDO,105.58490753173828,0 days 00:01:34
2025-11-05 18:12:53-03:00,2025-11-05 18:47:16-03:00,AUTO,19926.896484375,0 days 00:34:23
2025-11-05 21:40:42-03:00,2025-11-05 22:17:13-03:00,AUTO,34049.8828125,0 days 00:36:31
2025-11-06 15:38:53-03:00,2025-11-06 15:42:50-03:00,CAMINANDO,228.50259399414062,0 days 00:03:57
2025-11-06 15:42:50-03:00,2025-11-06 16:48:48-03:00,COLECTIVO,16337.3017578125,0 days 01:05:58
2025-11-06 19:08:20-03:00,2025-11-06 19:47:56-03:00,COLECTIVO,17963.23046875,0 days 00:39:36
2025-11-06 19:47:56-03:00,2025-11-06 19:57:30-03:00,CAMINANDO,409.7094421386719,0 days 00:09:34
2025-11-06 22:28:41-03:00,2025-11-07 00:59:37-03:00,AUTO,17678.705078125,0 days 02:30:56
2025-11-07 12:32:43-03:00,2025-11-07 12:42:47-03:00,AUTO,3042.6083984375,0 days 00:10:04
2025-11-07 16:57:29-03:00,2025-11-07 17:09:44-03:00,AUTO,2565.086669921875,0 days 00:12:15
2025-11-08 13:21:58-03:00,2025-11-08 13:38:07-03:00,AUTO,5150.6025390625,0 days 00:16:09
2025-11-08 13:42:07-03:00,2025-11-08 13:56:42-03:00,MOTO,3963.825439453125,0 days 00:14:35
2025-11-08 18:03:18-03:00,2025-11-08 18:09:56-03:00,MOTO,2500.7421875,0 days 00:06:38
2025-11-08 18:19:10-03:00,2025-11-08 18:26:27-03:00,AUTO,2533.21630859375,0 days 00:07:17
2025-11-08 19:06:45-03:00,2025-11-08 19:33:26-03:00,MOTO,11727.7001953125,0 days 00:26:41
2025-11-09 02:24:52-03:00,2025-11-09 02:55:29-03:00,MOTO,12952.3515625,0 days 00:30:37
2025-11-10 11:06:34-03:00,2025-11-10 11:13:31-03:00,CAMINANDO,141.27371215820312,0 days 00:06:57
2025-11-10 11:19:31-03:00,2025-11-10 12:09:54-03:00,COLECTIVO,15015.0654296875,0 days 00:50:23
2025-11-10 12:09:54-03:00,2025-11-10 12:19:28-03:00,CAMINANDO,134.33822631835938,0 days 00:09:34
2025-11-10 13:28:54-03:00,2025-11-10 13:34:58-03:00,CAMINANDO,263.69097900390625,0 days 00:06:04
2025-11-10 13:44:31-03:00,2025-11-10 13:51:30-03:00,CAMINANDO,772.329833984375,0 days 00:06:59
2025-11-10 16:55:29-03:00,2025-11-10 17:12:01-03:00,COLECTIVO,2277.961181640625,0 days 00:16:32
2025-11-10 17:21:09-03:00,2025-11-10 18:29:30-03:00,COLECTIVO,17238.705078125,0 days 01:08:21
2025-11-11 11:00:40-03:00,2025-11-11 11:06:44-03:00,CAMINANDO,129.14767456054688,0 days 00:06:04
2025-11-11 11:06:44-03:00,2025-11-11 11:51:36-03:00,COLECTIVO,19482.794921875,0 days 00:44:52
2025-11-11 11:51:36-03:00,2025-11-11 11:56:21-03:00,CAMINANDO,313.3959655761719,0 days 00:04:45
2025-11-11 12:03:51-03:00,2025-11-11 12:17:37-03:00,CAMINANDO,655.0106201171875,0 days 00:13:46
2025-11-11 13:57:34-03:00,2025-11-11 14:18:13-03:00,CAMINANDO,229.27955627441406,0 days 00:20:39
2025-11-11 14:18:13-03:00,2025-11-11 14:30:05-03:00,COLECTIVO,1542.6639404296875,0 days 00:11:52
2025-11-11 16:11:40-03:00,2025-11-11 16:25:29-03:00,COLECTIVO,1429.4093017578125,0 days 00:13:49
2025-11-11 17:50:35-03:00,2025-11-11 18:36:39-03:00,SUBTE,11660.873046875,0 days 00:46:04
2025-11-11 19:06:50-03:00,2025-11-11 19:12:36-03:00,CAMINANDO,324.5871887207031,0 days 00:05:46
2025-11-11 19:56:21-03:00,2025-11-11 20:03:52-03:00,CAMINANDO,267.98040771484375,0 days 00:07:31
2025-11-11 20:03:52-03:00,2025-11-11 20:29:14-03:00,SUBTE,7769.220703125,0 days 00:25:22
2025-11-11 20:36:39-03:00,2025-11-11 21:19:12-03:00,COLECTIVO,14087.9365234375,0 days 00:42:33
2025-11-11 21:19:12-03:00,2025-11-11 21:21:17-03:00,CAMINANDO,161.3785858154297,0 days 00:02:05
2025-11-12 10:11:38-03:00,2025-11-12 10:17:34-03:00,CAMINANDO,239.6029052734375,0 days 00:05:56
2025-11-12 10:17:34-03:00,2025-11-12 11:19:50-03:00,COLECTIVO,17898.302734375,0 days 01:02:16
2025-11-12 11:19:50-03:00,2025-11-12 11:20:53-03:00,CAMINANDO,87.8007583618164,0 days 00:01:03
2025-11-12 13:17:56-03:00,2025-11-12 13:30:35-03:00,COLECTIVO,1578.73486328125,0 days 00:12:39
2025-11-12 14:26:27-03:00,2025-11-12 14:35:51-03:00,CAMINANDO,970.6174926757812,0 days 00:09:24
2025-11-12 16:41:47-03:00,2025-11-12 16:52:00-03:00,CAMINANDO,470.3813171386719,0 days 00:10:13
2025-11-12 16:52:00-03:00,2025-11-12 17:00:57-03:00,COLECTIVO,1728.6123046875,0 days 00:08:57
2025-11-12 17:05:00-03:00,2025-11-12 18:18:52-03:00,COLECTIVO,16970.88671875,0 days 01:13:52
2025-11-12 18:18:52-03:00,2025-11-12 18:25:55-03:00,CAMINANDO,207.34461975097656,0 days 00:07:03
2025-11-13 10:16:57-03:00,2025-11-13 10:20:12-03:00,CAMINANDO,114.91255187988281,0 days 00:03:15
2025-11-13 10:27:21-03:00,2025-11-13 11:28:10-03:00,COLECTIVO,16688.271484375,0 days 01:00:49
2025-11-13 11:28:10-03:00,2025-11-13 11:33:51-03:00,CAMINANDO,210.52032470703125,0 days 00:05:41
2025-11-13 15:57:10-03:00,2025-11-13 16:08:39-03:00,AUTO,1093.753662109375,0 days 00:11:29
2025-11-13 17:47:09-03:00,2025-11-13 18:01:10-03:00,COLECTIVO,2126.628173828125,0 days 00:14:01
2025-11-13 18:10:33-03:00,2025-11-13 19:17:18-03:00,COLECTIVO,16892.669921875,0 days 01:06:45
2025-11-13 19:17:18-03:00,2025-11-13 19:19:19-03:00,CAMINANDO,137.7646942138672,0 days 00:02:01
2025-11-14 11:41:45-03:00,2025-11-14 11:45:35-03:00,CAMINANDO,144.22198486328125,0 days 00:03:50
2025-11-14 11:45:35-03:00,2025-11-14 12:38:26-03:00,COLECTIVO,11772.486328125,0 days 00:52:51
2025-11-14 12:38:26-03:00,2025-11-14 12:51:48-03:00,CAMINANDO,840.7890014648438,0 days 00:13:22
2025-11-14 13:22:44-03:00,2025-11-14 13:39:02-03:00,CAMINANDO,364.4157409667969,0 days 00:16:18
2025-11-14 13:48:17-03:00,2025-11-14 14:01:24-03:00,SUBTE,2386.46875,0 days 00:13:07
2025-11-14 16:26:29-03:00,2025-11-14 16:28:00-03:00,CAMINANDO,129.2313232421875,0 days 00:01:31
2025-11-14 16:28:00-03:00,2025-11-14 17:26:40-03:00,COLECTIVO,14730.9501953125,0 days 00:58:40
2025-11-15 14:32:07-03:00,2025-11-15 14:45:33-03:00,AUTO,2875.220458984375,0 days 00:13:26
2025-11-15 17:43:02-03:00,2025-11-15 17:51:48-03:00,MOTO,3057.52392578125,0 days 00:08:46
2025-11-15 18:59:52-03:00,2025-11-15 19:03:55-03:00,MOTO,232.58580017089844,0 days 00:04:03
2025-11-15 19:11:26-03:00,2025-11-15 19:22:07-03:00,MOTO,3443.08837890625,0 days 00:10:41
2025-11-15 19:25:17-03:00,2025-11-15 19:29:25-03:00,MOTO,618.7072143554688,0 days 00:04:08
2025-11-15 19:34:05-03:00,2025-11-15 19:52:17-03:00,MOTO,2475.00048828125,0 days 00:18:12
2025-11-15 22:17:17-03:00,2025-11-15 22:28:08-03:00,COLECTIVO,2620.54443359375,0 days 00:10:51
2025-11-15 22:28:08-03:00,2025-11-15 22:46:45-03:00,AUTO,8791.9521484375,0 days 00:18:37
2025-11-16 07:58:18-03:00,2025-11-16 08:14:06-03:00,AUTO,5188.44189453125,0 days 00:15:48
2025-11-16 08:44:04-03:00,2025-11-16 09:08:31-03:00,AUTO,10764.7958984375,0 days 00:24:27
2025-11-16 09:11:09-03:00,2025-11-16 09:32:01-03:00,AUTO,7707.2607421875,0 days 00:20:52
2025-11-16 09:37:11-03:00,2025-11-16 10:31:47-03:00,AUTO,67680.0625,0 days 00:54:36
2025-11-16 10:39:26-03:00,2025-11-16 10:51:20-03:00,AUTO,3916.722900390625,0 days 00:11:54
2025-11-16 13:54:53-03:00,2025-11-16 16:42:04-03:00,CAMINANDO,1517.9588623046875,0 days 02:47:11
2025-11-16 17:09:12-03:00,2025-11-16 17:23:54-03:00,AUTO,14007.453125,0 days 00:14:42
2025-11-16 17:30:46-03:00,2025-11-16 18:24:14-03:00,AUTO,56238.24609375,0 days 00:53:28
2025-11-16 19:11:50-03:00,2025-11-16 20:06:27-03:00,AUTO,18169.8359375,0 days 00:54:37
2025-11-16 22:28:25-03:00,2025-11-16 22:44:31-03:00,AUTO,5583.62744140625,0 days 00:16:06
2025-11-17 08:09:13-03:00,2025-11-17 08:18:18-03:00,AUTO,2106.94482421875,0 days 00:09:05
2025-11-17 08:28:15-03:00,2025-11-17 09:22:10-03:00,AUTO,12629.8115234375,0 days 00:53:55
2025-11-17 09:35:19-03:00,2025-11-17 09:39:21-03:00,CAMINANDO,281.2693786621094,0 days 00:04:02
2025-11-17 13:10:06-03:00,2025-11-17 13:15:05-03:00,CAMINANDO,398.0067138671875,0 days 00:04:59
2025-11-17 13:20:02-03:00,2025-11-17 13:22:02-03:00,SUBTE,625.1931762695312,0 days 00:02:00
2025-11-17 14:58:17-03:00,2025-11-17 15:16:56-03:00,CAMINANDO,1391.830810546875,0 days 00:18:39
2025-11-17 16:47:36-03:00,2025-11-17 17:43:25-03:00,COLECTIVO,15088.150390625,0 days 00:55:49
2025-11-18 09:24:22-03:00,2025-11-18 10:44:58-03:00,COLECTIVO,27677.38671875,0 days 01:20:36
2025-11-18 13:08:57-03:00,2025-11-18 13:12:57-03:00,CAMINANDO,183.43838500976562,0 days 00:04:00
2025-11-18 14:45:00-03:00,2025-11-18 14:51:32-03:00,CAMINANDO,215.1519012451172,0 days 00:06:32
2025-11-18 14:51:32-03:00,2025-11-18 17:34:15-03:00,COLECTIVO,27649.107421875,0 days 02:42:43
2025-11-18 17:34:15-03:00,2025-11-18 17:42:45-03:00,CAMINANDO,266.4310607910156,0 days 00:08:30
2025-11-19 09:39:34-03:00,2025-11-19 10:15:23-03:00,MOTO,14028.96484375,0 days 00:35:49
2025-11-19 16:26:30-03:00,2025-11-19 17:03:51-03:00,MOTO,11830.759765625,0 days 00:37:21
2025-11-19 17:03:51-03:00,2025-11-19 17:12:58-03:00,CAMINANDO,311.70062255859375,0 days 00:09:07
2025-11-19 18:28:48-03:00,2025-11-19 18:50:54-03:00,AUTO,5614.89453125,0 days 00:22:06
2025-11-19 22:17:58-03:00,2025-11-19 22:37:36-03:00,AUTO,4589.58251953125,0 days 00:19:38
2025-11-20 08:19:11-03:00,2025-11-20 09:23:08-03:00,AUTO,28772.060546875,0 days 01:03:57
2025-11-20 11:05:38-03:00,2025-11-20 11:45:54-03:00,AUTO,17007.123046875,0 days 00:40:16
2025-11-20 13:27:11-03:00,2025-11-20 13:37:51-03:00,COLECTIVO,1571.0550537109375,0 days 00:10:40
2025-11-20 15:09:20-03:00,2025-11-20 15:17:53-03:00,AUTO,1572.669677734375,0 days 00:08:33
2025-11-20 17:01:00-03:00,2025-11-20 17:07:32-03:00,COLECTIVO,1607.0537109375,0 days 00:06:32
2025-11-20 17:15:03-03:00,2025-11-20 18:12:39-03:00,COLECTIVO,22848.986328125,0 days 00:57:36
2025-11-21 10:02:10-03:00,2025-11-21 10:33:14-03:00,AUTO,15116.2802734375,0 days 00:31:04
2025-11-21 11:57:49-03:00,2025-11-21 12:31:54-03:00,AUTO,17197.681640625,0 days 00:34:05
2025-11-21 12:53:32-03:00,2025-11-21 13:29:46-03:00,AUTO,18295.8984375,0 days 00:36:14
2025-11-21 14:31:38-03:00,2025-11-21 15:00:27-03:00,AUTO,9675.306640625,0 days 00:28:49
2025-11-21 18:03:18-03:00,2025-11-21 18:18:34-03:00,CAMINANDO,191.3961181640625,0 days 00:15:16
2025-11-21 18:46:17-03:00,2025-11-21 19:13:49-03:00,AUTO,4014.5654296875,0 days 00:27:32
2025-11-21 19:38:29-03:00,2025-11-21 20:12:12-03:00,COLECTIVO,9851.8544921875,0 days 00:33:43
2025-11-22 00:38:10-03:00,2025-11-22 00:54:11-03:00,AUTO,4938.4638671875,0 days 00:16:01
2025-11-22 12:20:55-03:00,2025-11-22 12:37:51-03:00,AUTO,4481.53173828125,0 days 00:16:56
2025-11-22 14:41:08-03:00,2025-11-22 14:56:32-03:00,MOTO,6987.13671875,0 days 00:15:24
2025-11-22 17:17:23-03:00,2025-11-22 17:19:24-03:00,CAMINANDO,117.82524108886719,0 days 00:02:01
2025-11-22 17:27:19-03:00,2025-11-22 17:29:20-03:00,CAMINANDO,74.13668823242188,0 days 00:02:01
2025-11-22 18:27:53-03:00,2025-11-22 18:38:45-03:00,MOTO,3264.0302734375,0 days 00:10:52
2025-11-22 20:11:55-03:00,2025-11-22 20:17:49-03:00,MOTO,2112.105712890625,0 days 00:05:54
2025-11-22 22:00:34-03:00,2025-11-22 22:25:42-03:00,AUTO,6600.29248046875,0 days 00:25:08
2025-11-23 00:35:24-03:00,2025-11-23 00:57:05-03:00,AUTO,5699.64697265625,0 days 00:21:41
2025-11-23 17:44:29-03:00,2025-11-23 18:20:46-03:00,AUTO,18488.455078125,0 days 00:36:17
2025-11-23 18:59:37-03:00,2025-11-23 19:34:23-03:00,AUTO,13693.712890625,0 days 00:34:46
2025-11-23 19:43:46-03:00,2025-11-23 19:47:20-03:00,AUTO,586.77880859375,0 days 00:03:34
2025-11-24 15:20:03-03:00,2025-11-24 16:00:14-03:00,AUTO,30957.0703125,0 days 00:40:11
2025-11-24 16:23:55-03:00,2025-11-24 17:10:05-03:00,AUTO,27354.33203125,0 days 00:46:10
2025-11-24 19:58:58-03:00,2025-11-24 20:11:34-03:00,AUTO,4167.71630859375,0 days 00:12:36
2025-11-24 21:20:32-03:00,2025-11-24 21:29:34-03:00,AUTO,3763.046875,0 days 00:09:02
2025-11-24 22:09:04-03:00,2025-11-24 22:23:00-03:00,AUTO,5209.40576171875,0 days 00:13:56
2025-11-25 10:30:05-03:00,2025-11-25 11:34:33-03:00,AUTO,18571.255859375,0 days 01:04:28
2025-11-25 11:46:15-03:00,2025-11-25 12:00:45-03:00,AUTO,3184.54833984375,0 days 00:14:30
2025-11-25 15:05:17-03:00,2025-11-25 15:59:08-03:00,AUTO,20348.533203125,0 days 00:53:51
2025-11-25 16:36:52-03:00,2025-11-25 17:44:23-03:00,AUTO,30651.072265625,0 days 01:07:31
2025-11-25 19:21:05-03:00,2025-11-25 19:35:49-03:00,AUTO,4589.29052734375,0 days 00:14:44
2025-11-26 10:58:42-03:00,2025-11-26 11:29:12-03:00,AUTO,12333.2705078125,0 days 00:30:30
2025-11-26 14:21:44-03:00,2025-11-26 14:38:46-03:00,AUTO,4047.736083984375,0 days 00:17:02
2025-11-26 16:35:34-03:00,2025-11-26 17:02:37-03:00,AUTO,3578.140625,0 days 00:27:03
2025-11-26 18:24:10-03:00,2025-11-26 18:57:13-03:00,AUTO,19371.6015625,0 days 00:33:03
2025-11-27 09:46:19-03:00,2025-11-27 10:36:32-03:00,AUTO,15223.6943359375,0 days 00:50:13
2025-11-27 11:48:04-03:00,2025-11-27 12:14:20-03:00,AUTO,6705.2421875,0 days 00:26:16
2025-11-27 13:04:13-03:00,2025-11-27 13:34:12-03:00,AUTO,9245.7021484375,0 days 00:29:59
2025-11-27 13:34:12-03:00,2025-11-27 13:46:57-03:00,CAMINANDO,387.5048522949219,0 days 00:12:45
2025-11-27 14:55:27-03:00,2025-11-27 15:07:37-03:00,AUTO,3526.1416015625,0 days 00:12:10
2025-11-27 16:44:33-03:00,2025-11-27 16:48:36-03:00,CAMINANDO,299.1170349121094,0 days 00:04:03
2025-11-27 16:48:36-03:00,2025-11-27 16:59:54-03:00,COLECTIVO,2951.56494140625,0 days 00:11:18
2025-11-27 17:35:43-03:00,2025-11-27 17:37:45-03:00,COLECTIVO,134.47409057617188,0 days 00:02:02
2025-11-27 17:37:45-03:00,2025-11-27 18:24:57-03:00,AUTO,14281.1494140625,0 days 00:47:12
2025-11-27 19:03:27-03:00,2025-11-27 19:21:00-03:00,AUTO,5470.35791015625,0 days 00:17:33
2025-11-27 19:45:04-03:00,2025-11-27 20:01:10-03:00,AUTO,4830.91162109375,0 days 00:16:06
2025-11-27 22:17:42-03:00,2025-11-27 22:33:55-03:00,AUTO,3950.984375,0 days 00:16:13
2025-11-28 00:52:33-03:00,2025-11-28 01:09:14-03:00,AUTO,5209.19873046875,0 days 00:16:41
2025-11-28 11:01:55-03:00,2025-11-28 11:33:23-03:00,AUTO,13240.1103515625,0 days 00:31:28
2025-11-28 13:16:34-03:00,2025-11-28 13:37:49-03:00,AUTO,4915.0009765625,0 days 00:21:15
2025-11-28 14:06:11-03:00,2025-11-28 14:17:45-03:00,AUTO,3528.46435546875,0 days 00:11:34
2025-11-28 15:03:58-03:00,2025-11-28 15:09:08-03:00,CAMINANDO,388.7745361328125,0 days 00:05:10
2025-11-28 15:18:39-03:00,2025-11-28 15:27:09-03:00,CAMINANDO,500.4785461425781,0 days 00:08:30
2025-11-28 18:16:40-03:00,2025-11-28 18:25:28-03:00,CAMINANDO,374.22332763671875,0 days 00:08:48
2025-11-28 18:25:28-03:00,2025-11-28 18:36:51-03:00,COLECTIVO,1503.814453125,0 days 00:11:23
2025-11-28 18:36:51-03:00,2025-11-28 18:38:54-03:00,CAMINANDO,113.70232391357422,0 days 00:02:03
2025-11-28 19:06:37-03:00,2025-11-28 19:45:35-03:00,AUTO,14597.7119140625,0 days 00:38:58
2025-11-29 13:36:06-03:00,2025-11-29 13:42:40-03:00,AUTO,2148.20947265625,0 days 00:06:34
2025-11-29 14:13:01-03:00,2025-11-29 14:44:39-03:00,AUTO,4281.97216796875,0 days 00:31:38
2025-11-29 17:49:13-03:00,2025-11-29 18:05:14-03:00,AUTO,3653.252197265625,0 days 00:16:01
2025-11-29 21:25:11-03:00,2025-11-29 21:39:56-03:00,AUTO,4203.0986328125,0 days 00:14:45
2025-11-29 22:07:05-03:00,2025-11-29 22:13:50-03:00,AUTO,2062.58056640625,0 days 00:06:45
2025-11-30 13:08:27-03:00,2025-11-30 13:15:06-03:00,AUTO,1771.499755859375,0 days 00:06:39
2025-11-30 13:21:33-03:00,2025-11-30 14:00:04-03:00,AUTO,40100.1484375,0 days 00:38:31
2025-11-30 15:03:44-03:00,2025-11-30 15:45:08-03:00,AUTO,35216.28515625,0 days 00:41:24
2025-12-01 09:02:56-03:00,2025-12-01 09:48:34-03:00,AUTO,29013.814453125,0 days 00:45:38
2025-12-01 11:29:51-03:00,2025-12-01 12:35:45-03:00,AUTO,16576.23828125,0 days 01:05:54
2025-12-01 12:35:45-03:00,2025-12-01 12:37:48-03:00,CAMINANDO,98.68191528320312,0 days 00:02:03
2025-12-01 13:55:40-03:00,2025-12-01 14:14:14-03:00,CAMINANDO,225.8504638671875,0 days 00:18:34
2025-12-01 16:09:47-03:00,2025-12-01 16:19:03-03:00,CAMINANDO,548.1453857421875,0 days 00:09:16
2025-12-01 16:19:03-03:00,2025-12-01 16:26:56-03:00,SUBTE,1209.6231689453125,0 days 00:07:53
2025-12-01 16:26:56-03:00,2025-12-01 16:29:05-03:00,CAMINANDO,151.05972290039062,0 days 00:02:09
2025-12-01 17:58:12-03:00,2025-12-01 18:55:45-03:00,COLECTIVO,16350.4501953125,0 days 00:57:33
2025-12-01 18:55:45-03:00,2025-12-01 18:57:53-03:00,CAMINANDO,127.86306762695312,0 days 00:02:08
2025-12-01 19:23:00-03:00,2025-12-01 19:35:17-03:00,MOTO,4027.014404296875,0 days 00:12:17
2025-12-01 21:30:21-03:00,2025-12-01 21:39:18-03:00,MOTO,4589.0888671875,0 days 00:08:57
2025-12-02 10:30:10-03:00,2025-12-02 10:36:06-03:00,CAMINANDO,224.86680603027344,0 days 00:05:56
2025-12-02 10:36:06-03:00,2025-12-02 11:30:29-03:00,COLECTIVO,16124.296875,0 days 00:54:23
2025-12-02 11:30:29-03:00,2025-12-02 11:43:55-03:00,CAMINANDO,1001.6497192382812,0 days 00:13:26
2025-12-02 12:32:07-03:00,2025-12-02 12:41:43-03:00,COLECTIVO,1547.443115234375,0 days 00:09:36
2025-12-02 12:41:43-03:00,2025-12-02 12:52:04-03:00,CAMINANDO,243.27294921875,0 days 00:10:21
2025-12-02 17:19:07-03:00,2025-12-02 17:32:56-03:00,AUTO,2750.875732421875,0 days 00:13:49
2025-12-02 17:38:07-03:00,2025-12-02 18:49:12-03:00,COLECTIVO,16411.541015625,0 days 01:11:05
2025-12-02 18:49:12-03:00,2025-12-02 19:00:19-03:00,CAMINANDO,235.50802612304688,0 days 00:11:07
2025-12-02 19:00:19-03:00,2025-12-02 20:07:14-03:00,CAMINANDO,328.81292724609375,0 days 01:06:55
2025-12-03 09:00:29-03:00,2025-12-03 09:19:03-03:00,AUTO,182.70065307617188,0 days 00:18:34
2025-12-03 11:38:23-03:00,2025-12-03 11:47:53-03:00,CAMINANDO,426.6944274902344,0 days 00:09:30
2025-12-03 11:47:53-03:00,2025-12-03 12:03:35-03:00,TREN,8965.654296875,0 days 00:15:42
2025-12-03 12:14:09-03:00,2025-12-03 12:19:21-03:00,COLECTIVO,1259.691650390625,0 days 00:05:12
2025-12-03 12:54:26-03:00,2025-12-03 13:46:33-03:00,CAMINANDO,2053.006103515625,0 days 00:52:07
2025-12-03 16:32:21-03:00,2025-12-03 16:47:15-03:00,CAMINANDO,608.8942260742188,0 days 00:14:54
2025-12-03 16:47:15-03:00,2025-12-03 17:58:32-03:00,COLECTIVO,16924.31640625,0 days 01:11:17
2025-12-03 17:58:32-03:00,2025-12-03 18:00:33-03:00,CAMINANDO,132.10467529296875,0 days 00:02:01
2025-12-03 19:11:52-03:00,2025-12-03 19:33:32-03:00,COLECTIVO,5177.16015625,0 days 00:21:40
2025-12-03 21:34:17-03:00,2025-12-03 21:52:06-03:00,COLECTIVO,4534.31787109375,0 days 00:17:49
2025-12-04 10:26:20-03:00,2025-12-04 10:32:53-03:00,CAMINANDO,115.78736877441406,0 days 00:06:33
2025-12-04 10:32:53-03:00,2025-12-04 11:19:36-03:00,COLECTIVO,14542.138671875,0 days 00:46:43
2025-12-04 11:19:36-03:00,2025-12-04 11:26:32-03:00,CAMINANDO,442.74176025390625,0 days 00:06:56
2025-12-04 11:40:39-03:00,2025-12-04 11:45:24-03:00,CAMINANDO,296.8127136230469,0 days 00:04:45
2025-12-04 11:58:50-03:00,2025-12-04 12:06:57-03:00,SUBTE,1513.530517578125,0 days 00:08:07
2025-12-04 15:26:23-03:00,2025-12-04 15:47:58-03:00,CAMINANDO,1459.2149658203125,0 days 00:21:35
2025-12-04 16:51:54-03:00,2025-12-04 17:06:51-03:00,CAMINANDO,1496.7989501953125,0 days 00:14:57
2025-12-04 17:31:18-03:00,2025-12-04 17:50:39-03:00,CAMINANDO,1390.3868408203125,0 days 00:19:21
2025-12-04 20:38:05-03:00,2025-12-04 21:53:17-03:00,COLECTIVO,13908.123046875,0 days 01:15:12
2025-12-05 13:54:56-03:00,2025-12-05 13:59:02-03:00,CAMINANDO,136.69017028808594,0 days 00:04:06
2025-12-05 14:05:22-03:00,2025-12-05 14:58:23-03:00,COLECTIVO,14809.2822265625,0 days 00:53:01
2025-12-05 14:58:23-03:00,2025-12-05 15:04:02-03:00,CAMINANDO,255.37391662597656,0 days 00:05:39
2025-12-05 17:25:17-03:00,2025-12-05 18:22:16-03:00,COLECTIVO,14671.5615234375,0 days 00:56:59
2025-12-05 18:22:16-03:00,2025-12-05 18:27:50-03:00,CAMINANDO,171.8202362060547,0 days 00:05:34
2025-12-05 19:27:35-03:00,2025-12-05 19:40:31-03:00,MOTO,3990.370849609375,0 days 00:12:56
2025-12-05 21:34:11-03:00,2025-12-05 21:50:28-03:00,MOTO,4733.54638671875,0 days 00:16:17
2025-12-06 07:16:59-03:00,2025-12-06 07:42:11-03:00,MOTO,13431.248046875,0 days 00:25:12
2025-12-06 09:38:32-03:00,2025-12-06 10:14:44-03:00,MOTO,10444.6767578125,0 days 00:36:12
2025-12-06 12:58:43-03:00,2025-12-06 13:04:40-03:00,CAMINANDO,190.3993682861328,0 days 00:05:57
2025-12-06 13:15:23-03:00,2025-12-06 13:28:30-03:00,CAMINANDO,448.616455078125,0 days 00:13:07
2025-12-06 17:50:16-03:00,2025-12-06 18:01:21-03:00,MOTO,3611.63818359375,0 days 00:11:05
2025-12-06 18:43:09-03:00,2025-12-06 18:53:41-03:00,MOTO,2269.10888671875,0 days 00:10:32
2025-12-07 08:11:16-03:00,2025-12-07 08:24:46-03:00,MOTO,6089.75390625,0 days 00:13:30
2025-12-07 08:30:43-03:00,2025-12-07 09:28:08-03:00,MOTO,28853.123046875,0 days 00:57:25
2025-12-07 10:26:56-03:00,2025-12-07 11:09:05-03:00,MOTO,39458.30859375,0 days 00:42:09
2025-12-07 13:09:56-03:00,2025-12-07 13:13:57-03:00,MOTO,673.9210205078125,0 days 00:04:01
2025-12-07 14:03:19-03:00,2025-12-07 15:10:22-03:00,MOTO,56419.796875,0 days 01:07:03
2025-12-07 15:46:49-03:00,2025-12-07 16:10:50-03:00,MOTO,10988.7275390625,0 days 00:24:01
2025-12-07 17:23:10-03:00,2025-12-07 17:35:08-03:00,MOTO,4166.3310546875,0 days 00:11:58
2025-12-08 16:10:30-03:00,2025-12-08 16:33:28-03:00,MOTO,21526.8359375,0 days 00:22:58
2025-12-08 16:59:01-03:00,2025-12-08 17:04:05-03:00,CAMINANDO,300.5657653808594,0 days 00:05:04
2025-12-08 19:30:45-03:00,2025-12-08 19:59:35-03:00,MOTO,20023.443359375,0 days 00:28:50
2025-12-09 11:56:22-03:00,2025-12-09 12:11:11-03:00,CAMINANDO,112.6158447265625,0 days 00:14:49
2025-12-09 12:11:11-03:00,2025-12-09 13:03:18-03:00,COLECTIVO,15545.3515625,0 days 00:52:07
2025-12-09 14:35:16-03:00,2025-12-09 14:42:15-03:00,CAMINANDO,201.5387420654297,0 days 00:06:59
2025-12-09 14:42:15-03:00,2025-12-09 14:52:10-03:00,COLECTIVO,1083.678466796875,0 days 00:09:55
2025-12-09 15:42:59-03:00,2025-12-09 16:03:46-03:00,CAMINANDO,1373.0374755859375,0 days 00:20:47
2025-12-09 17:14:48-03:00,2025-12-09 18:18:50-03:00,COLECTIVO,16229.310546875,0 days 01:04:02
2025-12-09 18:26:08-03:00,2025-12-09 18:30:13-03:00,CAMINANDO,184.06500244140625,0 days 00:04:05
2025-12-10 09:33:26-03:00,2025-12-10 09:40:48-03:00,CAMINANDO,255.6350860595703,0 days 00:07:22
2025-12-10 09:40:48-03:00,2025-12-10 10:39:33-03:00,AUTO,28076.375,0 days 00:58:45
2025-12-10 12:08:51-03:00,2025-12-10 12:26:37-03:00,AUTO,11616.626953125,0 days 00:17:46
2025-12-10 17:12:56-03:00,2025-12-10 18:09:41-03:00,COLECTIVO,14542.9228515625,0 days 00:56:45
2025-12-10 18:09:41-03:00,2025-12-10 18:13:41-03:00,CAMINANDO,198.58734130859375,0 days 00:04:00
2025-12-10 18:19:12-03:00,2025-12-10 18:25:20-03:00,CAMINANDO,190.78077697753906,0 days 00:06:08
2025-12-10 19:15:37-03:00,2025-12-10 19:24:11-03:00,CAMINANDO,506.26458740234375,0 days 00:08:34
2025-12-10 19:24:11-03:00,2025-12-10 19:48:47-03:00,COLECTIVO,4387.00146484375,0 days 00:24:36
2025-12-10 21:50:21-03:00,2025-12-10 21:58:57-03:00,COLECTIVO,2383.807373046875,0 days 00:08:36
2025-12-10 22:04:05-03:00,2025-12-10 22:14:38-03:00,COLECTIVO,2085.18505859375,0 days 00:10:33
2025-12-10 22:14:38-03:00,2025-12-10 22:18:35-03:00,CAMINANDO,200.63116455078125,0 days 00:03:57
2025-12-11 14:11:42-03:00,2025-12-11 14:15:46-03:00,CAMINANDO,124.61019134521484,0 days 00:04:04
2025-12-11 14:15:46-03:00,2025-12-11 14:51:55-03:00,COLECTIVO,7807.83154296875,0 days 00:36:09
2025-12-11 16:05:28-03:00,2025-12-11 16:12:42-03:00,AUTO,2055.0302734375,0 days 00:07:14
2025-12-11 16:40:48-03:00,2025-12-11 17:19:49-03:00,COLECTIVO,4868.61962890625,0 days 00:39:01
2025-12-11 20:48:52-03:00,2025-12-11 21:08:59-03:00,AUTO,5105.39453125,0 days 00:20:07
2025-12-12 00:59:50-03:00,2025-12-12 01:16:33-03:00,AUTO,5546.33740234375,0 days 00:16:43
2025-12-12 14:55:30-03:00,2025-12-12 15:03:35-03:00,CAMINANDO,115.76365661621094,0 days 00:08:05
2025-12-12 15:03:35-03:00,2025-12-12 15:53:06-03:00,COLECTIVO,11853.7216796875,0 days 00:49:31
2025-12-12 15:53:06-03:00,2025-12-12 15:57:07-03:00,CAMINANDO,182.28701782226562,0 days 00:04:01
2025-12-12 16:26:11-03:00,2025-12-12 16:35:44-03:00,COLECTIVO,1722.419921875,0 days 00:09:33
2025-12-12 16:44:36-03:00,2025-12-12 17:55:13-03:00,COLECTIVO,17121.048828125,0 days 01:10:37
2025-12-13 13:34:50-03:00,2025-12-13 13:50:47-03:00,AUTO,2711.81689453125,0 days 00:15:57
2025-12-13 17:54:01-03:00,2025-12-13 18:04:13-03:00,AUTO,3290.67919921875,0 days 00:10:12
2025-12-13 18:45:17-03:00,2025-12-13 19:01:37-03:00,AUTO,2172.83154296875,0 days 00:16:20
2025-12-15 09:29:58-03:00,2025-12-15 11:11:46-03:00,CAMINANDO,490.7005615234375,0 days 01:41:48
2025-12-15 11:11:46-03:00,2025-12-15 12:09:05-03:00,COLECTIVO,16946.80859375,0 days 00:57:19
2025-12-15 12:09:05-03:00,2025-12-15 12:11:07-03:00,CAMINANDO,159.77845764160156,0 days 00:02:02
2025-12-15 14:43:51-03:00,2025-12-15 15:17:28-03:00,CAMINANDO,1774.9901123046875,0 days 00:33:37
2025-12-15 16:27:07-03:00,2025-12-15 17:27:10-03:00,COLECTIVO,12444.955078125,0 days 01:00:03
2025-12-15 17:27:10-03:00,2025-12-15 17:31:10-03:00,CAMINANDO,224.10081481933594,0 days 00:04:00
2025-12-16 11:03:15-03:00,2025-12-16 12:05:01-03:00,COLECTIVO,13980.41796875,0 days 01:01:46
2025-12-16 12:05:01-03:00,2025-12-16 12:06:57-03:00,CAMINANDO,125.2300033569336,0 days 00:01:56
2025-12-16 13:44:12-03:00,2025-12-16 13:57:55-03:00,CAMINANDO,1137.812744140625,0 days 00:13:43
2025-12-16 14:04:37-03:00,2025-12-16 14:12:17-03:00,CAMINANDO,567.625732421875,0 days 00:07:40
2025-12-16 16:42:23-03:00,2025-12-16 17:44:30-03:00,COLECTIVO,8498.576171875,0 days 01:02:07
2025-12-16 19:25:26-03:00,2025-12-16 19:45:30-03:00,COLECTIVO,4928.41650390625,0 days 00:20:04
2025-12-16 21:46:31-03:00,2025-12-16 22:06:59-03:00,COLECTIVO,2267.505859375,0 days 00:20:28
2025-12-17 09:53:29-03:00,2025-12-17 10:36:50-03:00,CAMINANDO,426.7435607910156,0 days 00:43:21
2025-12-17 10:36:50-03:00,2025-12-17 11:17:38-03:00,COLECTIVO,12075.75390625,0 days 00:40:48
2025-12-17 11:25:14-03:00,2025-12-17 11:34:37-03:00,COLECTIVO,1449.020751953125,0 days 00:09:23
2025-12-17 12:36:07-03:00,2025-12-17 12:56:17-03:00,COLECTIVO,3592.388427734375,0 days 00:20:10
2025-12-17 12:56:17-03:00,2025-12-17 13:02:12-03:00,CAMINANDO,179.20790100097656,0 days 00:05:55
2025-12-17 14:28:43-03:00,2025-12-17 14:47:08-03:00,CAMINANDO,1749.84033203125,0 days 00:18:25
2025-12-17 16:39:30-03:00,2025-12-17 18:16:32-03:00,COLECTIVO,16858.3984375,0 days 01:37:02
2025-12-17 19:48:48-03:00,2025-12-17 19:54:08-03:00,CAMINANDO,133.46876525878906,0 days 00:05:20
2025-12-17 19:54:08-03:00,2025-12-17 20:14:40-03:00,COLECTIVO,4789.2548828125,0 days 00:20:32
2025-12-17 22:03:54-03:00,2025-12-17 22:24:15-03:00,COLECTIVO,4653.962890625,0 days 00:20:21
2025-12-18 11:47:09-03:00,2025-12-18 11:57:23-03:00,CAMINANDO,380.3007507324219,0 days 00:10:14
2025-12-18 11:57:23-03:00,2025-12-18 12:08:48-03:00,COLECTIVO,2557.639892578125,0 days 00:11:25
2025-12-18 12:10:49-03:00,2025-12-18 12:29:14-03:00,COLECTIVO,9044.875,0 days 00:18:25
2025-12-18 12:29:14-03:00,2025-12-18 12:33:27-03:00,CAMINANDO,273.82830810546875,0 days 00:04:13
2025-12-18 14:28:10-03:00,2025-12-18 14:56:00-03:00,COLECTIVO,4909.251953125,0 days 00:27:50
2025-12-18 16:20:59-03:00,2025-12-18 16:28:08-03:00,COLECTIVO,798.5208740234375,0 days 00:07:09
2025-12-18 16:42:26-03:00,2025-12-18 17:53:16-03:00,COLECTIVO,16804.486328125,0 days 01:10:50
2025-12-18 17:53:16-03:00,2025-12-18 17:57:31-03:00,CAMINANDO,167.21266174316406,0 days 00:04:15
2025-12-18 18:42:46-03:00,2025-12-18 19:15:48-03:00,AUTO,6008.79345703125,0 days 00:33:02
2025-12-18 19:36:57-03:00,2025-12-18 19:57:09-03:00,MOTO,5929.86669921875,0 days 00:20:12
2025-12-18 19:57:09-03:00,2025-12-18 20:22:56-03:00,CAMINANDO,1080.00048828125,0 days 00:25:47
2025-12-18 21:57:18-03:00,2025-12-19 00:53:54-03:00,AUTO,5349.5068359375,0 days 02:56:36
2025-12-19 09:06:59-03:00,2025-12-19 09:29:48-03:00,AUTO,523.9434814453125,0 days 00:22:49
2025-12-19 10:04:09-03:00,2025-12-19 10:09:11-03:00,CAMINANDO,112.24716186523438,0 days 00:05:02
2025-12-19 10:21:48-03:00,2025-12-19 11:20:03-03:00,COLECTIVO,18200.61328125,0 days 00:58:15
2025-12-19 11:20:03-03:00,2025-12-19 11:29:00-03:00,CAMINANDO,519.8138427734375,0 days 00:08:57
2025-12-19 12:27:51-03:00,2025-12-19 12:34:03-03:00,CAMINANDO,448.66864013671875,0 days 00:06:12
2025-12-19 15:07:47-03:00,2025-12-19 16:21:18-03:00,COLECTIVO,17389.185546875,0 days 01:13:31
2025-12-19 16:21:18-03:00,2025-12-19 16:23:21-03:00,CAMINANDO,149.5445556640625,0 days 00:02:03
2025-12-19 21:14:53-03:00,2025-12-19 21:20:48-03:00,CAMINANDO,351.8446960449219,0 days 00:05:55
2025-12-19 21:21:59-03:00,2025-12-19 21:29:24-03:00,CAMINANDO,299.3482360839844,0 days 00:07:25
2025-12-19 22:07:56-03:00,2025-12-19 22:17:04-03:00,AUTO,1519.6142578125,0 days 00:09:08
2025-12-20 04:02:05-03:00,2025-12-20 04:11:18-03:00,AUTO,1849.1220703125,0 days 00:09:13
2025-12-20 17:21:34-03:00,2025-12-20 17:34:54-03:00,CAMINANDO,169.98403930664062,0 days 00:13:20
2025-12-20 17:34:54-03:00,2025-12-20 17:53:55-03:00,COLECTIVO,2671.3388671875,0 days 00:19:01
2025-12-20 19:11:11-03:00,2025-12-20 19:23:04-03:00,AUTO,3375.134765625,0 days 00:11:53
2025-12-20 20:47:58-03:00,2025-12-20 20:58:57-03:00,CAMINANDO,601.7695922851562,0 days 00:10:59
2025-12-20 22:03:33-03:00,2025-12-20 22:19:56-03:00,AUTO,4805.8369140625,0 days 00:16:23
2025-12-21 00:52:57-03:00,2025-12-21 04:24:32-03:00,AUTO,4507.626953125,0 days 03:31:35
2025-12-21 04:26:26-03:00,2025-12-21 04:37:41-03:00,MOTO,2554.846435546875,0 days 00:11:15
2025-12-21 13:07:12-03:00,2025-12-21 13:15:43-03:00,CAMINANDO,171.44996643066406,0 days 00:08:31
2025-12-21 13:15:43-03:00,2025-12-21 13:25:44-03:00,COLECTIVO,2640.66796875,0 days 00:10:01
2025-12-21 13:25:44-03:00,2025-12-21 13:37:40-03:00,CAMINANDO,250.6351776123047,0 days 00:11:56
2025-12-21 19:20:53-03:00,2025-12-21 19:37:46-03:00,MOTO,4697.97998046875,0 days 00:16:53
2025-12-21 22:10:25-03:00,2025-12-21 22:23:32-03:00,AUTO,5018.0498046875,0 days 00:13:07
2025-12-22 12:19:25-03:00,2025-12-22 13:06:41-03:00,COLECTIVO,16773.158203125,0 days 00:47:16
2025-12-22 13:06:41-03:00,2025-12-22 13:20:44-03:00,CAMINANDO,1090.1754150390625,0 days 00:14:03
2025-12-22 14:15:55-03:00,2025-12-22 14:17:57-03:00,CAMINANDO,144.35794067382812,0 days 00:02:02
2025-12-22 15:10:18-03:00,2025-12-22 15:19:54-03:00,CAMINANDO,672.5267333984375,0 days 00:09:36
2025-12-22 15:26:17-03:00,2025-12-22 15:36:39-03:00,CAMINANDO,611.8367309570312,0 days 00:10:22
2025-12-22 15:52:00-03:00,2025-12-22 16:40:59-03:00,AUTO,16730.494140625,0 days 00:48:59
2025-12-22 17:52:11-03:00,2025-12-22 19:03:13-03:00,AUTO,12390.3974609375,0 days 01:11:02
2025-12-22 19:36:19-03:00,2025-12-22 20:17:13-03:00,AUTO,17561.314453125,0 days 00:40:54
2025-12-23 10:04:26-03:00,2025-12-23 10:11:50-03:00,CAMINANDO,226.4005889892578,0 days 00:07:24
2025-12-23 10:11:50-03:00,2025-12-23 11:22:05-03:00,COLECTIVO,21889.21875,0 days 01:10:15
2025-12-23 11:38:18-03:00,2025-12-23 11:54:58-03:00,AUTO,1701.2811279296875,0 days 00:16:40
2025-12-23 12:03:59-03:00,2025-12-23 12:39:32-03:00,AUTO,17072.61328125,0 days 00:35:33
2025-12-23 13:47:23-03:00,2025-12-23 14:12:40-03:00,CAMINANDO,911.1110229492188,0 days 00:25:17
2025-12-23 16:55:06-03:00,2025-12-23 18:04:35-03:00,COLECTIVO,14973.1474609375,0 days 01:09:29
2025-12-23 18:04:35-03:00,2025-12-23 18:10:25-03:00,CAMINANDO,129.891845703125,0 days 00:05:50
2025-12-24 11:16:18-03:00,2025-12-24 11:30:45-03:00,MOTO,5133.4892578125,0 days 00:14:27
2025-12-24 11:52:15-03:00,2025-12-24 12:04:09-03:00,MOTO,5427.1416015625,0 days 00:11:54
2025-12-24 12:31:16-03:00,2025-12-24 12:42:44-03:00,CAMINANDO,267.6405944824219,0 days 00:11:28
2025-12-24 13:40:55-03:00,2025-12-24 14:08:43-03:00,MOTO,5255.8154296875,0 days 00:27:48
2025-12-24 14:10:43-03:00,2025-12-24 14:28:43-03:00,MOTO,5026.57763671875,0 days 00:18:00
2025-12-24 19:01:09-03:00,2025-12-24 19:49:34-03:00,MOTO,15850.0068359375,0 days 00:48:25
2025-12-25 13:36:04-03:00,2025-12-25 14:12:06-03:00,MOTO,14059.294921875,0 days 00:36:02
2025-12-25 15:01:36-03:00,2025-12-25 15:08:58-03:00,MOTO,2562.463134765625,0 days 00:07:22
2025-12-26 08:11:00-03:00,2025-12-26 08:21:15-03:00,CAMINANDO,154.1378631591797,0 days 00:10:15
2025-12-26 08:21:15-03:00,2025-12-26 09:10:25-03:00,AUTO,29062.998046875,0 days 00:49:10
2025-12-26 10:05:42-03:00,2025-12-26 10:33:32-03:00,AUTO,15394.736328125,0 days 00:27:50
2025-12-26 11:52:05-03:00,2025-12-26 12:05:06-03:00,AUTO,1931.52783203125,0 days 00:13:01
2025-12-26 13:50:25-03:00,2025-12-26 14:00:05-03:00,AUTO,1366.762939453125,0 days 00:09:40
2025-12-26 14:24:23-03:00,2025-12-26 14:27:58-03:00,CAMINANDO,245.88311767578125,0 days 00:03:35
2025-12-26 16:28:22-03:00,2025-12-26 16:37:51-03:00,CAMINANDO,520.2225341796875,0 days 00:09:29
2025-12-26 17:27:05-03:00,2025-12-26 18:04:00-03:00,AUTO,17816.455078125,0 days 00:36:55
2025-12-26 20:06:22-03:00,2025-12-26 20:19:38-03:00,AUTO,3977.3046875,0 days 00:13:16
2025-12-27 09:27:52-03:00,2025-12-27 09:47:34-03:00,AUTO,5011.064453125,0 days 00:19:42
2025-12-27 09:56:43-03:00,2025-12-27 11:04:37-03:00,AUTO,60067.6015625,0 days 01:07:54
2025-12-27 20:46:07-03:00,2025-12-27 21:54:01-03:00,AUTO,60273.55859375,0 days 01:07:54
2025-12-27 21:59:55-03:00,2025-12-27 22:13:41-03:00,AUTO,5036.3466796875,0 days 00:13:46
2025-12-28 13:17:52-03:00,2025-12-28 13:32:29-03:00,AUTO,2681.3427734375,0 days 00:14:37
2025-12-28 18:38:59-03:00,2025-12-28 19:16:46-03:00,AUTO,9226.7734375,0 days 00:37:47
2025-12-29 08:52:32-03:00,2025-12-29 08:57:37-03:00,CAMINANDO,32.08758544921875,0 days 00:05:05
2025-12-29 08:57:37-03:00,2025-12-29 09:03:13-03:00,AUTO,2013.533447265625,0 days 00:05:36
2025-12-29 09:59:35-03:00,2025-12-29 10:16:41-03:00,AUTO,4461.2197265625,0 days 00:17:06
2025-12-29 10:54:26-03:00,2025-12-29 11:26:43-03:00,AUTO,13243.2177734375,0 days 00:32:17
2025-12-29 12:33:06-03:00,2025-12-29 12:48:23-03:00,AUTO,3733.259765625,0 days 00:15:17
2025-12-29 13:12:21-03:00,2025-12-29 13:20:03-03:00,AUTO,558.4274291992188,0 days 00:07:42
2025-12-29 15:15:29-03:00,2025-12-29 15:34:08-03:00,AUTO,1617.5792236328125,0 days 00:18:39
2025-12-29 16:06:39-03:00,2025-12-29 16:43:33-03:00,AUTO,13299.451171875,0 days 00:36:54
2025-12-29 16:50:52-03:00,2025-12-29 17:26:45-03:00,AUTO,13255.806640625,0 days 00:35:53
2025-12-29 17:49:51-03:00,2025-12-29 18:08:38-03:00,AUTO,3605.77294921875,0 days 00:18:47
2025-12-29 19:21:35-03:00,2025-12-29 19:47:25-03:00,AUTO,6792.0009765625,0 days 00:25:50
2025-12-29 20:06:59-03:00,2025-12-29 20:21:43-03:00,AUTO,4062.583251953125,0 days 00:14:44
2025-12-29 20:50:32-03:00,2025-12-29 21:08:22-03:00,AUTO,5148.16162109375,0 days 00:17:50
2025-12-30 10:25:05-03:00,2025-12-30 11:13:08-03:00,AUTO,16874.71875,0 days 00:48:03
2025-12-30 12:12:55-03:00,2025-12-30 12:55:00-03:00,AUTO,15979.267578125,0 days 00:42:05
2025-12-30 13:27:07-03:00,2025-12-30 13:39:48-03:00,AUTO,2856.4140625,0 days 00:12:41
2025-12-30 15:01:08-03:00,2025-12-30 15:33:27-03:00,AUTO,22380.955078125,0 days 00:32:19
2025-12-30 15:53:30-03:00,2025-12-30 17:03:26-03:00,AUTO,47729.25,0 days 01:09:56
2025-12-30 18:23:10-03:00,2025-12-30 18:38:25-03:00,AUTO,5390.5361328125,0 days 00:15:15
2025-12-30 18:40:22-03:00,2025-12-30 18:56:30-03:00,AUTO,5262.27587890625,0 days 00:16:08
2025-12-30 22:09:25-03:00,2025-12-30 22:21:54-03:00,AUTO,5848.412109375,0 days 00:12:29
2025-12-30 22:44:15-03:00,2025-12-30 23:16:28-03:00,AUTO,26126.6171875,0 days 00:32:13
2025-12-30 23:27:31-03:00,2025-12-31 00:01:09-03:00,AUTO,27467.265625,0 days 00:33:38
2025-12-31 13:00:26-03:00,2025-12-31 13:22:46-03:00,AUTO,2395.815673828125,0 days 00:22:20
2025-12-31 14:04:07-03:00,2025-12-31 14:13:14-03:00,AUTO,1192.292236328125,0 days 00:09:07
2025-12-31 14:47:40-03:00,2025-12-31 15:07:08-03:00,AUTO,4797.2060546875,0 days 00:19:28
2025-12-31 15:16:10-03:00,2025-12-31 15:26:00-03:00,AUTO,2552.14794921875,0 days 00:09:50
2025-12-31 17:21:08-03:00,2025-12-31 17:25:12-03:00,AUTO,877.662841796875,0 days 00:04:04
2025-12-31 17:37:14-03:00,2025-12-31 17:39:15-03:00,AUTO,239.01519775390625,0 days 00:02:01
2025-12-31 18:10:38-03:00,2025-12-31 18:36:55-03:00,AUTO,10233.1181640625,0 days 00:26:17
2025-12-31 18:44:50-03:00,2025-12-31 19:05:34-03:00,AUTO,6748.76416015625,0 days 00:20:44
2025-12-31 19:08:42-03:00,2025-12-31 19:21:53-03:00,AUTO,3414.25537109375,0 days 00:13:11
2025-12-31 19:30:24-03:00,2025-12-31 19:32:25-03:00,AUTO,619.7764282226562,0 days 00:02:01
2026-01-01 01:49:21-03:00,2026-01-01 02:29:13-03:00,AUTO,11657.21875,0 days 00:39:52
2026-01-01 13:11:53-03:00,2026-01-01 14:02:11-03:00,AUTO,7912.6015625,0 days 00:50:18
2026-01-01 19:18:39-03:00,2026-01-01 19:40:19-03:00,AUTO,270.7149658203125,0 days 00:21:40
2026-01-01 19:50:25-03:00,2026-01-01 20:17:20-03:00,AUTO,7852.3828125,0 days 00:26:55
2026-01-01 20:31:31-03:00,2026-01-01 21:13:54-03:00,AUTO,27154.5390625,0 days 00:42:23
2026-01-01 21:38:16-03:00,2026-01-01 22:09:49-03:00,AUTO,29997.208984375,0 days 00:31:33
2026-01-01 23:21:22-03:00,2026-01-01 23:50:55-03:00,AUTO,35922.30859375,0 days 00:29:33
2026-01-02 00:39:52-03:00,2026-01-02 00:54:06-03:00,AUTO,5122.2041015625,0 days 00:14:14
2026-01-02 09:14:43-03:00,2026-01-02 09:45:58-03:00,AUTO,19517.046875,0 days 00:31:15
2026-01-02 09:56:36-03:00,2026-01-02 10:21:28-03:00,AUTO,15439.857421875,0 days 00:24:52
2026-01-02 10:56:36-03:00,2026-01-02 12:08:51-03:00,AUTO,19915.431640625,0 days 01:12:15
2026-01-02 12:08:51-03:00,2026-01-02 12:16:17-03:00,CAMINANDO,116.30471801757812,0 days 00:07:26
2026-01-02 14:14:33-03:00,2026-01-02 14:31:44-03:00,CAMINANDO,1248.4345703125,0 days 00:17:11
2026-01-02 14:59:36-03:00,2026-01-02 15:05:52-03:00,CAMINANDO,1325.80029296875,0 days 00:06:16
2026-01-02 16:20:35-03:00,2026-01-02 16:39:07-03:00,AUTO,1599.8837890625,0 days 00:18:32
2026-01-02 16:39:07-03:00,2026-01-02 17:38:33-03:00,COLECTIVO,16784.373046875,0 days 00:59:26
2026-01-03 10:36:07-03:00,2026-01-03 10:42:40-03:00,AUTO,1664.3817138671875,0 days 00:06:33
2026-01-03 11:45:41-03:00,2026-01-03 11:56:26-03:00,AUTO,2240.18310546875,0 days 00:10:45
2026-01-03 13:54:46-03:00,2026-01-03 14:05:39-03:00,AUTO,7837.9931640625,0 days 00:10:53
2026-01-03 17:13:27-03:00,2026-01-03 17:25:52-03:00,CAMINANDO,589.58837890625,0 days 00:12:25
2026-01-03 20:33:42-03:00,2026-01-03 20:38:42-03:00,AUTO,0.0,0 days 00:05:00
2026-01-03 21:14:22-03:00,2026-01-03 21:23:17-03:00,AUTO,2575.618408203125,0 days 00:08:55
2026-01-04 17:48:51-03:00,2026-01-04 17:59:50-03:00,COLECTIVO,2484.883544921875,0 days 00:10:59
2026-01-04 19:46:54-03:00,2026-01-04 20:03:46-03:00,AUTO,2.0151419639587402,0 days 00:16:52
2026-01-04 22:58:56-03:00,2026-01-04 23:06:27-03:00,AUTO,1956.362060546875,0 days 00:07:31
2026-01-05 12:40:01-03:00,2026-01-05 13:35:40-03:00,COLECTIVO,12207.5810546875,0 days 00:55:39
2026-01-05 13:35:40-03:00,2026-01-05 13:38:37-03:00,CAMINANDO,94.30065155029297,0 days 00:02:57
2026-01-05 15:48:18-03:00,2026-01-05 16:11:50-03:00,CAMINANDO,1164.1107177734375,0 days 00:23:32
2026-01-05 16:39:01-03:00,2026-01-05 16:55:27-03:00,CAMINANDO,2024.896240234375,0 days 00:16:26
2026-01-05 17:10:13-03:00,2026-01-05 18:19:02-03:00,COLECTIVO,16341.501953125,0 days 01:08:49
2026-01-05 18:19:02-03:00,2026-01-05 18:21:03-03:00,CAMINANDO,127.01630401611328,0 days 00:02:01
2026-01-06 11:37:49-03:00,2026-01-06 11:39:51-03:00,CAMINANDO,159.34530639648438,0 days 00:02:02
2026-01-06 11:44:36-03:00,2026-01-06 12:32:58-03:00,COLECTIVO,15295.2080078125,0 days 00:48:22
2026-01-06 14:10:56-03:00,2026-01-06 14:21:49-03:00,AUTO,1494.633056640625,0 days 00:10:53
2026-01-06 14:55:53-03:00,2026-01-06 15:11:33-03:00,CAMINANDO,938.553466796875,0 days 00:15:40
2026-01-06 16:09:07-03:00,2026-01-06 16:14:46-03:00,CAMINANDO,389.625732421875,0 days 00:05:39
2026-01-06 16:29:22-03:00,2026-01-06 16:37:33-03:00,CAMINANDO,535.6548461914062,0 days 00:08:11
2026-01-06 16:46:07-03:00,2026-01-06 17:42:13-03:00,COLECTIVO,15202.1318359375,0 days 00:56:06
2026-01-06 19:48:28-03:00,2026-01-06 19:52:41-03:00,CAMINANDO,198.30624389648438,0 days 00:04:13
2026-01-06 19:52:41-03:00,2026-01-06 20:12:35-03:00,COLECTIVO,5073.482421875,0 days 00:19:54
2026-01-06 21:05:53-03:00,2026-01-06 21:27:29-03:00,COLECTIVO,4588.52490234375,0 days 00:21:36
2026-01-07 11:17:56-03:00,2026-01-07 11:29:03-03:00,CAMINANDO,85.60531616210938,0 days 00:11:07
2026-01-07 11:29:03-03:00,2026-01-07 12:30:19-03:00,COLECTIVO,20492.61328125,0 days 01:01:16
2026-01-07 12:30:19-03:00,2026-01-07 12:39:47-03:00,CAMINANDO,535.5052490234375,0 days 00:09:28
2026-01-07 15:26:14-03:00,2026-01-07 15:36:03-03:00,CAMINANDO,485.741943359375,0 days 00:09:49
2026-01-07 16:20:32-03:00,2026-01-07 16:29:33-03:00,CAMINANDO,594.663330078125,0 days 00:09:01
2026-01-07 17:07:02-03:00,2026-01-07 17:11:45-03:00,AUTO,229.5651397705078,0 days 00:04:43
2026-01-07 17:11:45-03:00,2026-01-07 17:52:36-03:00,COLECTIVO,13544.6982421875,0 days 00:40:51
2026-01-07 18:22:19-03:00,2026-01-07 18:26:31-03:00,MOTO,1928.85986328125,0 days 00:04:12
2026-01-07 18:36:25-03:00,2026-01-07 18:49:01-03:00,MOTO,4687.57958984375,0 days 00:12:36
2026-01-07 20:00:31-03:00,2026-01-07 20:16:11-03:00,AUTO,4336.54931640625,0 days 00:15:40
2026-01-08 12:45:26-03:00,2026-01-08 12:59:02-03:00,AUTO,4431.029296875,0 days 00:13:36
2026-01-08 13:23:07-03:00,2026-01-08 13:40:50-03:00,COLECTIVO,4709.900390625,0 days 00:17:43
2026-01-08 13:46:07-03:00,2026-01-08 14:26:47-03:00,COLECTIVO,13145.2919921875,0 days 00:40:40
2026-01-08 14:26:47-03:00,2026-01-08 14:33:46-03:00,CAMINANDO,450.6595458984375,0 days 00:06:59
2026-01-08 15:18:15-03:00,2026-01-08 15:42:59-03:00,CAMINANDO,1033.9609375,0 days 00:24:44
2026-01-08 17:18:43-03:00,2026-01-08 17:32:20-03:00,CAMINANDO,531.84326171875,0 days 00:13:37
2026-01-08 17:32:20-03:00,2026-01-08 18:38:05-03:00,COLECTIVO,16345.4658203125,0 days 01:05:45
2026-01-09 10:06:48-03:00,2026-01-09 10:14:08-03:00,CAMINANDO,51.340213775634766,0 days 00:07:20
2026-01-09 10:14:08-03:00,2026-01-09 10:46:07-03:00,COLECTIVO,9016.5830078125,0 days 00:31:59
2026-01-09 10:46:07-03:00,2026-01-09 11:05:15-03:00,AUTO,5174.0546875,0 days 00:19:08
2026-01-09 12:49:39-03:00,2026-01-09 13:01:08-03:00,CAMINANDO,546.807373046875,0 days 00:11:29
2026-01-09 14:34:06-03:00,2026-01-09 15:02:05-03:00,CAMINANDO,1459.7803955078125,0 days 00:27:59
2026-01-09 16:27:36-03:00,2026-01-09 17:11:25-03:00,COLECTIVO,13088.9580078125,0 days 00:43:49
2026-01-09 17:11:25-03:00,2026-01-09 17:19:58-03:00,CAMINANDO,526.3955078125,0 days 00:08:33
2026-01-09 17:19:58-03:00,2026-01-09 17:36:34-03:00,COLECTIVO,11914.27734375,0 days 00:16:36
2026-01-09 18:17:53-03:00,2026-01-09 18:31:56-03:00,MOTO,4390.75390625,0 days 00:14:03
2026-01-10 18:01:03-03:00,2026-01-10 18:07:45-03:00,AUTO,1900.49609375,0 days 00:06:42
2026-01-10 19:00:36-03:00,2026-01-10 19:04:39-03:00,CAMINANDO,101.28216552734375,0 days 00:04:03
2026-01-10 19:15:34-03:00,2026-01-10 19:28:12-03:00,COLECTIVO,2184.9990234375,0 days 00:12:38
2026-01-11 17:39:28-03:00,2026-01-11 17:51:53-03:00,AUTO,2748.25390625,0 days 00:12:25
2026-01-11 20:10:58-03:00,2026-01-11 20:21:25-03:00,AUTO,2566.3076171875,0 days 00:10:27
2026-01-12 11:50:04-03:00,2026-01-12 11:52:06-03:00,CAMINANDO,120.4925765991211,0 days 00:02:02
2026-01-12 11:52:06-03:00,2026-01-12 12:05:35-03:00,COLECTIVO,2947.98583984375,0 days 00:13:29
2026-01-12 12:10:37-03:00,2026-01-12 12:27:07-03:00,TREN,15865.4521484375,0 days 00:16:30
2026-01-12 12:32:26-03:00,2026-01-12 12:39:28-03:00,AUTO,1252.291259765625,0 days 00:07:02
2026-01-12 14:56:01-03:00,2026-01-12 15:18:13-03:00,AUTO,3446.794921875,0 days 00:22:12
2026-01-12 15:18:13-03:00,2026-01-12 15:22:21-03:00,CAMINANDO,150.05166625976562,0 days 00:04:08
2026-01-12 17:14:27-03:00,2026-01-12 17:54:15-03:00,COLECTIVO,13542.5126953125,0 days 00:39:48
2026-01-12 17:54:15-03:00,2026-01-12 18:02:02-03:00,CAMINANDO,277.7117614746094,0 days 00:07:47
2026-01-12 18:27:24-03:00,2026-01-12 18:34:34-03:00,CAMINANDO,330.2813720703125,0 days 00:07:10
2026-01-12 18:34:34-03:00,2026-01-12 18:43:27-03:00,COLECTIVO,1958.9306640625,0 days 00:08:53
2026-01-12 18:43:27-03:00,2026-01-12 18:51:41-03:00,CAMINANDO,280.6291809082031,0 days 00:08:14
2026-01-13 09:08:11-03:00,2026-01-13 09:18:39-03:00,CAMINANDO,292.8148193359375,0 days 00:10:28
2026-01-13 09:18:39-03:00,2026-01-13 10:22:46-03:00,COLECTIVO,14395.0166015625,0 days 01:04:07
2026-01-13 10:22:46-03:00,2026-01-13 10:33:06-03:00,CAMINANDO,264.238037109375,0 days 00:10:20
2026-01-13 14:38:26-03:00,2026-01-13 15:53:45-03:00,COLECTIVO,18838.142578125,0 days 01:15:19
2026-01-13 19:34:43-03:00,2026-01-13 19:36:20-03:00,CAMINANDO,110.2099609375,0 days 00:01:37
2026-01-13 19:36:20-03:00,2026-01-13 19:56:50-03:00,COLECTIVO,4895.2666015625,0 days 00:20:30
2026-01-13 20:59:40-03:00,2026-01-13 21:20:08-03:00,COLECTIVO,4616.27978515625,0 days 00:20:28
2026-01-14 11:09:40-03:00,2026-01-14 11:13:08-03:00,CAMINANDO,142.1867218017578,0 days 00:03:28
2026-01-14 11:22:56-03:00,2026-01-14 12:17:48-03:00,COLECTIVO,16121.9326171875,0 days 00:54:52
2026-01-14 12:17:48-03:00,2026-01-14 12:29:40-03:00,CAMINANDO,672.651123046875,0 days 00:11:52
2026-01-14 15:08:19-03:00,2026-01-14 15:15:32-03:00,CAMINANDO,197.85072326660156,0 days 00:07:13
2026-01-14 15:21:44-03:00,2026-01-14 15:26:56-03:00,COLECTIVO,931.7320556640625,0 days 00:05:12
2026-01-14 17:14:13-03:00,2026-01-14 18:15:45-03:00,COLECTIVO,15464.90625,0 days 01:01:32
2026-01-14 22:33:55-03:00,2026-01-14 22:49:11-03:00,AUTO,5071.98291015625,0 days 00:15:16
2026-01-15 01:10:11-03:00,2026-01-15 01:30:37-03:00,AUTO,9104.1494140625,0 days 00:20:26
2026-01-15 07:38:24-03:00,2026-01-15 08:33:16-03:00,AUTO,26739.150390625,0 days 00:54:52
2026-01-15 10:02:16-03:00,2026-01-15 10:10:03-03:00,CAMINANDO,209.817626953125,0 days 00:07:47
2026-01-15 10:10:03-03:00,2026-01-15 11:15:24-03:00,COLECTIVO,25213.609375,0 days 01:05:21
2026-01-15 11:15:24-03:00,2026-01-15 11:30:17-03:00,CAMINANDO,831.7645263671875,0 days 00:14:53
2026-01-15 11:55:51-03:00,2026-01-15 12:11:52-03:00,CAMINANDO,877.8615112304688,0 days 00:16:01
2026-01-15 17:12:06-03:00,2026-01-15 18:05:45-03:00,COLECTIVO,15937.810546875,0 days 00:53:39
2026-01-15 18:05:45-03:00,2026-01-15 18:09:16-03:00,CAMINANDO,245.62416076660156,0 days 00:03:31
2026-01-16 09:21:25-03:00,2026-01-16 10:02:26-03:00,AUTO,19335.6484375,0 days 00:41:01
2026-01-16 10:42:28-03:00,2026-01-16 11:02:49-03:00,AUTO,5598.630859375,0 days 00:20:21
2026-01-16 13:44:18-03:00,2026-01-16 13:53:22-03:00,AUTO,1172.75439453125,0 days 00:09:04
2026-01-16 14:19:34-03:00,2026-01-16 14:33:22-03:00,AUTO,3109.47998046875,0 days 00:13:48
2026-01-16 16:39:15-03:00,2026-01-16 16:42:44-03:00,CAMINANDO,264.8315734863281,0 days 00:03:29
2026-01-16 16:42:44-03:00,2026-01-16 17:37:48-03:00,COLECTIVO,14927.73828125,0 days 00:55:04
2026-01-16 20:22:27-03:00,2026-01-16 20:27:22-03:00,CAMINANDO,128.199462890625,0 days 00:04:55
2026-01-16 20:35:18-03:00,2026-01-16 20:39:19-03:00,CAMINANDO,168.0459442138672,0 days 00:04:01
2026-01-17 10:33:56-03:00,2026-01-17 10:43:04-03:00,AUTO,1782.9599609375,0 days 00:09:08
2026-01-17 12:00:08-03:00,2026-01-17 12:02:11-03:00,CAMINANDO,179.36647033691406,0 days 00:02:03
2026-01-17 12:20:22-03:00,2026-01-17 12:31:28-03:00,AUTO,3151.320068359375,0 days 00:11:06
2026-01-17 12:56:44-03:00,2026-01-17 13:10:34-03:00,AUTO,3163.69677734375,0 days 00:13:50
2026-01-17 18:42:17-03:00,2026-01-17 19:12:03-03:00,MOTO,30836.017578125,0 days 00:29:46
2026-01-17 19:36:02-03:00,2026-01-17 20:04:20-03:00,MOTO,26701.85546875,0 days 00:28:18
2026-01-17 20:08:58-03:00,2026-01-17 20:23:05-03:00,MOTO,3749.0380859375,0 days 00:14:07
2026-01-18 07:44:39-03:00,2026-01-18 07:57:48-03:00,MOTO,10151.5380859375,0 days 00:13:09
2026-01-18 09:04:44-03:00,2026-01-18 09:46:33-03:00,MOTO,52132.1328125,0 days 00:41:49
2026-01-18 11:00:00-03:00,2026-01-18 11:43:10-03:00,MOTO,0.0,0 days 00:43:10
2026-01-18 11:43:10-03:00,2026-01-18 11:43:52-03:00,MOTO,131.02476501464844,0 days 00:00:42
2026-01-18 12:54:48-03:00,2026-01-18 15:08:42-03:00,MOTO,32086.26171875,0 days 02:13:54
2026-01-18 15:26:40-03:00,2026-01-18 15:54:00-03:00,MOTO,7174.7412109375,0 days 00:27:20
2026-01-18 16:02:50-03:00,2026-01-18 16:04:50-03:00,MOTO,0.0,0 days 00:02:00
2026-01-18 19:16:34-03:00,2026-01-18 19:48:55-03:00,MOTO,5972.59619140625,0 days 00:32:21
2026-01-18 20:52:25-03:00,2026-01-18 21:09:09-03:00,MOTO,12278.23046875,0 days 00:16:44
2026-01-19 07:18:11-03:00,2026-01-19 07:37:05-03:00,AUTO,17268.087890625,0 days 00:18:54
2026-01-19 08:17:09-03:00,2026-01-19 14:12:23-03:00,AUTO,101508.3984375,0 days 05:55:14
2026-01-19 14:12:23-03:00,2026-01-19 14:15:58-03:00,CAMINANDO,405.6166687011719,0 days 00:03:35
2026-01-19 14:24:56-03:00,2026-01-19 15:13:25-03:00,COLECTIVO,16779.0390625,0 days 00:48:29
2026-01-19 15:13:25-03:00,2026-01-19 15:18:23-03:00,CAMINANDO,302.85321044921875,0 days 00:04:58
2026-01-19 16:47:01-03:00,2026-01-19 16:55:29-03:00,CAMINANDO,411.3428955078125,0 days 00:08:28
2026-01-19 16:55:29-03:00,2026-01-19 17:56:53-03:00,COLECTIVO,17080.2734375,0 days 01:01:24
2026-01-19 17:56:53-03:00,2026-01-19 17:58:44-03:00,CAMINANDO,107.0289535522461,0 days 00:01:51
2026-01-20 09:47:32-03:00,2026-01-20 09:54:28-03:00,CAMINANDO,238.34304809570312,0 days 00:06:56
2026-01-20 09:54:28-03:00,2026-01-20 10:43:40-03:00,COLECTIVO,15342.9072265625,0 days 00:49:12
2026-01-20 10:43:40-03:00,2026-01-20 10:44:54-03:00,CAMINANDO,69.80921173095703,0 days 00:01:14
2026-01-20 11:10:16-03:00,2026-01-20 11:21:52-03:00,AUTO,2974.64306640625,0 days 00:11:36
2026-01-20 12:49:02-03:00,2026-01-20 13:03:28-03:00,COLECTIVO,3112.017578125,0 days 00:14:26
2026-01-20 13:03:28-03:00,2026-01-20 13:08:29-03:00,CAMINANDO,115.24526977539062,0 days 00:05:01
2026-01-20 14:42:04-03:00,2026-01-20 14:55:37-03:00,CAMINANDO,1231.7276611328125,0 days 00:13:33
2026-01-20 15:51:46-03:00,2026-01-20 16:04:43-03:00,CAMINANDO,236.1556396484375,0 days 00:12:57
2026-01-20 16:04:43-03:00,2026-01-20 17:17:18-03:00,COLECTIVO,18687.857421875,0 days 01:12:35
2026-01-20 17:17:18-03:00,2026-01-20 17:20:03-03:00,CAMINANDO,193.68910217285156,0 days 00:02:45
2026-01-20 19:39:32-03:00,2026-01-20 19:44:57-03:00,CAMINANDO,300.8802490234375,0 days 00:05:25
2026-01-20 19:44:57-03:00,2026-01-20 20:04:24-03:00,COLECTIVO,5283.4267578125,0 days 00:19:27
2026-01-20 20:04:24-03:00,2026-01-20 20:05:58-03:00,CAMINANDO,143.74147033691406,0 days 00:01:34
2026-01-20 21:57:40-03:00,2026-01-20 22:15:41-03:00,COLECTIVO,4493.1083984375,0 days 00:18:01
2026-01-20 22:15:41-03:00,2026-01-20 22:25:44-03:00,CAMINANDO,540.4429321289062,0 days 00:10:03
2026-01-21 08:01:32-03:00,2026-01-21 08:56:11-03:00,AUTO,26220.23046875,0 days 00:54:39
2026-01-21 08:56:11-03:00,2026-01-21 09:10:08-03:00,CAMINANDO,583.947998046875,0 days 00:13:57
2026-01-21 09:38:23-03:00,2026-01-21 09:43:50-03:00,CAMINANDO,362.5653991699219,0 days 00:05:27
2026-01-21 11:01:22-03:00,2026-01-21 11:09:16-03:00,CAMINANDO,329.89959716796875,0 days 00:07:54
2026-01-21 11:09:16-03:00,2026-01-21 12:21:38-03:00,COLECTIVO,19300.748046875,0 days 01:12:22
2026-01-21 17:00:42-03:00,2026-01-21 17:57:15-03:00,COLECTIVO,14826.5498046875,0 days 00:56:33
2026-01-22 12:53:49-03:00,2026-01-22 12:59:25-03:00,CAMINANDO,245.759033203125,0 days 00:05:36
2026-01-22 12:59:25-03:00,2026-01-22 13:46:03-03:00,COLECTIVO,14975.1337890625,0 days 00:46:38
2026-01-22 13:46:03-03:00,2026-01-22 13:58:58-03:00,CAMINANDO,268.8123779296875,0 days 00:12:55
2026-01-22 14:34:24-03:00,2026-01-22 14:48:18-03:00,CAMINANDO,1263.494384765625,0 days 00:13:54
2026-01-22 16:34:52-03:00,2026-01-22 16:37:13-03:00,CAMINANDO,129.6898956298828,0 days 00:02:21
2026-01-22 16:37:13-03:00,2026-01-22 17:18:12-03:00,AUTO,19932.892578125,0 days 00:40:59
2026-01-22 17:44:28-03:00,2026-01-22 18:39:54-03:00,AUTO,26175.994140625,0 days 00:55:26
2026-01-22 18:45:28-03:00,2026-01-22 18:48:33-03:00,AUTO,177.0347900390625,0 days 00:03:05
2026-01-23 10:09:09-03:00,2026-01-23 10:19:57-03:00,AUTO,3289.274169921875,0 days 00:10:48
2026-01-23 10:27:36-03:00,2026-01-23 11:07:29-03:00,AUTO,13577.4130859375,0 days 00:39:53
2026-01-23 12:45:43-03:00,2026-01-23 12:56:20-03:00,AUTO,2059.78466796875,0 days 00:10:37
2026-01-23 13:12:45-03:00,2026-01-23 13:16:28-03:00,CAMINANDO,299.7846984863281,0 days 00:03:43
2026-01-23 13:50:01-03:00,2026-01-23 14:00:03-03:00,CAMINANDO,250.34249877929688,0 days 00:10:02
2026-01-23 14:08:44-03:00,2026-01-23 14:28:24-03:00,AUTO,1727.528076171875,0 days 00:19:40
2026-01-23 17:00:50-03:00,2026-01-23 17:47:59-03:00,AUTO,14409.25,0 days 00:47:09
2026-01-24 12:55:57-03:00,2026-01-24 13:06:13-03:00,AUTO,2764.820068359375,0 days 00:10:16
2026-01-24 17:38:02-03:00,2026-01-24 17:43:22-03:00,AUTO,95.31871032714844,0 days 00:05:20
2026-01-24 20:28:01-03:00,2026-01-24 20:33:03-03:00,AUTO,1985.7650146484375,0 days 00:05:02
2026-01-26 10:50:59-03:00,2026-01-26 11:29:55-03:00,AUTO,16313.140625,0 days 00:38:56
2026-01-26 13:38:46-03:00,2026-01-26 13:48:10-03:00,CAMINANDO,192.34132385253906,0 days 00:09:24
2026-01-26 13:48:10-03:00,2026-01-26 14:14:44-03:00,AUTO,8114.98388671875,0 days 00:26:34
2026-01-26 14:43:04-03:00,2026-01-26 14:56:14-03:00,AUTO,11741.6669921875,0 days 00:13:10
2026-01-26 16:32:55-03:00,2026-01-26 17:27:15-03:00,AUTO,20212.986328125,0 days 00:54:20
2026-01-26 18:07:05-03:00,2026-01-26 18:15:57-03:00,AUTO,2301.537109375,0 days 00:08:52
2026-01-26 19:46:27-03:00,2026-01-26 20:10:34-03:00,AUTO,4266.4052734375,0 days 00:24:07
2026-01-26 22:00:07-03:00,2026-01-26 22:14:44-03:00,MOTO,4825.40576171875,0 days 00:14:37
2026-01-27 07:35:31-03:00,2026-01-27 08:48:47-03:00,AUTO,26100.05859375,0 days 01:13:16
2026-01-27 09:22:59-03:00,2026-01-27 09:48:07-03:00,AUTO,19444.537109375,0 days 00:25:08
2026-01-27 09:54:17-03:00,2026-01-27 10:27:32-03:00,AUTO,33267.02734375,0 days 00:33:15
2026-01-27 10:34:41-03:00,2026-01-27 10:49:56-03:00,AUTO,3248.4560546875,0 days 00:15:15
2026-01-27 14:26:42-03:00,2026-01-27 14:37:35-03:00,AUTO,2694.9140625,0 days 00:10:53
2026-01-27 15:24:29-03:00,2026-01-27 15:25:29-03:00,AUTO,225.24874877929688,0 days 00:01:00
2026-01-27 15:41:03-03:00,2026-01-27 15:44:26-03:00,AUTO,1323.655029296875,0 days 00:03:23
2026-01-27 15:50:06-03:00,2026-01-27 15:57:30-03:00,AUTO,1454.75439453125,0 days 00:07:24
2026-01-28 09:33:35-03:00,2026-01-28 10:09:48-03:00,AUTO,28708.3359375,0 days 00:36:13
2026-01-28 10:17:45-03:00,2026-01-28 10:20:19-03:00,SUBTE,1183.6689453125,0 days 00:02:34
2026-01-28 11:15:01-03:00,2026-01-28 11:32:23-03:00,CAMINANDO,666.4256591796875,0 days 00:17:22
2026-01-28 12:57:18-03:00,2026-01-28 13:05:36-03:00,COLECTIVO,1219.1826171875,0 days 00:08:18
2026-01-28 14:31:26-03:00,2026-01-28 14:36:43-03:00,AUTO,1140.4931640625,0 days 00:05:17
2026-01-28 16:05:33-03:00,2026-01-28 16:09:34-03:00,CAMINANDO,134.75091552734375,0 days 00:04:01
2026-01-28 16:09:34-03:00,2026-01-28 16:14:41-03:00,SUBTE,1185.279541015625,0 days 00:05:07
2026-01-28 16:14:41-03:00,2026-01-28 16:21:11-03:00,CAMINANDO,262.8226318359375,0 days 00:06:30
2026-01-28 17:17:25-03:00,2026-01-28 18:18:34-03:00,AUTO,14230.63671875,0 days 01:01:09
2026-01-28 20:10:16-03:00,2026-01-28 20:22:32-03:00,AUTO,3997.556640625,0 days 00:12:16
2026-01-28 21:10:47-03:00,2026-01-28 21:23:22-03:00,AUTO,5185.8359375,0 days 00:12:35
2026-01-29 09:49:42-03:00,2026-01-29 10:32:05-03:00,AUTO,28570.919921875,0 days 00:42:23
2026-01-29 10:44:59-03:00,2026-01-29 11:12:46-03:00,AUTO,17928.6875,0 days 00:27:47
2026-01-29 12:29:14-03:00,2026-01-29 12:33:15-03:00,CAMINANDO,260.21923828125,0 days 00:04:01
2026-01-29 14:53:28-03:00,2026-01-29 15:14:42-03:00,CAMINANDO,2796.24853515625,0 days 00:21:14
2026-01-29 16:26:07-03:00,2026-01-29 17:15:30-03:00,COLECTIVO,15290.1796875,0 days 00:49:23
2026-01-29 21:15:15-03:00,2026-01-29 21:30:55-03:00,AUTO,5130.42919921875,0 days 00:15:40
2026-01-30 00:45:50-03:00,2026-01-30 01:04:34-03:00,AUTO,8076.42138671875,0 days 00:18:44
2026-01-30 10:28:31-03:00,2026-01-30 10:32:42-03:00,CAMINANDO,178.67733764648438,0 days 00:04:11
2026-01-30 10:32:42-03:00,2026-01-30 11:17:40-03:00,COLECTIVO,11741.26953125,0 days 00:44:58
2026-01-30 11:17:40-03:00,2026-01-30 11:23:54-03:00,CAMINANDO,516.4534301757812,0 days 00:06:14
2026-01-30 12:15:50-03:00,2026-01-30 12:19:14-03:00,CAMINANDO,68.17919921875,0 days 00:03:24
2026-01-30 12:19:14-03:00,2026-01-30 12:30:32-03:00,SUBTE,1407.1590576171875,0 days 00:11:18
2026-01-30 12:35:27-03:00,2026-01-30 12:38:32-03:00,CAMINANDO,172.13314819335938,0 days 00:03:05
2026-01-30 13:41:36-03:00,2026-01-30 13:55:47-03:00,COLECTIVO,1775.5020751953125,0 days 00:14:11
2026-01-30 17:14:51-03:00,2026-01-30 17:23:42-03:00,CAMINANDO,623.6964721679688,0 days 00:08:51
2026-01-30 17:23:42-03:00,2026-01-30 18:28:23-03:00,COLECTIVO,18894.9375,0 days 01:04:41
2026-01-30 18:34:00-03:00,2026-01-30 18:39:47-03:00,CAMINANDO,388.987060546875,0 days 00:05:47
2026-01-30 21:38:47-03:00,2026-01-30 21:44:36-03:00,CAMINANDO,497.3927001953125,0 days 00:05:49
2026-01-30 22:01:28-03:00,2026-01-30 22:10:46-03:00,COLECTIVO,3309.89697265625,0 days 00:09:18
2026-01-31 00:16:12-03:00,2026-01-31 00:26:15-03:00,COLECTIVO,2551.411865234375,0 days 00:10:03
2026-01-31 13:05:43-03:00,2026-01-31 13:10:15-03:00,MOTO,768.5676879882812,0 days 00:04:32
2026-01-31 13:21:45-03:00,2026-01-31 14:05:48-03:00,MOTO,18850.740234375,0 days 00:44:03
2026-01-31 20:08:11-03:00,2026-01-31 20:46:42-03:00,MOTO,19609.77734375,0 days 00:38:31
2026-02-01 09:25:52-03:00,2026-02-01 09:33:41-03:00,CAMINANDO,169.75572204589844,0 days 00:07:49
2026-02-01 09:33:41-03:00,2026-02-01 09:38:42-03:00,AUTO,1798.5517578125,0 days 00:05:01
2026-02-01 10:00:14-03:00,2026-02-01 10:09:06-03:00,CAMINANDO,324.4350891113281,0 days 00:08:52
2026-02-01 10:09:06-03:00,2026-02-01 10:18:22-03:00,COLECTIVO,2392.946533203125,0 days 00:09:16
2026-02-01 10:18:22-03:00,2026-02-01 10:20:24-03:00,CAMINANDO,133.21530151367188,0 days 00:02:02
2026-02-01 10:25:01-03:00,2026-02-01 10:30:26-03:00,CAMINANDO,188.03724670410156,0 days 00:05:25
2026-02-01 12:23:59-03:00,2026-02-01 12:26:01-03:00,CAMINANDO,154.0812530517578,0 days 00:02:02
2026-02-01 12:35:32-03:00,2026-02-01 12:39:11-03:00,CAMINANDO,145.0634002685547,0 days 00:03:39
2026-02-01 13:23:26-03:00,2026-02-01 13:35:43-03:00,MOTO,4968.4462890625,0 days 00:12:17
2026-02-01 13:44:46-03:00,2026-02-01 13:58:33-03:00,MOTO,4127.552734375,0 days 00:13:47
2026-02-01 14:03:08-03:00,2026-02-01 14:07:46-03:00,MOTO,1496.865478515625,0 days 00:04:38
2026-02-01 16:58:21-03:00,2026-02-01 17:26:10-03:00,MOTO,4296.79638671875,0 days 00:27:49
2026-02-01 19:37:47-03:00,2026-02-01 19:45:51-03:00,MOTO,2558.206298828125,0 days 00:08:04
2026-02-02 13:41:22-03:00,2026-02-02 13:51:40-03:00,CAMINANDO,133.10850524902344,0 days 00:10:18
2026-02-02 13:51:40-03:00,2026-02-02 14:34:00-03:00,COLECTIVO,18305.787109375,0 days 00:42:20
2026-02-02 14:34:00-03:00,2026-02-02 14:40:49-03:00,CAMINANDO,199.9466094970703,0 days 00:06:49
2026-02-02 15:47:29-03:00,2026-02-02 16:09:19-03:00,COLECTIVO,4131.6923828125,0 days 00:21:50
2026-02-02 16:32:35-03:00,2026-02-02 17:25:08-03:00,COLECTIVO,14701.4580078125,0 days 00:52:33
2026-02-03 10:05:25-03:00,2026-02-03 10:16:48-03:00,AUTO,2203.44384765625,0 days 00:11:23
2026-02-03 10:30:06-03:00,2026-02-03 10:36:04-03:00,CAMINANDO,366.4423522949219,0 days 00:05:58
2026-02-03 10:36:04-03:00,2026-02-03 10:47:22-03:00,TREN,8847.240234375,0 days 00:11:18
2026-02-03 10:53:46-03:00,2026-02-03 10:57:12-03:00,SUBTE,1003.50048828125,0 days 00:03:26
2026-02-03 11:00:49-03:00,2026-02-03 11:09:22-03:00,SUBTE,1450.962646484375,0 days 00:08:33
2026-02-03 11:09:22-03:00,2026-02-03 11:10:34-03:00,CAMINANDO,87.89484405517578,0 days 00:01:12
2026-02-03 12:36:43-03:00,2026-02-03 12:45:17-03:00,SUBTE,985.6919555664062,0 days 00:08:34
2026-02-03 12:45:17-03:00,2026-02-03 12:48:25-03:00,CAMINANDO,172.08506774902344,0 days 00:03:08
2026-02-03 16:13:15-03:00,2026-02-03 17:04:30-03:00,COLECTIVO,14708.8203125,0 days 00:51:15
2026-02-03 17:04:30-03:00,2026-02-03 17:06:32-03:00,CAMINANDO,127.2413558959961,0 days 00:02:02
2026-02-04 09:24:59-03:00,2026-02-04 09:27:33-03:00,CAMINANDO,78.79104614257812,0 days 00:02:34
2026-02-04 09:34:52-03:00,2026-02-04 09:49:22-03:00,COLECTIVO,2918.451171875,0 days 00:14:30
2026-02-04 09:49:22-03:00,2026-02-04 10:07:45-03:00,TREN,8744.361328125,0 days 00:18:23
2026-02-04 10:15:11-03:00,2026-02-04 10:17:19-03:00,SUBTE,1008.3533935546875,0 days 00:02:08
2026-02-04 10:25:00-03:00,2026-02-04 10:31:46-03:00,SUBTE,1383.2584228515625,0 days 00:06:46
2026-02-04 10:31:46-03:00,2026-02-04 10:33:13-03:00,CAMINANDO,98.20305633544922,0 days 00:01:27
2026-02-04 12:42:17-03:00,2026-02-04 12:59:45-03:00,CAMINANDO,734.8214111328125,0 days 00:17:28
2026-02-04 13:25:45-03:00,2026-02-04 13:31:58-03:00,CAMINANDO,393.2264099121094,0 days 00:06:13
2026-02-04 13:42:25-03:00,2026-02-04 13:56:27-03:00,CAMINANDO,921.5162353515625,0 days 00:14:02
2026-02-04 14:42:48-03:00,2026-02-04 14:51:08-03:00,COLECTIVO,1919.869873046875,0 days 00:08:20
2026-02-04 14:51:08-03:00,2026-02-04 15:04:38-03:00,AUTO,4091.27978515625,0 days 00:13:30
2026-02-04 15:46:18-03:00,2026-02-04 16:40:53-03:00,COLECTIVO,14960.203125,0 days 00:54:35
2026-02-04 19:08:47-03:00,2026-02-04 19:15:34-03:00,CAMINANDO,157.0915985107422,0 days 00:06:47
2026-02-04 19:15:34-03:00,2026-02-04 19:36:29-03:00,COLECTIVO,5172.806640625,0 days 00:20:55
2026-02-04 20:48:00-03:00,2026-02-04 21:02:41-03:00,COLECTIVO,4588.02587890625,0 days 00:14:41
2026-02-04 21:02:41-03:00,2026-02-04 21:04:43-03:00,CAMINANDO,136.25962829589844,0 days 00:02:02
2026-02-05 09:06:14-03:00,2026-02-05 09:10:28-03:00,CAMINANDO,324.25048828125,0 days 00:04:14
2026-02-05 09:10:28-03:00,2026-02-05 10:08:28-03:00,COLECTIVO,16368.140625,0 days 00:58:00
2026-02-05 10:08:28-03:00,2026-02-05 10:14:53-03:00,CAMINANDO,559.0117797851562,0 days 00:06:25
2026-02-05 10:41:13-03:00,2026-02-05 10:44:08-03:00,CAMINANDO,146.35089111328125,0 days 00:02:55
2026-02-05 11:53:58-03:00,2026-02-05 12:04:24-03:00,AUTO,1237.543212890625,0 days 00:10:26
2026-02-05 13:24:06-03:00,2026-02-05 13:36:35-03:00,AUTO,2702.06689453125,0 days 00:12:29
2026-02-05 14:41:35-03:00,2026-02-05 14:53:07-03:00,CAMINANDO,549.7479858398438,0 days 00:11:32
2026-02-05 14:53:07-03:00,2026-02-05 15:09:38-03:00,COLECTIVO,2914.6982421875,0 days 00:16:31
2026-02-05 16:43:28-03:00,2026-02-05 17:42:53-03:00,COLECTIVO,15457.09765625,0 days 00:59:25
2026-02-05 17:42:53-03:00,2026-02-05 17:44:54-03:00,CAMINANDO,123.0993423461914,0 days 00:02:01
2026-02-05 20:13:25-03:00,2026-02-05 20:17:28-03:00,CAMINANDO,574.6270751953125,0 days 00:04:03
2026-02-05 20:24:44-03:00,2026-02-05 20:26:15-03:00,CAMINANDO,100.78192138671875,0 days 00:01:31
2026-02-06 12:45:31-03:00,2026-02-06 12:51:05-03:00,CAMINANDO,131.3816680908203,0 days 00:05:34
2026-02-06 12:51:05-03:00,2026-02-06 13:44:38-03:00,COLECTIVO,17115.5703125,0 days 00:53:33
2026-02-06 13:44:38-03:00,2026-02-06 13:46:49-03:00,CAMINANDO,121.26939392089844,0 days 00:02:11
2026-02-06 15:07:34-03:00,2026-02-06 15:16:24-03:00,CAMINANDO,339.0508117675781,0 days 00:08:50
2026-02-06 15:16:24-03:00,2026-02-06 15:23:15-03:00,COLECTIVO,1418.1898193359375,0 days 00:06:51
2026-02-06 16:39:11-03:00,2026-02-06 17:32:26-03:00,COLECTIVO,14961.2822265625,0 days 00:53:15
2026-02-06 18:28:26-03:00,2026-02-06 18:48:39-03:00,COLECTIVO,4947.8134765625,0 days 00:20:13
2026-02-06 21:01:28-03:00,2026-02-06 21:20:43-03:00,COLECTIVO,4820.11474609375,0 days 00:19:15
2026-02-07 11:04:41-03:00,2026-02-07 11:11:43-03:00,AUTO,2068.96923828125,0 days 00:07:02
2026-02-07 12:31:59-03:00,2026-02-07 12:42:55-03:00,AUTO,3318.001953125,0 days 00:10:56
2026-02-07 18:34:51-03:00,2026-02-07 18:42:59-03:00,AUTO,2587.105224609375,0 days 00:08:08
2026-02-08 10:12:12-03:00,2026-02-08 11:15:44-03:00,AUTO,45893.19140625,0 days 01:03:32
2026-02-08 19:20:20-03:00,2026-02-08 19:46:05-03:00,AUTO,18988.359375,0 days 00:25:45
2026-02-08 20:07:58-03:00,2026-02-08 20:33:19-03:00,MOTO,24925.796875,0 days 00:25:21
2026-02-09 13:56:51-03:00,2026-02-09 13:58:11-03:00,CAMINANDO,139.2852325439453,0 days 00:01:20
2026-02-09 14:02:55-03:00,2026-02-09 14:48:20-03:00,COLECTIVO,14470.7998046875,0 days 00:45:25
2026-02-09 14:48:20-03:00,2026-02-09 14:56:35-03:00,CAMINANDO,603.7052001953125,0 days 00:08:15
2026-02-09 15:38:19-03:00,2026-02-09 15:44:01-03:00,CAMINANDO,417.1025390625,0 days 00:05:42
2026-02-09 16:07:19-03:00,2026-02-09 16:13:21-03:00,SUBTE,1411.462646484375,0 days 00:06:02
2026-02-09 16:13:21-03:00,2026-02-09 16:18:55-03:00,CAMINANDO,108.6675796508789,0 days 00:05:34
2026-02-09 16:53:10-03:00,2026-02-09 16:56:08-03:00,CAMINANDO,108.02749633789062,0 days 00:02:58
2026-02-09 16:56:08-03:00,2026-02-09 17:44:08-03:00,COLECTIVO,16327.19140625,0 days 00:48:00
2026-02-09 17:44:08-03:00,2026-02-09 17:45:35-03:00,CAMINANDO,115.23694610595703,0 days 00:01:27
2026-02-09 19:00:23-03:00,2026-02-09 19:06:23-03:00,CAMINANDO,232.02210998535156,0 days 00:06:00
2026-02-09 19:06:23-03:00,2026-02-09 19:25:35-03:00,COLECTIVO,5003.3935546875,0 days 00:19:12
2026-02-09 20:35:02-03:00,2026-02-09 20:50:34-03:00,COLECTIVO,4444.40966796875,0 days 00:15:32
2026-02-09 20:50:34-03:00,2026-02-09 20:54:34-03:00,CAMINANDO,218.95809936523438,0 days 00:04:00
2026-02-09 21:31:36-03:00,2026-02-09 21:43:17-03:00,AUTO,2905.166259765625,0 days 00:11:41
2026-02-10 00:11:02-03:00,2026-02-10 00:21:05-03:00,AUTO,3090.0703125,0 days 00:10:03
2026-02-10 14:17:28-03:00,2026-02-10 14:25:09-03:00,CAMINANDO,387.67803955078125,0 days 00:07:41
2026-02-10 14:25:09-03:00,2026-02-10 15:19:44-03:00,COLECTIVO,16298.6259765625,0 days 00:54:35
2026-02-10 15:19:44-03:00,2026-02-10 15:32:52-03:00,CAMINANDO,513.29296875,0 days 00:13:08
2026-02-10 16:15:49-03:00,2026-02-10 16:19:18-03:00,AUTO,67.4704360961914,0 days 00:03:29
2026-02-10 16:19:18-03:00,2026-02-10 17:34:22-03:00,COLECTIVO,17561.869140625,0 days 01:15:04
2026-02-11 09:46:57-03:00,2026-02-11 09:52:21-03:00,CAMINANDO,229.8936767578125,0 days 00:05:24
2026-02-11 09:52:21-03:00,2026-02-11 10:55:12-03:00,COLECTIVO,14957.7841796875,0 days 01:02:51
2026-02-11 10:55:12-03:00,2026-02-11 10:59:39-03:00,SUBTE,614.0220336914062,0 days 00:04:27
2026-02-11 12:34:35-03:00,2026-02-11 12:36:16-03:00,CAMINANDO,143.4127197265625,0 days 00:01:41
2026-02-11 12:46:35-03:00,2026-02-11 13:02:40-03:00,CAMINANDO,665.8006591796875,0 days 00:16:05
2026-02-11 16:24:52-03:00,2026-02-11 16:28:37-03:00,CAMINANDO,247.7896728515625,0 days 00:03:45
2026-02-11 16:28:37-03:00,2026-02-11 17:20:18-03:00,COLECTIVO,14778.28515625,0 days 00:51:41
2026-02-11 17:20:18-03:00,2026-02-11 17:23:05-03:00,CAMINANDO,192.3895263671875,0 days 00:02:47
2026-02-11 19:38:51-03:00,2026-02-11 19:45:04-03:00,CAMINANDO,235.2665557861328,0 days 00:06:13
2026-02-11 19:45:04-03:00,2026-02-11 20:06:17-03:00,COLECTIVO,2865.50341796875,0 days 00:21:13
2026-02-11 21:26:29-03:00,2026-02-11 21:39:26-03:00,CAMINANDO,299.24053955078125,0 days 00:12:57
2026-02-11 21:39:26-03:00,2026-02-11 21:55:45-03:00,COLECTIVO,4394.44921875,0 days 00:16:19
2026-02-12 13:37:16-03:00,2026-02-12 13:43:18-03:00,CAMINANDO,322.9022216796875,0 days 00:06:02
2026-02-12 13:43:18-03:00,2026-02-12 14:44:45-03:00,COLECTIVO,16578.5390625,0 days 01:01:27
2026-02-12 14:44:45-03:00,2026-02-12 14:46:17-03:00,CAMINANDO,100.51280975341797,0 days 00:01:32
2026-02-12 16:10:32-03:00,2026-02-12 16:15:07-03:00,CAMINANDO,155.89761352539062,0 days 00:04:35
2026-02-12 16:15:07-03:00,2026-02-12 16:27:17-03:00,COLECTIVO,1397.9315185546875,0 days 00:12:10
2026-02-12 16:58:13-03:00,2026-02-12 17:54:16-03:00,COLECTIVO,15018.2060546875,0 days 00:56:03
2026-02-12 18:57:25-03:00,2026-02-12 19:05:54-03:00,MOTO,3529.9296875,0 days 00:08:29
2026-02-12 20:11:45-03:00,2026-02-12 20:30:11-03:00,MOTO,7847.22314453125,0 days 00:18:26
2026-02-12 22:25:44-03:00,2026-02-12 22:55:39-03:00,MOTO,10842.4091796875,0 days 00:29:55
2026-02-13 14:38:56-03:00,2026-02-13 14:41:50-03:00,CAMINANDO,119.76746368408203,0 days 00:02:54
2026-02-13 14:50:09-03:00,2026-02-13 15:36:48-03:00,COLECTIVO,15703.6005859375,0 days 00:46:39
2026-02-13 15:36:48-03:00,2026-02-13 15:40:48-03:00,CAMINANDO,198.63992309570312,0 days 00:04:00
2026-02-13 16:38:27-03:00,2026-02-13 17:31:21-03:00,COLECTIVO,14671.7958984375,0 days 00:52:54
2026-02-13 17:31:21-03:00,2026-02-13 17:34:08-03:00,CAMINANDO,219.4385528564453,0 days 00:02:47
2026-02-14 08:50:57-03:00,2026-02-14 08:57:51-03:00,CAMINANDO,156.655517578125,0 days 00:06:54
2026-02-14 08:57:51-03:00,2026-02-14 09:05:43-03:00,COLECTIVO,2284.007568359375,0 days 00:07:52
2026-02-14 09:51:56-03:00,2026-02-14 09:59:47-03:00,CAMINANDO,111.23562622070312,0 days 00:07:51
2026-02-14 10:05:17-03:00,2026-02-14 10:13:33-03:00,COLECTIVO,2329.945068359375,0 days 00:08:16
2026-02-14 14:43:50-03:00,2026-02-14 14:47:40-03:00,CAMINANDO,124.77081298828125,0 days 00:03:50
2026-02-14 14:54:37-03:00,2026-02-14 15:02:40-03:00,COLECTIVO,2771.2685546875,0 days 00:08:03
2026-02-14 16:23:12-03:00,2026-02-14 16:25:14-03:00,CAMINANDO,118.01956939697266,0 days 00:02:02
2026-02-14 16:32:28-03:00,2026-02-14 16:51:11-03:00,COLECTIVO,10669.6337890625,0 days 00:18:43
2026-02-15 02:08:48-03:00,2026-02-15 02:25:42-03:00,CAMINANDO,544.2763061523438,0 days 00:16:54
2026-02-15 02:25:42-03:00,2026-02-15 03:34:42-03:00,AUTO,10711.74609375,0 days 01:09:00
2026-02-15 18:24:19-03:00,2026-02-15 18:46:47-03:00,AUTO,7120.89453125,0 days 00:22:28
2026-02-15 18:46:47-03:00,2026-02-15 18:57:03-03:00,CAMINANDO,1466.727783203125,0 days 00:10:16
2026-02-15 18:57:03-03:00,2026-02-16 02:45:15-03:00,CAMINANDO,12183.3349609375,0 days 07:48:12
2026-02-16 02:45:15-03:00,2026-02-16 03:05:18-03:00,AUTO,8689.46484375,0 days 00:20:03
2026-02-16 14:02:45-03:00,2026-02-16 14:08:46-03:00,MOTO,3020.61474609375,0 days 00:06:01
2026-02-16 16:50:26-03:00,2026-02-16 16:52:28-03:00,CAMINANDO,128.87742614746094,0 days 00:02:02
2026-02-16 17:03:43-03:00,2026-02-16 17:05:44-03:00,CAMINANDO,119.58480834960938,0 days 00:02:01
2026-02-16 18:19:14-03:00,2026-02-16 18:41:13-03:00,MOTO,6096.8115234375,0 days 00:21:59
2026-02-16 20:33:26-03:00,2026-02-16 20:48:47-03:00,MOTO,4244.27734375,0 days 00:15:21
2026-02-17 09:57:48-03:00,2026-02-17 10:08:11-03:00,CAMINANDO,236.43020629882812,0 days 00:10:23
2026-02-17 10:52:21-03:00,2026-02-17 11:00:26-03:00,AUTO,3082.107666015625,0 days 00:08:05
2026-02-17 11:05:25-03:00,2026-02-17 11:08:37-03:00,AUTO,829.89453125,0 days 00:03:12
2026-02-17 11:20:46-03:00,2026-02-17 11:27:38-03:00,AUTO,884.8242797851562,0 days 00:06:52
2026-02-17 11:33:45-03:00,2026-02-17 11:38:50-03:00,AUTO,1264.9317626953125,0 days 00:05:05
2026-02-17 11:49:44-03:00,2026-02-17 11:57:02-03:00,AUTO,2524.889892578125,0 days 00:07:18
2026-02-17 12:13:43-03:00,2026-02-17 12:21:20-03:00,AUTO,913.8497314453125,0 days 00:07:37
2026-02-17 12:30:44-03:00,2026-02-17 12:38:45-03:00,AUTO,1402.223388671875,0 days 00:08:01
2026-02-17 20:01:11-03:00,2026-02-17 20:23:06-03:00,AUTO,5127.16357421875,0 days 00:21:55
2026-02-17 20:31:38-03:00,2026-02-17 20:41:39-03:00,AUTO,2642.993896484375,0 days 00:10:01
2026-02-18 12:41:24-03:00,2026-02-18 12:45:15-03:00,CAMINANDO,226.80393981933594,0 days 00:03:51
2026-02-18 12:58:11-03:00,2026-02-18 13:46:36-03:00,COLECTIVO,15035.15625,0 days 00:48:25
2026-02-18 17:32:25-03:00,2026-02-18 17:45:51-03:00,CAMINANDO,1038.1370849609375,0 days 00:13:26
2026-02-18 18:00:30-03:00,2026-02-18 18:11:46-03:00,CAMINANDO,375.16912841796875,0 days 00:11:16
2026-02-18 18:11:46-03:00,2026-02-18 18:58:25-03:00,COLECTIVO,13859.150390625,0 days 00:46:39
2026-02-19 12:02:09-03:00,2026-02-19 12:06:34-03:00,CAMINANDO,68.8752212524414,0 days 00:04:25
2026-02-19 12:14:49-03:00,2026-02-19 12:18:04-03:00,CAMINANDO,191.6188507080078,0 days 00:03:15
2026-02-20 08:12:33-03:00,2026-02-20 08:23:53-03:00,COLECTIVO,2405.60107421875,0 days 00:11:20
2026-02-20 09:02:06-03:00,2026-02-20 09:09:55-03:00,COLECTIVO,1909.620849609375,0 days 00:07:49
2026-02-20 09:09:55-03:00,2026-02-20 09:11:56-03:00,CAMINANDO,83.12291717529297,0 days 00:02:01
2026-02-20 11:13:49-03:00,2026-02-20 12:07:51-03:00,COLECTIVO,19653.68359375,0 days 00:54:02
2026-02-20 12:07:51-03:00,2026-02-20 12:10:36-03:00,CAMINANDO,199.34776306152344,0 days 00:02:45
2026-02-20 15:00:45-03:00,2026-02-20 15:30:48-03:00,COLECTIVO,8177.12255859375,0 days 00:30:03
2026-02-20 16:46:47-03:00,2026-02-20 18:50:45-03:00,AVION,793241.0,0 days 02:03:58
2026-02-20 18:50:45-03:00,2026-02-20 21:11:21-03:00,AUTO,42687.65625,0 days 02:20:36
2026-02-20 21:33:05-03:00,2026-02-20 21:44:44-03:00,AUTO,4474.5830078125,0 days 00:11:39
2026-02-21 01:49:28-03:00,2026-02-21 01:58:07-03:00,AUTO,3986.964599609375,0 days 00:08:39
2026-02-21 10:33:31-03:00,2026-02-21 11:46:59-03:00,AUTO,92736.0546875,0 days 01:13:28
2026-02-21 12:33:05-03:00,2026-02-21 13:39:22-03:00,AUTO,94272.9140625,0 days 01:06:17
2026-02-21 16:20:36-03:00,2026-02-21 20:53:33-03:00,AUTO,68440.28125,0 days 04:32:57
2026-02-21 21:05:06-03:00,2026-02-21 21:12:27-03:00,AUTO,345.2273254394531,0 days 00:07:21
2026-02-22 06:19:46-03:00,2026-02-22 10:41:07-03:00,AUTO,31859.64453125,0 days 04:21:21
2026-02-22 10:50:12-03:00,2026-02-22 11:00:25-03:00,AUTO,424.2137145996094,0 days 00:10:13
2026-02-22 18:39:23-03:00,2026-02-22 19:31:39-03:00,CAMINANDO,1066.5450439453125,0 days 00:52:16
2026-02-22 23:46:37-03:00,2026-02-22 23:48:40-03:00,CAMINANDO,115.16445922851562,0 days 00:02:03
2026-02-23 09:06:10-03:00,2026-02-23 09:28:38-03:00,AUTO,29771.56640625,0 days 00:22:28
2026-02-23 09:38:43-03:00,2026-02-23 11:45:24-03:00,AUTO,158252.21875,0 days 02:06:41
2026-02-23 13:23:55-03:00,2026-02-23 14:02:15-03:00,AUTO,3085.789794921875,0 days 00:38:20
2026-02-23 14:44:09-03:00,2026-02-23 15:14:06-03:00,AUTO,16943.91796875,0 days 00:29:57
2026-02-23 15:23:24-03:00,2026-02-23 15:28:57-03:00,AUTO,1346.0238037109375,0 days 00:05:33
2026-02-23 15:28:57-03:00,2026-02-23 15:58:31-03:00,CAMINANDO,1248.7061767578125,0 days 00:29:34
2026-02-23 15:58:31-03:00,2026-02-23 16:08:47-03:00,AUTO,3896.43896484375,0 days 00:10:16
2026-02-23 17:34:05-03:00,2026-02-23 17:52:47-03:00,AUTO,13191.2001953125,0 days 00:18:42
2026-02-23 19:20:46-03:00,2026-02-23 20:44:32-03:00,AVION,793163.875,0 days 01:23:46
2026-02-23 21:10:57-03:00,2026-02-23 22:29:12-03:00,COLECTIVO,26159.1953125,0 days 01:18:15
2026-02-24 08:03:20-03:00,2026-02-24 08:46:06-03:00,AUTO,22284.875,0 days 00:42:46
2026-02-24 08:56:45-03:00,2026-02-24 09:19:40-03:00,AUTO,7832.80712890625,0 days 00:22:55
2026-02-24 10:13:00-03:00,2026-02-24 10:16:56-03:00,AUTO,406.29315185546875,0 days 00:03:56
2026-02-24 10:22:58-03:00,2026-02-24 11:08:51-03:00,AUTO,29899.115234375,0 days 00:45:53
2026-02-24 12:30:22-03:00,2026-02-24 12:52:23-03:00,AUTO,6051.736328125,0 days 00:22:01
2026-02-24 12:52:23-03:00,2026-02-24 13:02:01-03:00,CAMINANDO,333.12139892578125,0 days 00:09:38
2026-02-24 15:15:14-03:00,2026-02-24 15:26:42-03:00,CAMINANDO,169.2909698486328,0 days 00:11:28
2026-02-24 16:17:57-03:00,2026-02-24 16:31:27-03:00,CAMINANDO,468.3253173828125,0 days 00:13:30
2026-02-24 17:08:16-03:00,2026-02-24 17:18:03-03:00,CAMINANDO,673.1089477539062,0 days 00:09:47
2026-02-24 17:18:03-03:00,2026-02-24 18:10:15-03:00,AUTO,16856.083984375,0 days 00:52:12
2026-02-24 18:36:23-03:00,2026-02-24 18:37:45-03:00,COLECTIVO,119.68102264404297,0 days 00:01:22
2026-02-24 18:37:45-03:00,2026-02-24 18:52:31-03:00,AUTO,5078.740234375,0 days 00:14:46
2026-02-24 22:08:18-03:00,2026-02-24 22:45:40-03:00,AUTO,29595.048828125,0 days 00:37:22
2026-02-24 22:55:55-03:00,2026-02-24 23:26:53-03:00,AUTO,22088.83984375,0 days 00:30:58
2026-02-24 23:50:34-03:00,2026-02-25 00:18:21-03:00,AUTO,15201.52734375,0 days 00:27:47
2026-02-25 13:48:17-03:00,2026-02-25 14:19:20-03:00,AUTO,12803.763671875,0 days 00:31:03
2026-02-25 15:36:49-03:00,2026-02-25 15:48:46-03:00,AUTO,3254.942626953125,0 days 00:11:57
2026-02-25 16:47:29-03:00,2026-02-25 17:56:53-03:00,AUTO,23950.791015625,0 days 01:09:24
2026-02-25 19:06:07-03:00,2026-02-25 19:18:37-03:00,AUTO,4450.58837890625,0 days 00:12:30
2026-02-25 21:38:15-03:00,2026-02-25 21:52:52-03:00,AUTO,4780.46435546875,0 days 00:14:37
2026-02-26 11:26:31-03:00,2026-02-26 11:37:28-03:00,AUTO,3048.815673828125,0 days 00:10:57
2026-02-26 11:47:33-03:00,2026-02-26 12:23:58-03:00,COLECTIVO,13382.1953125,0 days 00:36:25
2026-02-26 15:46:18-03:00,2026-02-26 15:54:58-03:00,AUTO,1279.458251953125,0 days 00:08:40
2026-02-26 16:51:18-03:00,2026-02-26 18:00:55-03:00,AUTO,26944.736328125,0 days 01:09:37
2026-02-26 18:07:51-03:00,2026-02-26 18:16:17-03:00,AUTO,2465.462158203125,0 days 00:08:26
2026-02-26 19:05:56-03:00,2026-02-26 19:15:18-03:00,AUTO,2647.339111328125,0 days 00:09:22
2026-02-26 21:22:02-03:00,2026-02-26 21:38:43-03:00,AUTO,5477.7763671875,0 days 00:16:41
2026-02-26 23:52:59-03:00,2026-02-27 00:15:39-03:00,AUTO,4841.1025390625,0 days 00:22:40
2026-02-27 10:15:00-03:00,2026-02-27 10:56:39-03:00,AUTO,28743.380859375,0 days 00:41:39
2026-02-27 11:39:23-03:00,2026-02-27 11:45:36-03:00,AUTO,1225.7607421875,0 days 00:06:13
2026-02-27 12:13:49-03:00,2026-02-27 12:32:14-03:00,AUTO,2675.013427734375,0 days 00:18:25
2026-02-27 13:02:32-03:00,2026-02-27 13:30:25-03:00,AUTO,16341.9326171875,0 days 00:27:53
2026-02-27 15:41:50-03:00,2026-02-27 16:38:09-03:00,AUTO,15605.4345703125,0 days 00:56:19
2026-02-27 18:00:54-03:00,2026-02-27 18:08:53-03:00,AUTO,2703.955078125,0 days 00:07:59
2026-02-27 18:59:20-03:00,2026-02-27 19:11:43-03:00,AUTO,4057.654541015625,0 days 00:12:23
2026-02-27 20:29:08-03:00,2026-02-27 20:43:49-03:00,AUTO,4968.3486328125,0 days 00:14:41
2026-02-28 11:08:41-03:00,2026-02-28 11:16:07-03:00,AUTO,1754.867431640625,0 days 00:07:26
2026-02-28 12:38:54-03:00,2026-02-28 12:51:59-03:00,AUTO,3156.349365234375,0 days 00:13:05
2026-02-28 12:51:59-03:00,2026-02-28 12:56:49-03:00,CAMINANDO,244.03028869628906,0 days 00:04:50
2026-02-28 13:04:31-03:00,2026-02-28 13:07:56-03:00,CAMINANDO,203.05154418945312,0 days 00:03:25
2026-02-28 18:02:18-03:00,2026-02-28 18:09:46-03:00,AUTO,2602.183349609375,0 days 00:07:28
2026-02-28 20:03:12-03:00,2026-02-28 20:07:52-03:00,AUTO,1527.6102294921875,0 days 00:04:40
2026-02-28 20:14:54-03:00,2026-02-28 20:24:58-03:00,AUTO,2026.082763671875,0 days 00:10:04
2026-02-28 20:54:53-03:00,2026-02-28 21:01:49-03:00,AUTO,2258.223876953125,0 days 00:06:56
2026-03-01 01:35:21-03:00,2026-03-01 01:55:17-03:00,AUTO,11403.6708984375,0 days 00:19:56
2026-03-01 12:21:47-03:00,2026-03-01 12:43:11-03:00,AUTO,7737.10498046875,0 days 00:21:24
2026-03-01 12:51:16-03:00,2026-03-01 13:46:33-03:00,AUTO,46000.1640625,0 days 00:55:17
2026-03-01 19:02:28-03:00,2026-03-01 20:48:32-03:00,AUTO,46148.0078125,0 days 01:46:04
2026-03-02 09:09:20-03:00,2026-03-02 09:15:51-03:00,AUTO,1603.218505859375,0 days 00:06:31
2026-03-02 09:21:30-03:00,2026-03-02 10:00:53-03:00,AUTO,26870.689453125,0 days 00:39:23
2026-03-02 10:51:45-03:00,2026-03-02 10:57:37-03:00,CAMINANDO,206.8236541748047,0 days 00:05:52
2026-03-02 10:57:37-03:00,2026-03-02 12:04:23-03:00,AUTO,18410.28125,0 days 01:06:46
2026-03-02 12:04:23-03:00,2026-03-02 12:09:26-03:00,CAMINANDO,378.6285400390625,0 days 00:05:03
2026-03-02 12:52:24-03:00,2026-03-02 12:59:34-03:00,CAMINANDO,406.58209228515625,0 days 00:07:10
2026-03-02 12:59:34-03:00,2026-03-02 13:02:09-03:00,SUBTE,537.7638549804688,0 days 00:02:35
2026-03-02 13:37:14-03:00,2026-03-02 13:39:30-03:00,CAMINANDO,129.95489501953125,0 days 00:02:16
2026-03-02 14:37:02-03:00,2026-03-02 15:00:35-03:00,CAMINANDO,1206.156005859375,0 days 00:23:33
2026-03-02 17:08:19-03:00,2026-03-02 18:00:25-03:00,COLECTIVO,14390.0185546875,0 days 00:52:06
2026-03-02 18:00:25-03:00,2026-03-02 18:11:07-03:00,CAMINANDO,256.7577819824219,0 days 00:10:42
2026-03-02 20:03:36-03:00,2026-03-02 20:07:39-03:00,CAMINANDO,219.73855590820312,0 days 00:04:03
2026-03-02 20:07:39-03:00,2026-03-02 20:27:55-03:00,COLECTIVO,2980.52880859375,0 days 00:20:16
2026-03-02 20:53:07-03:00,2026-03-02 21:03:08-03:00,COLECTIVO,2182.992919921875,0 days 00:10:01
2026-03-02 21:06:05-03:00,2026-03-02 21:16:00-03:00,COLECTIVO,2388.77294921875,0 days 00:09:55
2026-03-03 13:14:39-03:00,2026-03-03 13:17:14-03:00,CAMINANDO,114.34654235839844,0 days 00:02:35
2026-03-03 13:27:58-03:00,2026-03-03 14:11:48-03:00,COLECTIVO,12197.5673828125,0 days 00:43:50
2026-03-03 14:39:27-03:00,2026-03-03 14:48:14-03:00,COLECTIVO,2045.8721923828125,0 days 00:08:47
2026-03-03 16:00:57-03:00,2026-03-03 16:22:08-03:00,COLECTIVO,3524.6689453125,0 days 00:21:11
2026-03-03 18:11:34-03:00,2026-03-03 19:10:04-03:00,COLECTIVO,15828.9072265625,0 days 00:58:30
2026-03-04 10:26:17-03:00,2026-03-04 10:55:12-03:00,MOTO,17125.189453125,0 days 00:28:55
2026-03-04 11:10:41-03:00,2026-03-04 11:21:57-03:00,AUTO,2952.606201171875,0 days 00:11:16
2026-03-04 13:29:57-03:00,2026-03-04 13:36:37-03:00,CAMINANDO,621.1624755859375,0 days 00:06:40
2026-03-04 13:36:37-03:00,2026-03-04 13:45:32-03:00,SUBTE,2450.576416015625,0 days 00:08:55
2026-03-04 13:45:32-03:00,2026-03-04 13:56:27-03:00,CAMINANDO,537.9473266601562,0 days 00:10:55
2026-03-04 17:35:35-03:00,2026-03-04 17:55:08-03:00,MOTO,5273.94580078125,0 days 00:19:33
2026-03-04 20:26:15-03:00,2026-03-04 20:37:01-03:00,CAMINANDO,343.978759765625,0 days 00:10:46
2026-03-04 22:15:08-03:00,2026-03-04 22:18:41-03:00,CAMINANDO,154.4886932373047,0 days 00:03:33
2026-03-04 22:30:57-03:00,2026-03-04 23:09:42-03:00,MOTO,23814.341796875,0 days 00:38:45
2026-03-05 08:31:45-03:00,2026-03-05 08:37:45-03:00,CAMINANDO,131.92822265625,0 days 00:06:00
2026-03-05 08:37:45-03:00,2026-03-05 09:41:35-03:00,COLECTIVO,14793.1904296875,0 days 01:03:50
2026-03-05 09:41:35-03:00,2026-03-05 09:57:46-03:00,CAMINANDO,1373.42626953125,0 days 00:16:11
2026-03-05 11:19:14-03:00,2026-03-05 11:30:02-03:00,CAMINANDO,904.6409301757812,0 days 00:10:48
2026-03-05 12:48:21-03:00,2026-03-05 12:58:34-03:00,COLECTIVO,1678.353271484375,0 days 00:10:13
2026-03-05 13:19:18-03:00,2026-03-05 13:35:17-03:00,CAMINANDO,907.2313232421875,0 days 00:15:59
2026-03-05 14:15:30-03:00,2026-03-05 14:35:11-03:00,CAMINANDO,1145.33642578125,0 days 00:19:41
2026-03-05 15:33:39-03:00,2026-03-05 15:37:40-03:00,CAMINANDO,187.52886962890625,0 days 00:04:01
2026-03-05 15:48:24-03:00,2026-03-05 15:55:02-03:00,COLECTIVO,1197.6353759765625,0 days 00:06:38
2026-03-05 15:55:02-03:00,2026-03-05 15:56:26-03:00,CAMINANDO,173.7261962890625,0 days 00:01:24
2026-03-05 17:27:03-03:00,2026-03-05 17:32:56-03:00,CAMINANDO,523.4706420898438,0 days 00:05:53
2026-03-05 17:39:17-03:00,2026-03-05 18:51:59-03:00,COLECTIVO,22625.18359375,0 days 01:12:42
2026-03-05 18:51:59-03:00,2026-03-05 18:55:59-03:00,CAMINANDO,249.5537109375,0 days 00:04:00
2026-03-06 10:22:42-03:00,2026-03-06 10:28:03-03:00,CAMINANDO,269.7834777832031,0 days 00:05:21
2026-03-06 10:28:03-03:00,2026-03-06 11:03:29-03:00,COLECTIVO,12379.2734375,0 days 00:35:26
2026-03-06 11:11:53-03:00,2026-03-06 11:19:54-03:00,COLECTIVO,1028.140380859375,0 days 00:08:01
2026-03-06 12:07:40-03:00,2026-03-06 12:14:53-03:00,COLECTIVO,2028.3455810546875,0 days 00:07:13
2026-03-06 15:12:16-03:00,2026-03-06 15:27:43-03:00,CAMINANDO,952.23876953125,0 days 00:15:27
2026-03-06 15:53:42-03:00,2026-03-06 16:06:20-03:00,CAMINANDO,835.0662231445312,0 days 00:12:38
2026-03-06 18:11:27-03:00,2026-03-06 18:57:28-03:00,AUTO,15538.978515625,0 days 00:46:01
2026-03-07 11:17:20-03:00,2026-03-07 11:21:49-03:00,MOTO,1891.1312255859375,0 days 00:04:29
2026-03-07 12:41:41-03:00,2026-03-07 12:50:15-03:00,MOTO,3072.294921875,0 days 00:08:34
2026-03-07 13:19:25-03:00,2026-03-07 13:36:56-03:00,MOTO,8118.2294921875,0 days 00:17:31
2026-03-07 17:47:32-03:00,2026-03-07 17:54:14-03:00,MOTO,2522.271240234375,0 days 00:06:42
2026-03-07 19:46:15-03:00,2026-03-07 20:28:59-03:00,AUTO,14337.056640625,0 days 00:42:44
2026-03-07 21:11:10-03:00,2026-03-07 21:33:21-03:00,AUTO,8505.1044921875,0 days 00:22:11
2026-03-08 02:53:26-03:00,2026-03-08 03:23:58-03:00,AUTO,16972.4921875,0 days 00:30:32
2026-03-08 11:02:23-03:00,2026-03-08 11:15:15-03:00,MOTO,4732.708984375,0 days 00:12:52
2026-03-08 13:17:30-03:00,2026-03-08 13:28:55-03:00,MOTO,4523.14501953125,0 days 00:11:25
2026-03-09 09:50:51-03:00,2026-03-09 10:26:50-03:00,CAMINANDO,208.26710510253906,0 days 00:35:59
2026-03-09 10:26:50-03:00,2026-03-09 11:24:42-03:00,COLECTIVO,22213.572265625,0 days 00:57:52
2026-03-09 13:12:46-03:00,2026-03-09 13:31:14-03:00,CAMINANDO,1031.741455078125,0 days 00:18:28
2026-03-09 15:14:37-03:00,2026-03-09 15:34:45-03:00,CAMINANDO,1811.8525390625,0 days 00:20:08
2026-03-09 15:41:17-03:00,2026-03-09 16:48:56-03:00,COLECTIVO,14790.005859375,0 days 01:07:39
2026-03-09 16:48:56-03:00,2026-03-09 16:51:34-03:00,CAMINANDO,200.71722412109375,0 days 00:02:38
2026-03-10 10:08:35-03:00,2026-03-10 10:11:46-03:00,CAMINANDO,203.95980834960938,0 days 00:03:11
2026-03-10 10:23:02-03:00,2026-03-10 11:24:11-03:00,COLECTIVO,28184.08984375,0 days 01:01:09
2026-03-10 11:24:11-03:00,2026-03-10 11:25:33-03:00,CAMINANDO,109.42792510986328,0 days 00:01:22
2026-03-10 12:27:41-03:00,2026-03-10 12:33:22-03:00,CAMINANDO,291.9847106933594,0 days 00:05:41
2026-03-10 12:48:56-03:00,2026-03-10 12:58:54-03:00,CAMINANDO,522.3958129882812,0 days 00:09:58
2026-03-10 16:45:54-03:00,2026-03-10 17:51:04-03:00,COLECTIVO,14733.115234375,0 days 01:05:10
2026-03-10 17:51:04-03:00,2026-03-10 17:54:21-03:00,CAMINANDO,196.69688415527344,0 days 00:03:17
2026-03-11 09:32:28-03:00,2026-03-11 09:33:53-03:00,CAMINANDO,112.999755859375,0 days 00:01:25
2026-03-11 09:41:43-03:00,2026-03-11 10:39:09-03:00,COLECTIVO,15364.8603515625,0 days 00:57:26
2026-03-11 10:39:09-03:00,2026-03-11 10:47:26-03:00,SUBTE,1008.8342895507812,0 days 00:08:17
2026-03-11 14:19:54-03:00,2026-03-11 14:27:09-03:00,CAMINANDO,475.43994140625,0 days 00:07:15
2026-03-11 14:55:25-03:00,2026-03-11 15:08:11-03:00,CAMINANDO,720.652587890625,0 days 00:12:46
2026-03-11 15:33:53-03:00,2026-03-11 15:55:55-03:00,CAMINANDO,962.6865844726562,0 days 00:22:02
2026-03-11 15:55:55-03:00,2026-03-11 16:55:21-03:00,COLECTIVO,14755.765625,0 days 00:59:26
2026-03-11 16:55:21-03:00,2026-03-11 16:58:24-03:00,CAMINANDO,278.9600830078125,0 days 00:03:03
2026-03-11 17:03:52-03:00,2026-03-11 17:32:40-03:00,MOTO,14648.5087890625,0 days 00:28:48
2026-03-11 19:04:42-03:00,2026-03-11 19:28:41-03:00,MOTO,14004.37109375,0 days 00:23:59
2026-03-12 10:01:38-03:00,2026-03-12 10:02:53-03:00,CAMINANDO,80.9505844116211,0 days 00:01:15
2026-03-12 10:02:53-03:00,2026-03-12 11:02:53-03:00,COLECTIVO,16541.625,0 days 01:00:00
2026-03-12 11:02:53-03:00,2026-03-12 11:08:37-03:00,CAMINANDO,359.837890625,0 days 00:05:44
2026-03-12 12:10:14-03:00,2026-03-12 12:20:29-03:00,CAMINANDO,729.3985595703125,0 days 00:10:15
2026-03-12 12:20:29-03:00,2026-03-12 12:29:37-03:00,AUTO,2415.3173828125,0 days 00:09:08
2026-03-12 14:02:25-03:00,2026-03-12 14:24:43-03:00,AUTO,3329.365234375,0 days 00:22:18
2026-03-12 14:24:43-03:00,2026-03-12 14:32:34-03:00,CAMINANDO,242.21275329589844,0 days 00:07:51
2026-03-12 16:25:22-03:00,2026-03-12 17:25:30-03:00,COLECTIVO,14891.521484375,0 days 01:00:08
2026-03-12 17:25:30-03:00,2026-03-12 17:26:55-03:00,CAMINANDO,131.9829864501953,0 days 00:01:25
2026-03-13 08:56:52-03:00,2026-03-13 09:01:02-03:00,MOTO,1066.72900390625,0 days 00:04:10
2026-03-13 09:18:30-03:00,2026-03-13 09:39:16-03:00,MOTO,11983.802734375,0 days 00:20:46
2026-03-13 13:07:09-03:00,2026-03-13 13:11:16-03:00,CAMINANDO,127.2939453125,0 days 00:04:07
2026-03-13 14:15:02-03:00,2026-03-13 14:35:49-03:00,MOTO,5508.92333984375,0 days 00:20:47
2026-03-13 17:37:51-03:00,2026-03-13 18:15:25-03:00,MOTO,14070.0712890625,0 days 00:37:34
2026-03-13 19:04:50-03:00,2026-03-13 19:08:50-03:00,CAMINANDO,158.14341735839844,0 days 00:04:00
2026-03-14 12:27:20-03:00,2026-03-14 12:36:59-03:00,MOTO,5161.6142578125,0 days 00:09:39
2026-03-14 13:46:13-03:00,2026-03-14 13:57:53-03:00,MOTO,4489.892578125,0 days 00:11:40
2026-03-14 14:04:11-03:00,2026-03-14 14:16:30-03:00,MOTO,4111.99072265625,0 days 00:12:19
2026-03-14 16:04:16-03:00,2026-03-14 16:10:30-03:00,MOTO,2607.002685546875,0 days 00:06:14
2026-03-14 16:45:47-03:00,2026-03-14 16:53:38-03:00,MOTO,2144.252685546875,0 days 00:07:51
2026-03-14 17:03:35-03:00,2026-03-14 17:37:45-03:00,MOTO,26427.861328125,0 days 00:34:10
2026-03-14 17:42:45-03:00,2026-03-14 17:57:08-03:00,MOTO,3457.184326171875,0 days 00:14:23
2026-03-14 17:57:08-03:00,2026-03-14 19:42:51-03:00,CAMINANDO,8838.1630859375,0 days 01:45:43
2026-03-14 19:42:51-03:00,2026-03-14 21:05:54-03:00,MOTO,34468.48828125,0 days 01:23:03
2026-03-15 20:18:20-03:00,2026-03-15 20:41:08-03:00,CAMINANDO,391.95648193359375,0 days 00:22:48
2026-03-16 10:09:00-03:00,2026-03-16 10:14:27-03:00,CAMINANDO,680.626220703125,0 days 00:05:27
2026-03-16 10:14:27-03:00,2026-03-16 10:27:47-03:00,COLECTIVO,2954.895751953125,0 days 00:13:20
2026-03-16 10:27:47-03:00,2026-03-16 10:45:05-03:00,TREN,9806.5458984375,0 days 00:17:18
2026-03-16 10:52:56-03:00,2026-03-16 10:59:17-03:00,COLECTIVO,1249.41015625,0 days 00:06:21
2026-03-16 12:58:58-03:00,2026-03-16 13:17:14-03:00,AUTO,3369.057373046875,0 days 00:18:16
2026-03-16 13:17:14-03:00,2026-03-16 13:26:14-03:00,CAMINANDO,318.7374267578125,0 days 00:09:00
2026-03-16 19:00:01-03:00,2026-03-16 19:38:26-03:00,AUTO,22603.2109375,0 days 00:38:25
2026-03-17 09:02:52-03:00,2026-03-17 09:59:55-03:00,COLECTIVO,15931.4853515625,0 days 00:57:03
2026-03-17 11:28:58-03:00,2026-03-17 11:37:46-03:00,AUTO,2463.388427734375,0 days 00:08:48
2026-03-17 11:37:46-03:00,2026-03-17 11:39:17-03:00,CAMINANDO,152.61595153808594,0 days 00:01:31
2026-03-17 13:23:21-03:00,2026-03-17 13:26:57-03:00,CAMINANDO,754.6083374023438,0 days 00:03:36
2026-03-17 14:14:32-03:00,2026-03-17 14:27:57-03:00,COLECTIVO,1332.4852294921875,0 days 00:13:25
2026-03-17 16:43:18-03:00,2026-03-17 17:39:44-03:00,COLECTIVO,15589.521484375,0 days 00:56:26
2026-03-17 17:39:44-03:00,2026-03-17 17:46:04-03:00,CAMINANDO,620.8471069335938,0 days 00:06:20
2026-03-18 08:10:11-03:00,2026-03-18 09:18:58-03:00,AUTO,30692.787109375,0 days 01:08:47
2026-03-18 10:50:59-03:00,2026-03-18 11:27:26-03:00,AUTO,17004.005859375,0 days 00:36:27
2026-03-18 11:27:26-03:00,2026-03-18 11:29:18-03:00,CAMINANDO,157.52110290527344,0 days 00:01:52
2026-03-18 16:37:27-03:00,2026-03-18 16:44:33-03:00,CAMINANDO,481.8232421875,0 days 00:07:06
2026-03-18 17:38:17-03:00,2026-03-18 17:51:02-03:00,CAMINANDO,886.0829467773438,0 days 00:12:45
2026-03-18 18:13:43-03:00,2026-03-18 18:22:50-03:00,CAMINANDO,673.4788818359375,0 days 00:09:07
2026-03-18 19:37:58-03:00,2026-03-18 19:45:25-03:00,CAMINANDO,608.4427490234375,0 days 00:07:27
2026-03-18 19:48:55-03:00,2026-03-18 19:54:04-03:00,CAMINANDO,176.29190063476562,0 days 00:05:09
2026-03-18 19:54:04-03:00,2026-03-18 19:56:31-03:00,AUTO,214.92494201660156,0 days 00:02:27
2026-03-18 19:56:31-03:00,2026-03-18 20:25:43-03:00,COLECTIVO,16375.912109375,0 days 00:29:12
2026-03-18 20:31:28-03:00,2026-03-18 20:42:14-03:00,COLECTIVO,2467.606201171875,0 days 00:10:46
2026-03-18 20:42:14-03:00,2026-03-18 20:43:36-03:00,CAMINANDO,105.97509765625,0 days 00:01:22
2026-03-19 09:26:19-03:00,2026-03-19 09:31:31-03:00,CAMINANDO,75.17405700683594,0 days 00:05:12
2026-03-19 09:31:31-03:00,2026-03-19 09:45:25-03:00,COLECTIVO,2783.42822265625,0 days 00:13:54
2026-03-19 09:52:08-03:00,2026-03-19 10:31:05-03:00,COLECTIVO,12735.6416015625,0 days 00:38:57
2026-03-19 14:08:56-03:00,2026-03-19 14:59:10-03:00,AUTO,19131.3203125,0 days 00:50:14
2026-03-19 15:37:52-03:00,2026-03-19 16:01:09-03:00,AUTO,10214.697265625,0 days 00:23:17
2026-03-19 17:31:18-03:00,2026-03-19 17:33:26-03:00,AUTO,139.12608337402344,0 days 00:02:08
2026-03-19 17:33:26-03:00,2026-03-19 20:18:53-03:00,AUTO,16066.2099609375,0 days 02:45:27
2026-03-19 20:18:53-03:00,2026-03-19 20:26:44-03:00,CAMINANDO,408.2994384765625,0 days 00:07:51
2026-03-19 20:26:44-03:00,2026-03-19 21:10:23-03:00,COLECTIVO,12844.6005859375,0 days 00:43:39
2026-03-19 21:16:54-03:00,2026-03-19 21:30:49-03:00,AUTO,4676.02490234375,0 days 00:13:55
2026-03-19 23:43:21-03:00,2026-03-19 23:58:01-03:00,AUTO,4832.82763671875,0 days 00:14:40
2026-03-20 07:31:19-03:00,2026-03-20 07:42:40-03:00,COLECTIVO,2397.034423828125,0 days 00:11:21
2026-03-20 07:49:28-03:00,2026-03-20 09:07:56-03:00,COLECTIVO,35609.36328125,0 days 01:18:28
2026-03-20 10:28:25-03:00,2026-03-20 11:45:11-03:00,COLECTIVO,24464.298828125,0 days 01:16:46
2026-03-20 13:14:33-03:00,2026-03-20 13:31:29-03:00,AUTO,2227.4775390625,0 days 00:16:56
2026-03-20 14:50:35-03:00,2026-03-20 15:01:57-03:00,CAMINANDO,1011.78662109375,0 days 00:11:22
2026-03-20 15:07:39-03:00,2026-03-20 16:09:42-03:00,COLECTIVO,22798.146484375,0 days 01:02:03
2026-03-20 16:09:42-03:00,2026-03-20 16:14:05-03:00,CAMINANDO,237.04225158691406,0 days 00:04:23
2026-03-20 17:06:38-03:00,2026-03-20 17:17:00-03:00,MOTO,2931.97216796875,0 days 00:10:22
2026-03-20 18:04:39-03:00,2026-03-20 18:28:02-03:00,MOTO,14103.373046875,0 days 00:23:23
2026-03-20 21:33:30-03:00,2026-03-20 22:05:19-03:00,CAMINANDO,1984.532958984375,0 days 00:31:49
2026-03-20 22:05:19-03:00,2026-03-20 22:34:01-03:00,MOTO,12517.40234375,0 days 00:28:42
2026-03-21 10:54:08-03:00,2026-03-21 11:01:42-03:00,CAMINANDO,76.16963195800781,0 days 00:07:34
2026-03-21 11:01:42-03:00,2026-03-21 11:08:07-03:00,AUTO,1996.9693603515625,0 days 00:06:25
2026-03-21 12:01:04-03:00,2026-03-21 12:09:12-03:00,AUTO,2180.095947265625,0 days 00:08:08
2026-03-21 15:15:51-03:00,2026-03-21 15:28:15-03:00,AUTO,3030.72021484375,0 days 00:12:24
2026-03-21 18:50:23-03:00,2026-03-21 18:52:25-03:00,CAMINANDO,151.2436981201172,0 days 00:02:02
2026-03-21 18:59:30-03:00,2026-03-21 19:08:34-03:00,AUTO,2856.345458984375,0 days 00:09:04
2026-03-21 20:41:54-03:00,2026-03-21 20:50:24-03:00,MOTO,4146.2568359375,0 days 00:08:30
2026-03-22 12:28:07-03:00,2026-03-22 12:42:00-03:00,MOTO,3303.224853515625,0 days 00:13:53
2026-03-23 19:04:42-03:00,2026-03-23 19:07:45-03:00,CAMINANDO,150.68307495117188,0 days 00:03:03
2026-03-23 19:14:55-03:00,2026-03-23 19:16:59-03:00,CAMINANDO,90.3460464477539,0 days 00:02:04
2026-03-23 19:37:48-03:00,2026-03-23 19:42:38-03:00,MOTO,1550.2159423828125,0 days 00:04:50
2026-03-23 19:53:29-03:00,2026-03-23 20:04:54-03:00,MOTO,3758.19384765625,0 days 00:11:25
2026-03-24 03:27:40-03:00,2026-03-24 03:50:38-03:00,MOTO,10636.580078125,0 days 00:22:58
2026-03-24 17:53:14-03:00,2026-03-24 17:54:43-03:00,CAMINANDO,115.36182403564453,0 days 00:01:29
2026-03-24 18:00:52-03:00,2026-03-24 18:02:53-03:00,CAMINANDO,116.20532989501953,0 days 00:02:01
2026-03-25 09:18:35-03:00,2026-03-25 09:24:14-03:00,CAMINANDO,195.11744689941406,0 days 00:05:39
2026-03-25 09:24:14-03:00,2026-03-25 10:19:29-03:00,AUTO,27605.37890625,0 days 00:55:15
2026-03-25 11:01:00-03:00,2026-03-25 11:42:54-03:00,AUTO,18150.103515625,0 days 00:41:54
2026-03-25 11:42:54-03:00,2026-03-25 11:58:28-03:00,CAMINANDO,211.87811279296875,0 days 00:15:34
2026-03-25 14:50:13-03:00,2026-03-25 14:59:37-03:00,CAMINANDO,481.00201416015625,0 days 00:09:24
2026-03-25 14:59:37-03:00,2026-03-25 15:06:28-03:00,SUBTE,768.9881591796875,0 days 00:06:51
2026-03-25 15:38:33-03:00,2026-03-25 15:41:10-03:00,CAMINANDO,124.15383911132812,0 days 00:02:37
2026-03-25 15:41:10-03:00,2026-03-25 15:53:32-03:00,AUTO,1490.1715087890625,0 days 00:12:22
2026-03-25 15:53:32-03:00,2026-03-25 15:56:35-03:00,CAMINANDO,380.6041259765625,0 days 00:03:03
2026-03-25 17:02:20-03:00,2026-03-25 17:06:56-03:00,CAMINANDO,236.48561096191406,0 days 00:04:36
2026-03-25 17:06:56-03:00,2026-03-25 18:14:31-03:00,AUTO,23490.373046875,0 days 01:07:35
2026-03-26 09:23:21-03:00,2026-03-26 10:47:00-03:00,AUTO,21716.11328125,0 days 01:23:39
2026-03-26 10:47:00-03:00,2026-03-26 11:15:09-03:00,CAMINANDO,925.9472045898438,0 days 00:28:09
2026-03-26 12:25:37-03:00,2026-03-26 12:54:31-03:00,CAMINANDO,1229.2618408203125,0 days 00:28:54
2026-03-26 14:15:34-03:00,2026-03-26 14:22:57-03:00,CAMINANDO,292.68121337890625,0 days 00:07:23
2026-03-26 14:22:57-03:00,2026-03-26 14:30:33-03:00,COLECTIVO,1182.6484375,0 days 00:07:36
2026-03-26 17:03:30-03:00,2026-03-26 17:47:10-03:00,AUTO,17425.947265625,0 days 00:43:40
2026-03-26 17:54:29-03:00,2026-03-26 18:20:07-03:00,COLECTIVO,7701.552734375,0 days 00:25:38
2026-03-27 08:17:15-03:00,2026-03-27 08:20:20-03:00,CAMINANDO,115.5652084350586,0 days 00:03:05
2026-03-27 08:20:20-03:00,2026-03-27 09:29:26-03:00,AUTO,30663.19140625,0 days 01:09:06
2026-03-27 10:31:10-03:00,2026-03-27 10:58:30-03:00,AUTO,18020.5703125,0 days 00:27:20
2026-03-27 10:58:30-03:00,2026-03-27 11:02:21-03:00,CAMINANDO,266.4835205078125,0 days 00:03:51
2026-03-27 11:29:12-03:00,2026-03-27 11:37:11-03:00,CAMINANDO,464.3921813964844,0 days 00:07:59
2026-03-27 11:37:11-03:00,2026-03-27 12:11:19-03:00,AUTO,9503.880859375,0 days 00:34:08
2026-03-27 12:56:18-03:00,2026-03-27 13:18:07-03:00,AUTO,3815.447021484375,0 days 00:21:49
2026-03-27 13:18:07-03:00,2026-03-27 13:26:34-03:00,CAMINANDO,322.67047119140625,0 days 00:08:27
2026-03-27 16:11:50-03:00,2026-03-27 16:23:48-03:00,AUTO,1302.152587890625,0 days 00:11:58
2026-03-27 16:34:00-03:00,2026-03-27 16:58:31-03:00,AUTO,13965.1806640625,0 days 00:24:31
2026-03-27 17:36:51-03:00,2026-03-27 17:43:53-03:00,CAMINANDO,548.3814086914062,0 days 00:07:02
2026-03-27 21:32:23-03:00,2026-03-27 22:34:38-03:00,AUTO,9486.935546875,0 days 01:02:15
2026-03-28 11:04:04-03:00,2026-03-28 11:10:01-03:00,AUTO,1896.6748046875,0 days 00:05:57
2026-03-28 12:53:00-03:00,2026-03-28 12:59:18-03:00,AUTO,2131.7001953125,0 days 00:06:18
2026-03-28 17:23:40-03:00,2026-03-28 18:04:06-03:00,AUTO,29807.37890625,0 days 00:40:26
2026-03-28 18:46:49-03:00,2026-03-28 19:18:41-03:00,AUTO,22780.328125,0 days 00:31:52
2026-03-28 20:57:48-03:00,2026-03-28 21:35:05-03:00,AUTO,11497.8984375,0 days 00:37:17
2026-03-28 21:42:19-03:00,2026-03-28 21:49:59-03:00,AUTO,2528.19287109375,0 days 00:07:40
2026-03-29 18:02:14-03:00,2026-03-29 18:11:00-03:00,CAMINANDO,119.66460418701172,0 days 00:08:46
2026-03-29 18:11:00-03:00,2026-03-29 18:19:18-03:00,AUTO,2788.332763671875,0 days 00:08:18
2026-03-29 18:42:19-03:00,2026-03-29 18:47:20-03:00,AUTO,935.5521240234375,0 days 00:05:01
2026-03-29 20:02:14-03:00,2026-03-29 20:08:58-03:00,AUTO,1063.7861328125,0 days 00:06:44
2026-03-29 20:30:09-03:00,2026-03-29 20:38:39-03:00,AUTO,2726.66357421875,0 days 00:08:30
2026-03-30 11:12:19-03:00,2026-03-30 11:49:36-03:00,AUTO,15975.5830078125,0 days 00:37:17
2026-03-30 11:49:36-03:00,2026-03-30 12:03:18-03:00,CAMINANDO,255.09799194335938,0 days 00:13:42
2026-03-30 13:15:23-03:00,2026-03-30 13:26:50-03:00,CAMINANDO,421.0312805175781,0 days 00:11:27
2026-03-30 13:26:50-03:00,2026-03-30 13:28:59-03:00,SUBTE,640.7352294921875,0 days 00:02:09
2026-03-30 13:28:59-03:00,2026-03-30 13:31:01-03:00,CAMINANDO,116.14155578613281,0 days 00:02:02
2026-03-30 14:07:58-03:00,2026-03-30 14:31:33-03:00,CAMINANDO,2170.048583984375,0 days 00:23:35
2026-03-30 17:18:27-03:00,2026-03-30 17:23:37-03:00,AUTO,1454.2144775390625,0 days 00:05:10
2026-03-30 18:10:55-03:00,2026-03-30 19:01:08-03:00,AUTO,18143.27734375,0 days 00:50:13
2026-03-30 20:51:54-03:00,2026-03-30 21:12:09-03:00,AUTO,5681.7919921875,0 days 00:20:15
2026-03-31 08:13:11-03:00,2026-03-31 09:18:03-03:00,AUTO,30326.927734375,0 days 01:04:52
2026-03-31 09:46:50-03:00,2026-03-31 10:41:19-03:00,AUTO,16189.8232421875,0 days 00:54:29
2026-03-31 11:04:47-03:00,2026-03-31 11:17:37-03:00,CAMINANDO,974.2444458007812,0 days 00:12:50
2026-03-31 12:12:39-03:00,2026-03-31 12:24:56-03:00,CAMINANDO,720.90185546875,0 days 00:12:17
2026-03-31 13:45:25-03:00,2026-03-31 13:53:17-03:00,CAMINANDO,489.41839599609375,0 days 00:07:52
2026-03-31 14:16:09-03:00,2026-03-31 14:21:57-03:00,CAMINANDO,132.52459716796875,0 days 00:05:48
2026-03-31 14:33:00-03:00,2026-03-31 14:47:39-03:00,CAMINANDO,167.64947509765625,0 days 00:14:39
2026-03-31 17:16:54-03:00,2026-03-31 17:28:17-03:00,CAMINANDO,385.771240234375,0 days 00:11:23
2026-03-31 17:28:17-03:00,2026-03-31 19:02:51-03:00,AUTO,32831.01171875,0 days 01:34:34
2026-03-31 19:37:22-03:00,2026-03-31 19:44:40-03:00,AUTO,2521.625732421875,0 days 00:07:18
2026-04-01 07:54:13-03:00,2026-04-01 08:58:29-03:00,AUTO,28120.916015625,0 days 01:04:16
2026-04-01 09:37:01-03:00,2026-04-01 11:04:46-03:00,COLECTIVO,19219.82421875,0 days 01:27:45
2026-04-01 11:32:35-03:00,2026-04-01 11:43:49-03:00,COLECTIVO,2921.42919921875,0 days 00:11:14
2026-04-01 11:43:49-03:00,2026-04-01 11:46:43-03:00,CAMINANDO,131.0252685546875,0 days 00:02:54
2026-04-01 12:50:20-03:00,2026-04-01 12:54:45-03:00,CAMINANDO,630.04345703125,0 days 00:04:25
2026-04-01 12:54:45-03:00,2026-04-01 13:08:49-03:00,COLECTIVO,4013.45654296875,0 days 00:14:04
2026-04-01 13:08:49-03:00,2026-04-01 13:19:10-03:00,CAMINANDO,724.43017578125,0 days 00:10:21
2026-04-01 13:48:51-03:00,2026-04-01 13:57:55-03:00,CAMINANDO,530.858154296875,0 days 00:09:04
2026-04-01 16:16:34-03:00,2026-04-01 16:26:51-03:00,CAMINANDO,1057.801025390625,0 days 00:10:17
2026-04-01 16:33:03-03:00,2026-04-01 17:42:06-03:00,COLECTIVO,17622.576171875,0 days 01:09:03
2026-04-01 17:42:06-03:00,2026-04-01 17:46:06-03:00,CAMINANDO,357.54071044921875,0 days 00:04:00
2026-04-03 17:53:26-03:00,2026-04-03 17:58:15-03:00,CAMINANDO,337.709716796875,0 days 00:04:49
2026-04-03 18:01:04-03:00,2026-04-03 18:05:20-03:00,CAMINANDO,185.4808349609375,0 days 00:04:16
2026-04-03 19:07:02-03:00,2026-04-03 19:17:32-03:00,MOTO,3270.13623046875,0 days 00:10:30
2026-04-03 19:29:39-03:00,2026-04-03 19:45:30-03:00,MOTO,3613.509765625,0 days 00:15:51
2026-04-04 11:01:23-03:00,2026-04-04 11:08:18-03:00,MOTO,2096.50537109375,0 days 00:06:55
2026-04-04 12:11:45-03:00,2026-04-04 12:18:44-03:00,MOTO,2077.517333984375,0 days 00:06:59
2026-04-04 12:58:49-03:00,2026-04-04 13:10:23-03:00,MOTO,5296.25048828125,0 days 00:11:34
2026-04-04 13:15:39-03:00,2026-04-04 13:26:22-03:00,MOTO,3736.393798828125,0 days 00:10:43
2026-04-04 18:46:29-03:00,2026-04-04 18:54:20-03:00,MOTO,2564.25244140625,0 days 00:07:51
2026-04-05 18:27:16-03:00,2026-04-05 18:47:02-03:00,MOTO,1720.0166015625,0 days 00:19:46
2026-04-05 20:26:00-03:00,2026-04-05 20:29:57-03:00,MOTO,1574.3084716796875,0 days 00:03:57
2026-04-06 12:10:16-03:00,2026-04-06 12:15:46-03:00,CAMINANDO,234.4282989501953,0 days 00:05:30
2026-04-06 12:15:46-03:00,2026-04-06 13:15:03-03:00,COLECTIVO,19209.130859375,0 days 00:59:17
2026-04-06 13:15:03-03:00,2026-04-06 13:25:47-03:00,CAMINANDO,1161.3167724609375,0 days 00:10:44
2026-04-06 13:37:31-03:00,2026-04-06 13:46:30-03:00,CAMINANDO,676.0496215820312,0 days 00:08:59
2026-04-06 16:52:54-03:00,2026-04-06 18:01:46-03:00,COLECTIVO,14874.3046875,0 days 01:08:52
2026-04-06 18:01:46-03:00,2026-04-06 18:05:47-03:00,CAMINANDO,239.92745971679688,0 days 00:04:01
2026-04-07 08:23:00-03:00,2026-04-07 09:01:15-03:00,AUTO,12049.671875,0 days 00:38:15
2026-04-07 09:25:46-03:00,2026-04-07 09:29:49-03:00,AUTO,873.516357421875,0 days 00:04:03
2026-04-07 09:53:11-03:00,2026-04-07 10:28:39-03:00,AUTO,12615.9775390625,0 days 00:35:28
2026-04-07 11:49:28-03:00,2026-04-07 12:22:26-03:00,CAMINANDO,1569.2523193359375,0 days 00:32:58
2026-04-07 14:42:50-03:00,2026-04-07 15:01:02-03:00,CAMINANDO,1321.6693115234375,0 days 00:18:12
2026-04-07 15:08:39-03:00,2026-04-07 16:16:55-03:00,COLECTIVO,16962.9375,0 days 01:08:16
2026-04-07 16:16:55-03:00,2026-04-07 16:18:35-03:00,CAMINANDO,145.4973907470703,0 days 00:01:40
2026-04-07 16:57:39-03:00,2026-04-07 17:09:08-03:00,AUTO,2927.127197265625,0 days 00:11:29
2026-04-07 18:12:32-03:00,2026-04-07 18:24:01-03:00,AUTO,3022.428955078125,0 days 00:11:29
2026-04-08 10:12:44-03:00,2026-04-08 10:23:09-03:00,CAMINANDO,232.8902130126953,0 days 00:10:25
2026-04-08 10:23:09-03:00,2026-04-08 11:09:22-03:00,COLECTIVO,15660.099609375,0 days 00:46:13
2026-04-08 11:09:22-03:00,2026-04-08 11:16:58-03:00,CAMINANDO,563.478515625,0 days 00:07:36
2026-04-08 12:30:59-03:00,2026-04-08 12:34:59-03:00,CAMINANDO,51.22723388671875,0 days 00:04:00
2026-04-08 12:56:15-03:00,2026-04-08 13:11:18-03:00,CAMINANDO,275.2455139160156,0 days 00:15:03
2026-04-08 16:10:05-03:00,2026-04-08 16:20:24-03:00,CAMINANDO,611.32568359375,0 days 00:10:19
2026-04-08 16:41:59-03:00,2026-04-08 16:51:39-03:00,CAMINANDO,438.34381103515625,0 days 00:09:40
2026-04-08 16:51:39-03:00,2026-04-08 18:07:37-03:00,COLECTIVO,16949.53515625,0 days 01:15:58
2026-04-08 18:07:37-03:00,2026-04-08 18:10:55-03:00,CAMINANDO,103.82554626464844,0 days 00:03:18
2026-04-08 20:14:30-03:00,2026-04-08 20:28:05-03:00,MOTO,5104.88232421875,0 days 00:13:35
2026-04-09 00:46:54-03:00,2026-04-09 00:58:15-03:00,MOTO,5010.03173828125,0 days 00:11:21
2026-04-09 11:02:27-03:00,2026-04-09 11:34:33-03:00,MOTO,16417.046875,0 days 00:32:06
2026-04-09 13:09:46-03:00,2026-04-09 13:20:41-03:00,CAMINANDO,556.2381591796875,0 days 00:10:55
2026-04-09 13:27:52-03:00,2026-04-09 13:37:29-03:00,CAMINANDO,396.7700500488281,0 days 00:09:37
2026-04-09 13:52:25-03:00,2026-04-09 13:56:31-03:00,CAMINANDO,104.25721740722656,0 days 00:04:06
2026-04-09 16:12:54-03:00,2026-04-09 16:23:15-03:00,CAMINANDO,536.9912109375,0 days 00:10:21
2026-04-09 16:23:15-03:00,2026-04-09 16:31:16-03:00,SUBTE,1104.7667236328125,0 days 00:08:01
2026-04-09 16:55:51-03:00,2026-04-09 17:19:53-03:00,MOTO,14325.4248046875,0 days 00:24:02
2026-04-09 22:06:10-03:00,2026-04-09 22:41:32-03:00,MOTO,31123.06640625,0 days 00:35:22
2026-04-10 09:59:25-03:00,2026-04-10 10:01:07-03:00,CAMINANDO,67.71914672851562,0 days 00:01:42
2026-04-10 10:06:47-03:00,2026-04-10 10:14:25-03:00,CAMINANDO,203.98023986816406,0 days 00:07:38
2026-04-10 10:14:25-03:00,2026-04-10 10:41:27-03:00,MOTO,14155.9521484375,0 days 00:27:02
2026-04-10 12:48:45-03:00,2026-04-10 13:03:07-03:00,MOTO,2367.7509765625,0 days 00:14:22
2026-04-10 13:38:19-03:00,2026-04-10 13:47:24-03:00,MOTO,2450.0966796875,0 days 00:09:05
2026-04-10 15:18:52-03:00,2026-04-10 15:54:41-03:00,MOTO,17561.849609375,0 days 00:35:49
2026-04-10 19:06:02-03:00,2026-04-10 19:07:39-03:00,CAMINANDO,145.1438751220703,0 days 00:01:37
2026-04-10 19:12:31-03:00,2026-04-10 19:16:40-03:00,CAMINANDO,159.06649780273438,0 days 00:04:09
2026-04-11 12:21:25-03:00,2026-04-11 12:32:11-03:00,MOTO,4304.1083984375,0 days 00:10:46
2026-04-11 13:29:52-03:00,2026-04-11 14:00:54-03:00,MOTO,7753.689453125,0 days 00:31:02
2026-04-11 18:47:12-03:00,2026-04-11 19:16:12-03:00,MOTO,3803.171142578125,0 days 00:29:00
2026-04-12 11:43:32-03:00,2026-04-12 11:55:05-03:00,MOTO,5536.20947265625,0 days 00:11:33
2026-04-12 16:34:25-03:00,2026-04-12 16:47:26-03:00,MOTO,4701.3984375,0 days 00:13:01
2026-04-13 11:23:13-03:00,2026-04-13 11:28:15-03:00,CAMINANDO,280.088623046875,0 days 00:05:02
2026-04-13 11:28:15-03:00,2026-04-13 12:10:28-03:00,COLECTIVO,11902.376953125,0 days 00:42:13
2026-04-13 12:10:28-03:00,2026-04-13 12:23:04-03:00,CAMINANDO,1274.18701171875,0 days 00:12:36
2026-04-13 16:24:20-03:00,2026-04-13 16:38:42-03:00,CAMINANDO,1501.9293212890625,0 days 00:14:22
2026-04-13 17:46:00-03:00,2026-04-13 17:58:11-03:00,CAMINANDO,391.14093017578125,0 days 00:12:11
2026-04-13 17:58:11-03:00,2026-04-13 18:00:12-03:00,SUBTE,543.5601806640625,0 days 00:02:01
2026-04-13 18:00:12-03:00,2026-04-13 18:20:24-03:00,CAMINANDO,301.53619384765625,0 days 00:20:12
2026-04-13 18:20:24-03:00,2026-04-13 18:26:52-03:00,COLECTIVO,1649.209716796875,0 days 00:06:28
2026-04-13 18:38:24-03:00,2026-04-13 19:36:36-03:00,COLECTIVO,14758.0263671875,0 days 00:58:12
2026-04-13 19:36:36-03:00,2026-04-13 19:38:10-03:00,CAMINANDO,142.05068969726562,0 days 00:01:34
2026-04-13 19:45:49-03:00,2026-04-13 20:02:13-03:00,COLECTIVO,3853.20849609375,0 days 00:16:24
2026-04-14 00:04:54-03:00,2026-04-14 00:21:29-03:00,AUTO,4792.16796875,0 days 00:16:35
2026-04-14 11:54:48-03:00,2026-04-14 12:07:19-03:00,CAMINANDO,592.7431030273438,0 days 00:12:31
2026-04-14 12:07:19-03:00,2026-04-14 12:19:32-03:00,COLECTIVO,2525.167236328125,0 days 00:12:13
2026-04-14 12:34:14-03:00,2026-04-14 12:53:20-03:00,TREN,9068.8505859375,0 days 00:19:06
2026-04-14 12:53:20-03:00,2026-04-14 12:55:21-03:00,CAMINANDO,127.23809051513672,0 days 00:02:01
2026-04-14 13:35:53-03:00,2026-04-14 14:03:42-03:00,COLECTIVO,5727.6474609375,0 days 00:27:49
2026-04-14 14:03:42-03:00,2026-04-14 14:13:10-03:00,CAMINANDO,393.55181884765625,0 days 00:09:28
2026-04-14 14:13:10-03:00,2026-04-14 14:17:18-03:00,SUBTE,762.0732421875,0 days 00:04:08
2026-04-14 14:17:18-03:00,2026-04-14 14:18:42-03:00,CAMINANDO,130.63304138183594,0 days 00:01:24
2026-04-14 16:13:26-03:00,2026-04-14 16:16:57-03:00,CAMINANDO,114.98410034179688,0 days 00:03:31
2026-04-14 16:45:51-03:00,2026-04-14 16:56:21-03:00,CAMINANDO,690.2342529296875,0 days 00:10:30
2026-04-14 16:56:21-03:00,2026-04-14 17:02:37-03:00,COLECTIVO,1563.2095947265625,0 days 00:06:16
2026-04-14 17:08:40-03:00,2026-04-14 18:25:03-03:00,COLECTIVO,16220.83984375,0 days 01:16:23
2026-04-15 07:44:02-03:00,2026-04-15 07:45:10-03:00,CAMINANDO,97.48538970947266,0 days 00:01:08
2026-04-15 07:45:10-03:00,2026-04-15 08:08:40-03:00,COLECTIVO,5512.87451171875,0 days 00:23:30
2026-04-15 08:16:12-03:00,2026-04-15 09:12:55-03:00,COLECTIVO,20983.73828125,0 days 00:56:43
2026-04-15 09:15:08-03:00,2026-04-15 09:30:34-03:00,COLECTIVO,2586.0185546875,0 days 00:15:26
2026-04-15 10:57:26-03:00,2026-04-15 11:02:26-03:00,CAMINANDO,199.61441040039062,0 days 00:05:00
2026-04-15 11:02:26-03:00,2026-04-15 12:14:02-03:00,COLECTIVO,16434.962890625,0 days 01:11:36
2026-04-15 12:14:02-03:00,2026-04-15 12:16:52-03:00,CAMINANDO,390.3564147949219,0 days 00:02:50
2026-04-15 15:37:49-03:00,2026-04-15 16:00:18-03:00,CAMINANDO,1457.3507080078125,0 days 00:22:29
2026-04-15 17:18:15-03:00,2026-04-15 17:24:21-03:00,CAMINANDO,439.86956787109375,0 days 00:06:06
2026-04-15 17:24:21-03:00,2026-04-15 18:44:20-03:00,COLECTIVO,20458.646484375,0 days 01:19:59
2026-04-15 18:44:20-03:00,2026-04-15 18:45:59-03:00,CAMINANDO,146.95143127441406,0 days 00:01:39
2026-04-15 19:29:48-03:00,2026-04-15 19:55:15-03:00,AUTO,10625.9208984375,0 days 00:25:27
2026-04-15 20:10:25-03:00,2026-04-15 20:38:44-03:00,AUTO,17000.66796875,0 days 00:28:19
2026-04-15 21:10:22-03:00,2026-04-15 21:38:21-03:00,CAMINANDO,1668.24267578125,0 days 00:27:59
2026-04-15 23:38:25-03:00,2026-04-16 00:11:28-03:00,CAMINANDO,1683.06591796875,0 days 00:33:03
2026-04-16 00:11:28-03:00,2026-04-16 01:20:22-03:00,AUTO,28500.607421875,0 days 01:08:54
2026-04-16 10:29:04-03:00,2026-04-16 10:33:02-03:00,CAMINANDO,284.58172607421875,0 days 00:03:58
2026-04-16 10:33:02-03:00,2026-04-16 11:22:54-03:00,COLECTIVO,15273.7509765625,0 days 00:49:52
2026-04-16 11:22:54-03:00,2026-04-16 11:30:11-03:00,CAMINANDO,398.2810974121094,0 days 00:07:17
2026-04-16 12:07:27-03:00,2026-04-16 12:11:28-03:00,CAMINANDO,210.17369079589844,0 days 00:04:01
2026-04-16 12:26:25-03:00,2026-04-16 12:36:19-03:00,CAMINANDO,721.1412963867188,0 days 00:09:54
2026-04-16 15:15:01-03:00,2026-04-16 15:20:51-03:00,CAMINANDO,389.423583984375,0 days 00:05:50
2026-04-16 15:20:51-03:00,2026-04-16 15:29:35-03:00,COLECTIVO,1383.884521484375,0 days 00:08:44
2026-04-16 15:29:35-03:00,2026-04-16 15:31:46-03:00,CAMINANDO,132.03843688964844,0 days 00:02:11
2026-04-16 17:25:54-03:00,2026-04-16 17:34:23-03:00,CAMINANDO,501.57177734375,0 days 00:08:29
2026-04-16 17:34:23-03:00,2026-04-16 18:48:08-03:00,COLECTIVO,25137.978515625,0 days 01:13:45
2026-04-16 18:48:08-03:00,2026-04-16 18:49:53-03:00,CAMINANDO,174.3115997314453,0 days 00:01:45
2026-04-16 20:56:19-03:00,2026-04-16 21:06:10-03:00,MOTO,2610.806396484375,0 days 00:09:51
2026-04-17 00:28:34-03:00,2026-04-17 00:36:29-03:00,MOTO,2972.77392578125,0 days 00:07:55
2026-04-17 10:34:24-03:00,2026-04-17 10:40:55-03:00,CAMINANDO,112.05729675292969,0 days 00:06:31
2026-04-17 10:40:55-03:00,2026-04-17 11:30:36-03:00,COLECTIVO,14740.6337890625,0 days 00:49:41
2026-04-17 11:37:56-03:00,2026-04-17 11:43:38-03:00,SUBTE,922.9066772460938,0 days 00:05:42
2026-04-17 11:43:38-03:00,2026-04-17 11:44:56-03:00,CAMINANDO,98.73373413085938,0 days 00:01:18
2026-04-17 13:04:44-03:00,2026-04-17 13:05:51-03:00,CAMINANDO,35.14849853515625,0 days 00:01:07
2026-04-17 15:33:11-03:00,2026-04-17 16:01:09-03:00,CAMINANDO,2017.2132568359375,0 days 00:27:58
2026-04-17 16:12:42-03:00,2026-04-17 17:05:08-03:00,COLECTIVO,14140.748046875,0 days 00:52:26
2026-04-17 17:07:09-03:00,2026-04-17 17:19:29-03:00,COLECTIVO,2578.53564453125,0 days 00:12:20
2026-04-18 11:06:32-03:00,2026-04-18 11:12:18-03:00,MOTO,2161.76220703125,0 days 00:05:46
2026-04-18 12:14:00-03:00,2026-04-18 12:21:27-03:00,MOTO,2613.5810546875,0 days 00:07:27
2026-04-18 13:52:53-03:00,2026-04-18 14:08:27-03:00,MOTO,5980.0517578125,0 days 00:15:34
2026-04-18 14:14:10-03:00,2026-04-18 14:26:20-03:00,MOTO,4001.038330078125,0 days 00:12:10
2026-04-18 17:06:51-03:00,2026-04-18 17:13:30-03:00,MOTO,2610.42236328125,0 days 00:06:39
2026-04-18 17:58:20-03:00,2026-04-18 18:06:55-03:00,MOTO,2886.7548828125,0 days 00:08:35
2026-04-18 18:12:24-03:00,2026-04-18 18:51:05-03:00,MOTO,14719.279296875,0 days 00:38:41
2026-04-18 18:59:31-03:00,2026-04-18 19:10:40-03:00,CAMINANDO,731.45361328125,0 days 00:11:09
2026-04-18 22:48:40-03:00,2026-04-18 23:14:02-03:00,CAMINANDO,644.37060546875,0 days 00:25:22
2026-04-19 00:31:12-03:00,2026-04-19 00:36:12-03:00,CAMINANDO,337.96002197265625,0 days 00:05:00
2026-04-19 00:55:44-03:00,2026-04-19 00:59:04-03:00,CAMINANDO,248.99801635742188,0 days 00:03:20
2026-04-19 03:00:01-03:00,2026-04-19 03:43:25-03:00,MOTO,19344.447265625,0 days 00:43:24
2026-04-20 09:07:45-03:00,2026-04-20 09:27:49-03:00,MOTO,8174.013671875,0 days 00:20:04
2026-04-20 09:49:14-03:00,2026-04-20 09:53:26-03:00,MOTO,2198.08056640625,0 days 00:04:12
2026-04-20 10:03:16-03:00,2026-04-20 11:12:09-03:00,MOTO,206.52349853515625,0 days 01:08:53
2026-04-20 11:12:09-03:00,2026-04-20 11:15:26-03:00,CAMINANDO,225.5762176513672,0 days 00:03:17
2026-04-20 11:15:26-03:00,2026-04-20 11:52:24-03:00,COLECTIVO,12262.46484375,0 days 00:36:58
2026-04-20 12:43:55-03:00,2026-04-20 12:51:28-03:00,AUTO,1146.6009521484375,0 days 00:07:33
2026-04-20 14:18:46-03:00,2026-04-20 14:27:51-03:00,COLECTIVO,2480.998291015625,0 days 00:09:05
2026-04-20 15:58:13-03:00,2026-04-20 16:10:06-03:00,CAMINANDO,138.43052673339844,0 days 00:11:53
2026-04-20 17:01:12-03:00,2026-04-20 17:17:05-03:00,CAMINANDO,2453.169921875,0 days 00:15:53
2026-04-20 17:23:05-03:00,2026-04-20 18:43:04-03:00,COLECTIVO,18076.7109375,0 days 01:19:59
2026-04-21 08:15:36-03:00,2026-04-21 08:17:53-03:00,CAMINANDO,103.27828216552734,0 days 00:02:17
2026-04-21 08:17:53-03:00,2026-04-21 09:24:56-03:00,AUTO,18077.0,0 days 01:07:03
2026-04-21 17:05:44-03:00,2026-04-21 17:08:13-03:00,CAMINANDO,109.60734558105469,0 days 00:02:29
2026-04-21 17:08:13-03:00,2026-04-21 18:08:03-03:00,AUTO,19132.07421875,0 days 00:59:50
2026-04-22 10:46:17-03:00,2026-04-22 10:51:40-03:00,CAMINANDO,264.7550048828125,0 days 00:05:23
2026-04-22 10:51:40-03:00,2026-04-22 11:44:22-03:00,COLECTIVO,16202.6455078125,0 days 00:52:42
2026-04-22 11:44:22-03:00,2026-04-22 11:53:01-03:00,CAMINANDO,593.8204345703125,0 days 00:08:39
2026-04-22 13:44:33-03:00,2026-04-22 14:05:48-03:00,CAMINANDO,1505.767333984375,0 days 00:21:15
2026-04-22 15:32:58-03:00,2026-04-22 15:46:38-03:00,CAMINANDO,1238.78369140625,0 days 00:13:40
2026-04-22 17:14:43-03:00,2026-04-22 17:22:19-03:00,CAMINANDO,786.4791259765625,0 days 00:07:36
2026-04-22 17:28:51-03:00,2026-04-22 18:47:17-03:00,COLECTIVO,17002.1953125,0 days 01:18:26
2026-04-22 18:47:17-03:00,2026-04-22 19:33:18-03:00,CAMINANDO,497.6290283203125,0 days 00:46:01
2026-04-23 08:57:47-03:00,2026-04-23 08:59:15-03:00,CAMINANDO,116.70584869384766,0 days 00:01:28
2026-04-23 09:05:10-03:00,2026-04-23 10:01:45-03:00,COLECTIVO,16054.8486328125,0 days 00:56:35
2026-04-23 10:01:45-03:00,2026-04-23 10:13:27-03:00,CAMINANDO,728.6504516601562,0 days 00:11:42
2026-04-23 10:32:32-03:00,2026-04-23 10:35:37-03:00,CAMINANDO,314.78460693359375,0 days 00:03:05
2026-04-23 12:26:28-03:00,2026-04-23 13:09:25-03:00,AUTO,19746.931640625,0 days 00:42:57
2026-04-23 13:34:00-03:00,2026-04-23 14:03:24-03:00,AUTO,16871.564453125,0 days 00:29:24
2026-04-23 14:03:24-03:00,2026-04-23 14:15:05-03:00,CAMINANDO,246.06402587890625,0 days 00:11:41
2026-04-23 14:30:04-03:00,2026-04-23 14:30:39-03:00,CAMINANDO,27.44945526123047,0 days 00:00:35
2026-04-23 14:58:03-03:00,2026-04-23 15:02:07-03:00,CAMINANDO,113.42723083496094,0 days 00:04:04
2026-04-23 15:02:07-03:00,2026-04-23 15:10:53-03:00,SUBTE,1091.4622802734375,0 days 00:08:46
2026-04-23 16:32:43-03:00,2026-04-23 17:43:24-03:00,AUTO,14338.921875,0 days 01:10:41
2026-04-23 20:49:23-03:00,2026-04-23 20:54:09-03:00,AUTO,1803.018310546875,0 days 00:04:46
2026-04-23 21:04:10-03:00,2026-04-23 21:16:32-03:00,AUTO,7837.72705078125,0 days 00:12:22
2026-04-23 21:46:51-03:00,2026-04-23 22:01:25-03:00,CAMINANDO,585.3566284179688,0 days 00:14:34
2026-04-24 00:24:51-03:00,2026-04-24 00:38:14-03:00,AUTO,5303.52294921875,0 days 00:13:23
2026-04-24 08:44:22-03:00,2026-04-24 09:42:58-03:00,AUTO,22606.927734375,0 days 00:58:36
2026-04-24 17:07:56-03:00,2026-04-24 18:10:18-03:00,AUTO,19360.16015625,0 days 01:02:22
2026-04-25 11:15:28-03:00,2026-04-25 11:24:54-03:00,AUTO,1963.872314453125,0 days 00:09:26
2026-04-25 12:42:51-03:00,2026-04-25 12:45:10-03:00,CAMINANDO,110.81074523925781,0 days 00:02:19
2026-04-25 13:15:23-03:00,2026-04-25 13:35:17-03:00,AUTO,10184.8857421875,0 days 00:19:54
2026-04-25 13:40:20-03:00,2026-04-25 13:57:14-03:00,AUTO,3789.3525390625,0 days 00:16:54
2026-04-25 16:28:27-03:00,2026-04-25 16:39:56-03:00,AUTO,5223.06396484375,0 days 00:11:29
2026-04-25 16:39:56-03:00,2026-04-25 16:55:17-03:00,CAMINANDO,486.75982666015625,0 days 00:15:21
2026-04-25 16:55:17-03:00,2026-04-25 16:58:04-03:00,COLECTIVO,139.74732971191406,0 days 00:02:47
2026-04-25 16:58:04-03:00,2026-04-25 17:12:03-03:00,AUTO,4247.5498046875,0 days 00:13:59
2026-04-25 18:58:57-03:00,2026-04-25 19:27:58-03:00,AUTO,11800.3525390625,0 days 00:29:01
2026-04-26 01:03:27-03:00,2026-04-26 02:06:20-03:00,AUTO,46624.6953125,0 days 01:02:53
2026-04-26 02:06:20-03:00,2026-04-26 02:13:47-03:00,CAMINANDO,325.6407470703125,0 days 00:07:27
2026-04-26 06:07:03-03:00,2026-04-26 06:45:16-03:00,AUTO,13665.486328125,0 days 00:38:13
2026-04-27 08:55:31-03:00,2026-04-27 09:52:29-03:00,AUTO,22208.001953125,0 days 00:56:58
2026-04-27 17:13:41-03:00,2026-04-27 17:21:30-03:00,AUTO,1715.5289306640625,0 days 00:07:49
2026-04-27 17:27:45-03:00,2026-04-27 18:24:01-03:00,AUTO,18741.802734375,0 days 00:56:16
2026-04-27 21:22:17-03:00,2026-04-27 21:36:56-03:00,AUTO,5150.86328125,0 days 00:14:39
2026-04-27 23:11:04-03:00,2026-04-27 23:31:46-03:00,AUTO,5025.1318359375,0 days 00:20:42
2026-04-28 08:03:33-03:00,2026-04-28 09:27:08-03:00,AUTO,35363.55859375,0 days 01:23:35
2026-04-28 10:25:56-03:00,2026-04-28 11:04:33-03:00,AUTO,18123.1171875,0 days 00:38:37
2026-04-28 12:59:42-03:00,2026-04-28 13:08:13-03:00,COLECTIVO,1533.3118896484375,0 days 00:08:31
2026-04-28 13:08:13-03:00,2026-04-28 13:09:38-03:00,CAMINANDO,133.4042510986328,0 days 00:01:25
2026-04-28 14:42:47-03:00,2026-04-28 15:05:51-03:00,CAMINANDO,1699.7862548828125,0 days 00:23:04
2026-04-28 16:26:12-03:00,2026-04-28 16:28:12-03:00,SUBTE,47.024627685546875,0 days 00:02:00
2026-04-28 16:28:12-03:00,2026-04-28 16:36:40-03:00,CAMINANDO,1105.455078125,0 days 00:08:28
2026-04-28 16:43:39-03:00,2026-04-28 17:39:36-03:00,AUTO,23813.51953125,0 days 00:55:57
2026-04-29 08:50:12-03:00,2026-04-29 08:52:20-03:00,CAMINANDO,38.46649932861328,0 days 00:02:08
2026-04-29 08:52:20-03:00,2026-04-29 09:52:41-03:00,AUTO,17712.857421875,0 days 01:00:21
2026-04-29 17:03:05-03:00,2026-04-29 18:08:24-03:00,AUTO,22806.7890625,0 days 01:05:19
2026-04-30 08:07:01-03:00,2026-04-30 10:15:27-03:00,AUTO,35410.0625,0 days 02:08:26
2026-04-30 11:03:45-03:00,2026-04-30 12:15:13-03:00,COLECTIVO,16508.935546875,0 days 01:11:28
2026-04-30 12:15:13-03:00,2026-04-30 12:22:17-03:00,CAMINANDO,839.0958251953125,0 days 00:07:04
2026-04-30 15:03:45-03:00,2026-04-30 15:12:16-03:00,CAMINANDO,999.0772705078125,0 days 00:08:31
2026-04-30 16:16:05-03:00,2026-04-30 16:19:25-03:00,CAMINANDO,313.6095275878906,0 days 00:03:20
2026-04-30 16:27:06-03:00,2026-04-30 16:30:54-03:00,CAMINANDO,319.4059753417969,0 days 00:03:48
2026-04-30 16:39:33-03:00,2026-04-30 16:46:37-03:00,SUBTE,1167.701171875,0 days 00:07:04
2026-04-30 16:46:37-03:00,2026-04-30 16:49:21-03:00,CAMINANDO,163.9586639404297,0 days 00:02:44
2026-04-30 17:06:40-03:00,2026-04-30 18:15:54-03:00,COLECTIVO,15477.080078125,0 days 01:09:14
2026-04-30 18:15:54-03:00,2026-04-30 18:21:22-03:00,CAMINANDO,568.75732421875,0 days 00:05:28
2026-04-30 19:17:23-03:00,2026-04-30 20:36:46-03:00,MOTO,31875.646484375,0 days 01:19:23
2026-05-01 02:37:14-03:00,2026-05-01 03:26:28-03:00,MOTO,23122.6171875,0 days 00:49:14
2026-05-02 11:33:16-03:00,2026-05-02 11:39:36-03:00,MOTO,1897.50732421875,0 days 00:06:20
2026-05-02 12:39:11-03:00,2026-05-02 12:54:10-03:00,MOTO,4669.2109375,0 days 00:14:59
2026-05-02 12:58:10-03:00,2026-05-02 13:11:28-03:00,MOTO,3874.23193359375,0 days 00:13:18
2026-05-02 17:00:01-03:00,2026-05-02 17:08:20-03:00,CAMINANDO,347.5280456542969,0 days 00:08:19
2026-05-02 19:00:23-03:00,2026-05-02 19:26:11-03:00,MOTO,5278.48388671875,0 days 00:25:48
2026-05-03 17:45:09-03:00,2026-05-03 17:54:57-03:00,AUTO,2478.050048828125,0 days 00:09:48
2026-05-03 17:54:57-03:00,2026-05-03 17:56:12-03:00,COLECTIVO,209.17672729492188,0 days 00:01:15
2026-05-03 20:10:30-03:00,2026-05-03 20:19:36-03:00,AUTO,2450.713134765625,0 days 00:09:06
2026-05-04 08:16:50-03:00,2026-05-04 08:52:04-03:00,MOTO,15481.3369140625,0 days 00:35:14
2026-05-04 11:55:12-03:00,2026-05-04 11:59:21-03:00,CAMINANDO,126.62344360351562,0 days 00:04:09
2026-05-04 13:13:02-03:00,2026-05-04 13:40:34-03:00,MOTO,10317.396484375,0 days 00:27:32
2026-05-04 14:06:52-03:00,2026-05-04 14:17:23-03:00,CAMINANDO,898.0601806640625,0 days 00:10:31
2026-05-04 14:26:49-03:00,2026-05-04 14:37:20-03:00,CAMINANDO,1152.2041015625,0 days 00:10:31
2026-05-04 15:40:05-03:00,2026-05-04 15:44:11-03:00,CAMINANDO,145.3896484375,0 days 00:04:06
2026-05-04 17:06:57-03:00,2026-05-04 17:26:01-03:00,COLECTIVO,1755.113525390625,0 days 00:19:04
2026-05-04 18:02:53-03:00,2026-05-04 18:39:36-03:00,MOTO,15337.099609375,0 days 00:36:43
2026-05-04 19:57:28-03:00,2026-05-04 19:59:29-03:00,CAMINANDO,139.0752410888672,0 days 00:02:01
2026-05-04 20:07:16-03:00,2026-05-04 20:11:17-03:00,CAMINANDO,166.09791564941406,0 days 00:04:01
2026-05-05 09:04:22-03:00,2026-05-05 09:47:54-03:00,MOTO,18773.97265625,0 days 00:43:32
2026-05-05 17:05:25-03:00,2026-05-05 17:53:15-03:00,MOTO,18617.14453125,0 days 00:47:50
2026-05-06 08:38:41-03:00,2026-05-06 09:33:29-03:00,AUTO,20023.052734375,0 days 00:54:48
2026-05-06 17:20:34-03:00,2026-05-06 18:25:16-03:00,AUTO,21794.427734375,0 days 01:04:42
2026-05-06 18:25:16-03:00,2026-05-06 18:44:24-03:00,CAMINANDO,273.18218994140625,0 days 00:19:08
2026-05-06 18:52:38-03:00,2026-05-06 18:53:46-03:00,CAMINANDO,108.80472564697266,0 days 00:01:08
2026-05-07 10:57:56-03:00,2026-05-07 11:56:59-03:00,COLECTIVO,19695.396484375,0 days 00:59:03
2026-05-07 11:56:59-03:00,2026-05-07 12:00:16-03:00,CAMINANDO,291.5889892578125,0 days 00:03:17
2026-05-07 12:22:06-03:00,2026-05-07 12:27:41-03:00,CAMINANDO,345.97271728515625,0 days 00:05:35
2026-05-07 14:54:32-03:00,2026-05-07 15:09:56-03:00,CAMINANDO,3115.2099609375,0 days 00:15:24
2026-05-07 15:27:14-03:00,2026-05-07 15:45:18-03:00,CAMINANDO,2072.7216796875,0 days 00:18:04
2026-05-07 16:10:17-03:00,2026-05-07 17:00:12-03:00,COLECTIVO,14549.2529296875,0 days 00:49:55
2026-05-07 17:00:12-03:00,2026-05-07 17:04:43-03:00,CAMINANDO,118.23818969726562,0 days 00:04:31
2026-05-08 12:39:00-03:00,2026-05-08 12:45:00-03:00,CAMINANDO,417.8339538574219,0 days 00:06:00
2026-05-08 12:45:00-03:00,2026-05-08 13:38:00-03:00,COLECTIVO,15938.408203125,0 days 00:53:00
2026-05-08 13:38:00-03:00,2026-05-08 13:48:44-03:00,CAMINANDO,849.345947265625,0 days 00:10:44
2026-05-08 16:05:41-03:00,2026-05-08 16:07:43-03:00,CAMINANDO,281.7671203613281,0 days 00:02:02
2026-05-08 16:15:21-03:00,2026-05-08 16:19:54-03:00,CAMINANDO,231.15274047851562,0 days 00:04:33
2026-05-08 16:19:54-03:00,2026-05-08 17:39:58-03:00,COLECTIVO,21078.287109375,0 days 01:20:04
2026-05-09 10:53:07-03:00,2026-05-09 11:04:48-03:00,AUTO,1997.2890625,0 days 00:11:41
2026-05-09 12:23:42-03:00,2026-05-09 12:27:02-03:00,CAMINANDO,163.5939483642578,0 days 00:03:20
2026-05-09 12:37:49-03:00,2026-05-09 12:56:16-03:00,COLECTIVO,9497.3525390625,0 days 00:18:27
2026-05-09 13:08:31-03:00,2026-05-09 13:22:55-03:00,AUTO,8195.81640625,0 days 00:14:24
2026-05-09 16:30:24-03:00,2026-05-09 16:37:26-03:00,AUTO,2640.10986328125,0 days 00:07:02
2026-05-09 17:43:47-03:00,2026-05-09 17:53:03-03:00,AUTO,2698.1123046875,0 days 00:09:16
2026-05-09 17:57:56-03:00,2026-05-09 18:07:50-03:00,MOTO,3996.94775390625,0 days 00:09:54
2026-05-09 18:14:37-03:00,2026-05-09 18:27:13-03:00,MOTO,14538.27734375,0 days 00:12:36
2026-05-09 20:58:02-03:00,2026-05-09 21:10:33-03:00,CAMINANDO,915.970703125,0 days 00:12:31
2026-05-10 02:26:25-03:00,2026-05-10 02:38:01-03:00,MOTO,5133.9697265625,0 days 00:11:36
2026-05-10 18:25:32-03:00,2026-05-10 18:44:05-03:00,AUTO,2694.59326171875,0 days 00:18:33
2026-05-10 19:05:10-03:00,2026-05-10 19:19:43-03:00,MOTO,2536.46728515625,0 days 00:14:33
2026-05-11 11:15:53-03:00,2026-05-11 11:26:30-03:00,CAMINANDO,101.12406921386719,0 days 00:10:37
2026-05-11 11:43:20-03:00,2026-05-11 12:30:48-03:00,COLECTIVO,17026.166015625,0 days 00:47:28
2026-05-11 12:30:48-03:00,2026-05-11 12:53:45-03:00,CAMINANDO,1218.5721435546875,0 days 00:22:57
2026-05-11 13:45:20-03:00,2026-05-11 13:51:35-03:00,CAMINANDO,206.76817321777344,0 days 00:06:15
2026-05-11 13:51:35-03:00,2026-05-11 13:59:20-03:00,COLECTIVO,1214.737060546875,0 days 00:07:45
2026-05-11 13:59:20-03:00,2026-05-11 14:05:57-03:00,CAMINANDO,403.9200744628906,0 days 00:06:37
2026-05-11 14:57:15-03:00,2026-05-11 15:18:15-03:00,CAMINANDO,1411.4676513671875,0 days 00:21:00
2026-05-11 17:24:28-03:00,2026-05-11 17:29:35-03:00,CAMINANDO,318.5149841308594,0 days 00:05:07
2026-05-11 17:29:35-03:00,2026-05-11 17:43:17-03:00,COLECTIVO,4535.39453125,0 days 00:13:42
2026-05-11 17:43:17-03:00,2026-05-11 17:46:15-03:00,CAMINANDO,131.28924560546875,0 days 00:02:58
2026-05-11 17:51:49-03:00,2026-05-11 19:01:30-03:00,COLECTIVO,16701.36328125,0 days 01:09:41
2026-05-11 19:01:30-03:00,2026-05-11 19:02:43-03:00,CAMINANDO,100.30430603027344,0 days 00:01:13
2026-05-12 09:16:12-03:00,2026-05-12 09:54:00-03:00,MOTO,30055.6796875,0 days 00:37:48
2026-05-12 14:51:32-03:00,2026-05-12 15:11:35-03:00,COLECTIVO,2283.12939453125,0 days 00:20:03
2026-05-12 15:25:25-03:00,2026-05-12 16:12:37-03:00,MOTO,19720.443359375,0 days 00:47:12
2026-05-12 16:53:50-03:00,2026-05-12 17:43:04-03:00,MOTO,31300.9453125,0 days 00:49:14
2026-05-12 18:06:09-03:00,2026-05-12 18:13:28-03:00,MOTO,1931.9716796875,0 days 00:07:19
2026-05-13 08:58:28-03:00,2026-05-13 09:01:52-03:00,CAMINANDO,142.31878662109375,0 days 00:03:24
2026-05-13 09:05:21-03:00,2026-05-13 09:56:35-03:00,COLECTIVO,14637.3271484375,0 days 00:51:14
2026-05-13 09:56:35-03:00,2026-05-13 10:06:32-03:00,CAMINANDO,680.0910034179688,0 days 00:09:57
2026-05-13 10:35:57-03:00,2026-05-13 11:09:11-03:00,CAMINANDO,1910.66259765625,0 days 00:33:14
2026-05-13 13:06:14-03:00,2026-05-13 13:07:53-03:00,CAMINANDO,155.21908569335938,0 days 00:01:39
2026-05-13 13:07:53-03:00,2026-05-13 13:15:38-03:00,COLECTIVO,1731.296875,0 days 00:07:45
2026-05-13 13:15:38-03:00,2026-05-13 13:17:02-03:00,CAMINANDO,74.6741943359375,0 days 00:01:24
2026-05-13 15:58:58-03:00,2026-05-13 16:09:49-03:00,CAMINANDO,544.76904296875,0 days 00:10:51
2026-05-13 16:09:49-03:00,2026-05-13 16:16:51-03:00,AUTO,1568.302734375,0 days 00:07:02
2026-05-13 16:22:47-03:00,2026-05-13 17:23:12-03:00,COLECTIVO,14465.0400390625,0 days 01:00:25
2026-05-13 17:23:12-03:00,2026-05-13 17:26:23-03:00,CAMINANDO,99.09054565429688,0 days 00:03:11
2026-05-13 18:00:32-03:00,2026-05-13 18:18:16-03:00,CAMINANDO,175.9984893798828,0 days 00:17:44
2026-05-13 18:36:35-03:00,2026-05-13 18:47:01-03:00,COLECTIVO,2156.290283203125,0 days 00:10:26
2026-05-13 18:47:01-03:00,2026-05-13 18:48:56-03:00,CAMINANDO,101.93392944335938,0 days 00:01:55
2026-05-14 10:34:05-03:00,2026-05-14 10:37:25-03:00,CAMINANDO,234.1725616455078,0 days 00:03:20
2026-05-14 10:42:31-03:00,2026-05-14 11:27:01-03:00,COLECTIVO,14965.083984375,0 days 00:44:30
2026-05-14 11:27:01-03:00,2026-05-14 11:37:36-03:00,CAMINANDO,265.1222839355469,0 days 00:10:35
2026-05-14 16:23:32-03:00,2026-05-14 16:35:00-03:00,CAMINANDO,948.5662231445312,0 days 00:11:28
2026-05-14 16:50:31-03:00,2026-05-14 17:07:20-03:00,AUTO,2332.38623046875,0 days 00:16:49
2026-05-14 17:07:20-03:00,2026-05-14 18:18:26-03:00,COLECTIVO,17513.162109375,0 days 01:11:06
2026-05-14 18:18:26-03:00,2026-05-14 18:20:27-03:00,CAMINANDO,144.80865478515625,0 days 00:02:01
2026-05-14 21:42:24-03:00,2026-05-14 21:56:34-03:00,AUTO,5185.0390625,0 days 00:14:10
2026-05-14 23:45:45-03:00,2026-05-14 23:59:57-03:00,AUTO,5199.03369140625,0 days 00:14:12
2026-05-15 08:28:53-03:00,2026-05-15 08:37:26-03:00,CAMINANDO,431.5811767578125,0 days 00:08:33
2026-05-15 08:37:26-03:00,2026-05-15 09:25:53-03:00,COLECTIVO,15378.509765625,0 days 00:48:27
2026-05-15 09:25:53-03:00,2026-05-15 09:33:20-03:00,CAMINANDO,661.65185546875,0 days 00:07:27
2026-05-15 12:26:52-03:00,2026-05-15 12:33:05-03:00,CAMINANDO,1125.3697509765625,0 days 00:06:13
2026-05-15 13:20:43-03:00,2026-05-15 13:28:45-03:00,CAMINANDO,542.5161743164062,0 days 00:08:02
2026-05-15 13:28:45-03:00,2026-05-15 13:33:26-03:00,SUBTE,1249.8641357421875,0 days 00:04:41
2026-05-15 14:06:21-03:00,2026-05-15 14:14:04-03:00,SUBTE,2007.735107421875,0 days 00:07:43
2026-05-15 15:57:11-03:00,2026-05-15 16:12:07-03:00,CAMINANDO,678.809814453125,0 days 00:14:56
2026-05-15 16:21:49-03:00,2026-05-15 16:28:53-03:00,COLECTIVO,1668.78515625,0 days 00:07:04
2026-05-15 16:36:32-03:00,2026-05-15 17:45:39-03:00,COLECTIVO,17238.08203125,0 days 01:09:07
2026-05-15 18:22:59-03:00,2026-05-15 18:31:42-03:00,AUTO,1801.5706787109375,0 days 00:08:43
2026-05-15 19:43:17-03:00,2026-05-15 19:46:37-03:00,CAMINANDO,212.83145141601562,0 days 00:03:20
2026-05-15 20:23:45-03:00,2026-05-15 20:37:00-03:00,MOTO,4305.75927734375,0 days 00:13:15
2026-05-15 23:14:26-03:00,2026-05-16 10:11:57-03:00,AUTO,4265.4921875,0 days 10:57:31
2026-05-16 11:10:13-03:00,2026-05-16 11:19:37-03:00,CAMINANDO,68.84629821777344,0 days 00:09:24
2026-05-16 11:19:37-03:00,2026-05-16 11:28:45-03:00,AUTO,2447.66259765625,0 days 00:09:08
2026-05-16 13:07:50-03:00,2026-05-16 13:17:55-03:00,AUTO,2222.5859375,0 days 00:10:05
2026-05-16 14:05:05-03:00,2026-05-16 14:18:48-03:00,MOTO,5458.6572265625,0 days 00:13:43
2026-05-16 14:23:33-03:00,2026-05-16 14:34:16-03:00,MOTO,3879.427490234375,0 days 00:10:43
2026-05-16 19:26:56-03:00,2026-05-16 19:55:03-03:00,MOTO,7455.98974609375,0 days 00:28:07
2026-05-16 23:32:57-03:00,2026-05-17 00:05:32-03:00,MOTO,9397.1767578125,0 days 00:32:35
2026-05-17 18:38:16-03:00,2026-05-17 18:54:22-03:00,MOTO,5780.3046875,0 days 00:16:06
2026-05-17 19:34:19-03:00,2026-05-17 19:56:56-03:00,MOTO,8639.4697265625,0 days 00:22:37
2026-05-17 21:26:50-03:00,2026-05-17 21:44:48-03:00,MOTO,8627.263671875,0 days 00:17:58
2026-05-17 23:59:21-03:00,2026-05-18 00:06:07-03:00,MOTO,2707.2470703125,0 days 00:06:46
2026-05-18 12:37:05-03:00,2026-05-18 12:39:55-03:00,CAMINANDO,96.56474304199219,0 days 00:02:50
2026-05-18 12:51:25-03:00,2026-05-18 13:26:01-03:00,COLECTIVO,7739.46826171875,0 days 00:34:36
2026-05-18 13:26:01-03:00,2026-05-18 13:28:02-03:00,CAMINANDO,65.13613891601562,0 days 00:02:01
2026-05-18 16:44:15-03:00,2026-05-18 17:04:12-03:00,COLECTIVO,5263.86376953125,0 days 00:19:57
2026-05-18 17:08:13-03:00,2026-05-18 17:16:49-03:00,COLECTIVO,2073.9462890625,0 days 00:08:36
2026-05-18 21:55:42-03:00,2026-05-18 22:09:49-03:00,AUTO,5542.47998046875,0 days 00:14:07
2026-05-18 23:16:08-03:00,2026-05-18 23:34:43-03:00,AUTO,5738.16455078125,0 days 00:18:35
2026-05-19 09:28:31-03:00,2026-05-19 10:05:37-03:00,MOTO,28483.91015625,0 days 00:37:06
2026-05-19 14:02:03-03:00,2026-05-19 14:03:46-03:00,CAMINANDO,140.88169860839844,0 days 00:01:43
2026-05-19 17:16:55-03:00,2026-05-19 18:01:32-03:00,MOTO,27343.509765625,0 days 00:44:37
2026-05-20 11:02:59-03:00,2026-05-20 11:09:15-03:00,CAMINANDO,145.57489013671875,0 days 00:06:16
2026-05-20 11:09:15-03:00,2026-05-20 11:52:24-03:00,COLECTIVO,14480.6259765625,0 days 00:43:09
2026-05-20 11:52:24-03:00,2026-05-20 12:00:43-03:00,CAMINANDO,781.15087890625,0 days 00:08:19
2026-05-20 13:30:23-03:00,2026-05-20 13:54:51-03:00,CAMINANDO,1126.8468017578125,0 days 00:24:28
2026-05-20 16:11:31-03:00,2026-05-20 16:16:13-03:00,CAMINANDO,315.3925476074219,0 days 00:04:42
2026-05-20 16:16:13-03:00,2026-05-20 16:58:56-03:00,COLECTIVO,12204.9453125,0 days 00:42:43
2026-05-20 16:58:56-03:00,2026-05-20 17:16:06-03:00,CAMINANDO,821.7720336914062,0 days 00:17:10
2026-05-20 17:23:11-03:00,2026-05-20 17:35:42-03:00,CAMINANDO,628.1868286132812,0 days 00:12:31
2026-05-20 20:14:09-03:00,2026-05-20 20:40:13-03:00,CAMINANDO,1111.61962890625,0 days 00:26:04
2026-05-20 20:40:13-03:00,2026-05-20 20:52:39-03:00,COLECTIVO,1839.198974609375,0 days 00:12:26
2026-05-20 20:52:39-03:00,2026-05-20 20:54:41-03:00,CAMINANDO,130.91671752929688,0 days 00:02:02
2026-05-21 11:11:09-03:00,2026-05-21 12:02:11-03:00,COLECTIVO,33955.6875,0 days 00:51:02
2026-05-21 14:11:14-03:00,2026-05-21 14:21:02-03:00,CAMINANDO,729.88232421875,0 days 00:09:48
2026-05-21 14:31:04-03:00,2026-05-21 14:42:54-03:00,CAMINANDO,890.2699584960938,0 days 00:11:50
2026-05-21 15:57:58-03:00,2026-05-21 16:06:18-03:00,CAMINANDO,922.9738159179688,0 days 00:08:20
2026-05-21 16:18:27-03:00,2026-05-21 17:26:41-03:00,COLECTIVO,14922.4873046875,0 days 01:08:14
2026-05-22 08:11:44-03:00,2026-05-22 09:16:14-03:00,AUTO,26345.0859375,0 days 01:04:30
2026-05-22 13:18:33-03:00,2026-05-22 13:19:08-03:00,CAMINANDO,62.90010070800781,0 days 00:00:35
2026-05-22 13:58:24-03:00,2026-05-22 14:28:35-03:00,AUTO,17912.208984375,0 days 00:30:11
2026-05-22 16:44:37-03:00,2026-05-22 18:01:51-03:00,AUTO,22218.5234375,0 days 01:17:14
2026-05-22 21:09:35-03:00,2026-05-22 21:16:32-03:00,AUTO,1625.2481689453125,0 days 00:06:57
2026-05-22 21:38:56-03:00,2026-05-22 21:46:47-03:00,AUTO,1809.1593017578125,0 days 00:07:51
2026-05-22 23:15:17-03:00,2026-05-22 23:24:41-03:00,AUTO,2323.650634765625,0 days 00:09:24
2026-05-22 23:32:29-03:00,2026-05-22 23:40:58-03:00,AUTO,2325.722412109375,0 days 00:08:29
2026-05-23 00:27:52-03:00,2026-05-23 00:34:06-03:00,AUTO,1479.063720703125,0 days 00:06:14
2026-05-23 11:56:44-03:00,2026-05-23 12:17:27-03:00,AUTO,11520.990234375,0 days 00:20:43
2026-05-23 13:38:16-03:00,2026-05-23 13:57:49-03:00,AUTO,4725.33203125,0 days 00:19:33
2026-05-23 14:52:13-03:00,2026-05-23 15:07:23-03:00,AUTO,5337.52587890625,0 days 00:15:10
2026-05-23 15:14:48-03:00,2026-05-23 15:31:05-03:00,AUTO,3602.709228515625,0 days 00:16:17
2026-05-23 18:33:19-03:00,2026-05-23 18:44:37-03:00,AUTO,7818.03076171875,0 days 00:11:18
2026-05-23 19:53:33-03:00,2026-05-23 20:28:35-03:00,AUTO,13618.58203125,0 days 00:35:02
2026-05-24 10:54:59-03:00,2026-05-24 11:02:12-03:00,MOTO,2013.058349609375,0 days 00:07:13
2026-05-24 11:25:12-03:00,2026-05-24 11:42:19-03:00,MOTO,4374.19921875,0 days 00:17:07
2026-05-24 12:20:24-03:00,2026-05-24 12:33:01-03:00,MOTO,4535.5244140625,0 days 00:12:37
2026-05-24 18:54:43-03:00,2026-05-24 19:27:03-03:00,AUTO,18840.849609375,0 days 00:32:20
2026-05-24 19:27:03-03:00,2026-05-24 19:30:56-03:00,CAMINANDO,194.44410705566406,0 days 00:03:53
2026-05-24 20:35:51-03:00,2026-05-24 20:42:22-03:00,CAMINANDO,231.70477294921875,0 days 00:06:31
2026-05-24 20:42:22-03:00,2026-05-24 21:21:58-03:00,AUTO,14171.44921875,0 days 00:39:36
2026-05-25 11:45:06-03:00,2026-05-25 11:55:37-03:00,AUTO,2916.88232421875,0 days 00:10:31
2026-05-25 12:08:30-03:00,2026-05-25 12:15:42-03:00,AUTO,5571.22705078125,0 days 00:07:12
2026-05-25 12:28:12-03:00,2026-05-25 13:28:24-03:00,AUTO,18860.349609375,0 days 01:00:12
2026-05-25 17:33:11-03:00,2026-05-25 18:48:20-03:00,AUTO,30125.896484375,0 days 01:15:09
2026-05-26 11:00:28-03:00,2026-05-26 11:33:07-03:00,AUTO,13984.74609375,0 days 00:32:39
2026-05-26 11:33:07-03:00,2026-05-26 12:00:53-03:00,CAMINANDO,1372.3621826171875,0 days 00:27:46
2026-05-26 13:35:08-03:00,2026-05-26 13:43:54-03:00,CAMINANDO,565.9213256835938,0 days 00:08:46
2026-05-26 14:30:43-03:00,2026-05-26 14:46:45-03:00,CAMINANDO,958.7872924804688,0 days 00:16:02
2026-05-26 15:05:34-03:00,2026-05-26 15:10:52-03:00,CAMINANDO,149.41160583496094,0 days 00:05:18
2026-05-26 15:10:52-03:00,2026-05-26 15:19:20-03:00,COLECTIVO,1451.5064697265625,0 days 00:08:28
2026-05-26 16:46:13-03:00,2026-05-26 17:29:03-03:00,AUTO,12960.7177734375,0 days 00:42:50
2026-05-26 17:35:55-03:00,2026-05-26 17:39:03-03:00,AUTO,1178.657470703125,0 days 00:03:08
2026-05-26 17:45:26-03:00,2026-05-26 17:50:13-03:00,AUTO,322.3515625,0 days 00:04:47
2026-05-27 08:36:15-03:00,2026-05-27 09:34:13-03:00,AUTO,25984.1875,0 days 00:57:58
2026-05-27 10:24:53-03:00,2026-05-27 11:11:28-03:00,AUTO,21291.265625,0 days 00:46:35
2026-05-27 11:22:33-03:00,2026-05-27 11:38:58-03:00,CAMINANDO,1207.7955322265625,0 days 00:16:25
2026-05-27 11:53:08-03:00,2026-05-27 12:04:37-03:00,CAMINANDO,222.1473388671875,0 days 00:11:29
2026-05-27 13:19:20-03:00,2026-05-27 13:23:21-03:00,SUBTE,266.40045166015625,0 days 00:04:01
2026-05-27 13:23:21-03:00,2026-05-27 13:37:27-03:00,CAMINANDO,1256.7044677734375,0 days 00:14:06
2026-05-27 16:26:01-03:00,2026-05-27 16:33:19-03:00,CAMINANDO,187.59722900390625,0 days 00:07:18
2026-05-27 16:33:19-03:00,2026-05-27 16:34:37-03:00,COLECTIVO,97.7300033569336,0 days 00:01:18
2026-05-27 16:34:37-03:00,2026-05-27 17:23:10-03:00,AUTO,14201.9462890625,0 days 00:48:33
2026-05-27 17:54:49-03:00,2026-05-27 18:07:36-03:00,AUTO,1634.1031494140625,0 days 00:12:47
2026-05-27 19:19:24-03:00,2026-05-27 19:32:39-03:00,AUTO,3227.595703125,0 days 00:13:15
2026-05-27 21:20:37-03:00,2026-05-27 21:36:20-03:00,AUTO,4860.01953125,0 days 00:15:43
2026-05-28 10:52:24-03:00,2026-05-28 11:35:44-03:00,AUTO,15487.8974609375,0 days 00:43:20
2026-05-28 11:41:41-03:00,2026-05-28 12:05:20-03:00,AUTO,2967.01953125,0 days 00:23:39
2026-05-28 12:13:47-03:00,2026-05-28 12:28:03-03:00,CAMINANDO,1236.3443603515625,0 days 00:14:16
2026-05-28 13:29:07-03:00,2026-05-28 13:37:22-03:00,CAMINANDO,490.2821350097656,0 days 00:08:15
2026-05-28 14:00:35-03:00,2026-05-28 14:11:59-03:00,CAMINANDO,509.4936218261719,0 days 00:11:24
2026-05-28 16:38:45-03:00,2026-05-28 18:03:36-03:00,AUTO,27496.818359375,0 days 01:24:51
2026-05-29 08:54:21-03:00,2026-05-29 09:48:25-03:00,AUTO,28175.30078125,0 days 00:54:04
2026-05-29 10:07:31-03:00,2026-05-29 10:14:04-03:00,CAMINANDO,325.0038146972656,0 days 00:06:33
2026-05-29 10:14:04-03:00,2026-05-29 11:36:58-03:00,COLECTIVO,28754.94140625,0 days 01:22:54
2026-05-29 11:36:58-03:00,2026-05-29 11:39:03-03:00,CAMINANDO,198.6511993408203,0 days 00:02:05
2026-05-29 12:08:46-03:00,2026-05-29 12:14:23-03:00,AUTO,995.3140258789062,0 days 00:05:37
2026-05-29 12:25:13-03:00,2026-05-29 12:45:11-03:00,COLECTIVO,3434.262939453125,0 days 00:19:58
2026-05-29 12:45:11-03:00,2026-05-29 12:50:42-03:00,CAMINANDO,141.093505859375,0 days 00:05:31
2026-05-29 16:44:15-03:00,2026-05-29 17:40:31-03:00,COLECTIVO,14859.7724609375,0 days 00:56:16
2026-05-29 17:40:31-03:00,2026-05-29 17:54:39-03:00,CAMINANDO,234.42880249023438,0 days 00:14:08
2026-05-30 11:27:04-03:00,2026-05-30 11:32:14-03:00,MOTO,1687.9725341796875,0 days 00:05:10
2026-05-30 12:54:16-03:00,2026-05-30 13:01:46-03:00,MOTO,2306.23779296875,0 days 00:07:30
2026-05-30 13:19:45-03:00,2026-05-30 13:59:36-03:00,MOTO,24268.09375,0 days 00:39:51
2026-05-30 17:15:30-03:00,2026-05-30 17:45:01-03:00,AUTO,16107.111328125,0 days 00:29:31
2026-05-30 17:49:55-03:00,2026-05-30 17:59:43-03:00,MOTO,2914.33056640625,0 days 00:09:48
2026-06-01 13:26:54-03:00,2026-06-01 14:06:35-03:00,MOTO,33206.82421875,0 days 00:39:41
2026-06-01 14:37:37-03:00,2026-06-01 14:52:49-03:00,MOTO,14285.8955078125,0 days 00:15:12
2026-06-01 15:44:50-03:00,2026-06-01 15:50:22-03:00,CAMINANDO,484.00177001953125,0 days 00:05:32
2026-06-01 15:50:22-03:00,2026-06-01 15:58:15-03:00,SUBTE,631.828369140625,0 days 00:07:53
2026-06-01 16:41:32-03:00,2026-06-01 16:52:27-03:00,CAMINANDO,1180.978271484375,0 days 00:10:55
2026-06-01 17:39:55-03:00,2026-06-01 18:09:54-03:00,MOTO,13249.837890625,0 days 00:29:59
2026-06-01 19:10:29-03:00,2026-06-01 19:18:15-03:00,MOTO,1571.24853515625,0 days 00:07:46
2026-06-01 19:40:20-03:00,2026-06-01 19:44:21-03:00,CAMINANDO,181.2072296142578,0 days 00:04:01
2026-06-01 19:44:21-03:00,2026-06-01 20:02:40-03:00,COLECTIVO,5130.978515625,0 days 00:18:19
2026-06-01 21:24:54-03:00,2026-06-01 21:29:06-03:00,CAMINANDO,289.2712097167969,0 days 00:04:12
2026-06-01 21:29:06-03:00,2026-06-01 21:46:32-03:00,COLECTIVO,4345.43359375,0 days 00:17:26
2026-06-02 09:50:13-03:00,2026-06-02 10:03:32-03:00,COLECTIVO,4905.7275390625,0 days 00:13:19
2026-06-02 10:06:48-03:00,2026-06-02 10:22:29-03:00,TREN,8960.3896484375,0 days 00:15:41
2026-06-02 10:27:22-03:00,2026-06-02 10:31:40-03:00,SUBTE,1042.1610107421875,0 days 00:04:18
2026-06-02 10:44:06-03:00,2026-06-02 10:49:04-03:00,SUBTE,1866.4248046875,0 days 00:04:58
2026-06-02 10:49:04-03:00,2026-06-02 10:54:19-03:00,CAMINANDO,438.63330078125,0 days 00:05:15
2026-06-02 12:21:39-03:00,2026-06-02 12:37:00-03:00,COLECTIVO,3463.77392578125,0 days 00:15:21
2026-06-02 12:37:00-03:00,2026-06-02 12:39:02-03:00,CAMINANDO,108.05526733398438,0 days 00:02:02
2026-06-02 13:15:31-03:00,2026-06-02 13:26:49-03:00,AUTO,2492.244384765625,0 days 00:11:18
2026-06-02 15:24:26-03:00,2026-06-02 15:57:52-03:00,CAMINANDO,2578.00390625,0 days 00:33:26
2026-06-02 15:57:52-03:00,2026-06-02 17:05:46-03:00,AUTO,27516.453125,0 days 01:07:54
2026-06-02 17:05:46-03:00,2026-06-02 17:07:47-03:00,CAMINANDO,10551.328125,0 days 00:02:01
2026-06-02 17:23:00-03:00,2026-06-02 17:26:59-03:00,CAMINANDO,262.321533203125,0 days 00:03:59
2026-06-03 11:34:40-03:00,2026-06-03 11:42:22-03:00,MOTO,2727.62451171875,0 days 00:07:42
2026-06-03 15:41:36-03:00,2026-06-03 15:52:44-03:00,MOTO,3263.23974609375,0 days 00:11:08
2026-06-04 12:36:54-03:00,2026-06-04 12:41:29-03:00,CAMINANDO,198.5789794921875,0 days 00:04:35
2026-06-04 12:41:29-03:00,2026-06-04 13:34:23-03:00,COLECTIVO,12444.0390625,0 days 00:52:54
2026-06-04 13:34:23-03:00,2026-06-04 13:53:53-03:00,CAMINANDO,1804.9312744140625,0 days 00:19:30
2026-06-04 15:51:55-03:00,2026-06-04 15:54:12-03:00,CAMINANDO,308.4184265136719,0 days 00:02:17
2026-06-04 16:31:04-03:00,2026-06-04 16:41:47-03:00,AUTO,2567.9462890625,0 days 00:10:43
2026-06-04 16:48:12-03:00,2026-06-04 17:56:21-03:00,COLECTIVO,16966.181640625,0 days 01:08:09
2026-06-04 17:56:21-03:00,2026-06-04 17:59:35-03:00,CAMINANDO,165.61048889160156,0 days 00:03:14
2026-06-05 08:12:23-03:00,2026-06-05 08:21:44-03:00,CAMINANDO,240.36758422851562,0 days 00:09:21
2026-06-05 08:21:44-03:00,2026-06-05 09:17:12-03:00,COLECTIVO,15575.431640625,0 days 00:55:28
2026-06-05 09:17:12-03:00,2026-06-05 09:19:37-03:00,CAMINANDO,123.64136505126953,0 days 00:02:25
2026-06-05 10:24:09-03:00,2026-06-05 10:31:43-03:00,CAMINANDO,532.5187377929688,0 days 00:07:34
2026-06-05 10:31:43-03:00,2026-06-05 10:35:44-03:00,SUBTE,697.0240478515625,0 days 00:04:01
2026-06-05 12:33:51-03:00,2026-06-05 12:58:03-03:00,CAMINANDO,1676.17724609375,0 days 00:24:12
2026-06-05 15:20:28-03:00,2026-06-05 15:24:48-03:00,CAMINANDO,594.125,0 days 00:04:20
2026-06-05 15:24:48-03:00,2026-06-05 15:37:50-03:00,COLECTIVO,676.412841796875,0 days 00:13:02
2026-06-05 16:57:04-03:00,2026-06-05 17:54:59-03:00,COLECTIVO,14486.703125,0 days 00:57:55
2026-06-05 17:54:59-03:00,2026-06-05 17:56:48-03:00,CAMINANDO,147.1347198486328,0 days 00:01:49
2026-06-06 12:59:39-03:00,2026-06-06 13:02:26-03:00,CAMINANDO,100.3534164428711,0 days 00:02:47
2026-06-06 13:07:00-03:00,2026-06-06 13:11:16-03:00,CAMINANDO,166.16561889648438,0 days 00:04:16
2026-06-06 13:44:38-03:00,2026-06-06 14:06:29-03:00,MOTO,6146.81787109375,0 days 00:21:51
2026-06-06 14:10:13-03:00,2026-06-06 14:23:25-03:00,MOTO,9673.05078125,0 days 00:13:12
2026-06-06 18:02:18-03:00,2026-06-06 18:17:11-03:00,MOTO,4702.4150390625,0 days 00:14:53
2026-06-06 19:46:35-03:00,2026-06-06 19:54:38-03:00,MOTO,2401.254638671875,0 days 00:08:03
2026-06-06 22:15:48-03:00,2026-06-06 22:25:19-03:00,AUTO,2995.719970703125,0 days 00:09:31
2026-06-07 03:01:12-03:00,2026-06-07 03:09:05-03:00,AUTO,2365.8232421875,0 days 00:07:53
2026-06-07 16:48:27-03:00,2026-06-07 17:12:24-03:00,MOTO,21694.99609375,0 days 00:23:57
2026-06-07 21:25:08-03:00,2026-06-07 21:57:20-03:00,MOTO,22233.896484375,0 days 00:32:12
2026-06-07 22:02:56-03:00,2026-06-07 22:07:08-03:00,MOTO,1640.8065185546875,0 days 00:04:12
2026-06-08 09:14:16-03:00,2026-06-08 09:16:45-03:00,CAMINANDO,201.60255432128906,0 days 00:02:29
2026-06-08 09:25:11-03:00,2026-06-08 10:17:04-03:00,COLECTIVO,33819.60546875,0 days 00:51:53
2026-06-08 10:17:04-03:00,2026-06-08 10:19:28-03:00,CAMINANDO,109.5338134765625,0 days 00:02:24
2026-06-08 10:27:02-03:00,2026-06-08 10:28:32-03:00,SUBTE,523.9970092773438,0 days 00:01:30
2026-06-08 11:13:19-03:00,2026-06-08 11:31:01-03:00,CAMINANDO,283.5972595214844,0 days 00:17:42
2026-06-08 16:46:56-03:00,2026-06-08 17:40:28-03:00,COLECTIVO,14637.3056640625,0 days 00:53:32
2026-06-08 21:27:18-03:00,2026-06-08 21:44:46-03:00,AUTO,5832.28125,0 days 00:17:28
2026-06-08 23:37:48-03:00,2026-06-08 23:53:21-03:00,AUTO,7110.51171875,0 days 00:15:33
2026-06-09 13:44:45-03:00,2026-06-09 13:46:39-03:00,CAMINANDO,88.75633239746094,0 days 00:01:54
2026-06-09 13:52:06-03:00,2026-06-09 14:40:48-03:00,COLECTIVO,14993.6337890625,0 days 00:48:42
2026-06-09 16:59:25-03:00,2026-06-09 17:56:09-03:00,COLECTIVO,14771.9794921875,0 days 00:56:44
2026-06-09 17:56:09-03:00,2026-06-09 17:59:06-03:00,CAMINANDO,184.1756134033203,0 days 00:02:57
2026-06-10 13:15:11-03:00,2026-06-10 13:18:58-03:00,CAMINANDO,78.23226928710938,0 days 00:03:47
2026-06-10 13:25:45-03:00,2026-06-10 14:22:49-03:00,COLECTIVO,12071.97265625,0 days 00:57:04
2026-06-10 14:30:41-03:00,2026-06-10 14:36:18-03:00,COLECTIVO,1920.61474609375,0 days 00:05:37
2026-06-10 14:36:18-03:00,2026-06-10 14:40:47-03:00,CAMINANDO,189.37722778320312,0 days 00:04:29
2026-06-10 15:57:16-03:00,2026-06-10 17:11:28-03:00,COLECTIVO,21176.5234375,0 days 01:14:12
2026-06-10 17:11:28-03:00,2026-06-10 17:14:43-03:00,CAMINANDO,214.77023315429688,0 days 00:03:15
2026-06-10 18:01:33-03:00,2026-06-10 18:07:33-03:00,CAMINANDO,222.6190185546875,0 days 00:06:00
2026-06-10 18:07:33-03:00,2026-06-10 18:24:24-03:00,COLECTIVO,5129.845703125,0 days 00:16:51
2026-06-10 20:32:09-03:00,2026-06-10 20:41:09-03:00,COLECTIVO,2181.634033203125,0 days 00:09:00
2026-06-10 20:48:01-03:00,2026-06-10 20:57:42-03:00,COLECTIVO,2344.550048828125,0 days 00:09:41
2026-06-10 20:57:42-03:00,2026-06-10 21:02:45-03:00,CAMINANDO,15.897391319274902,0 days 00:05:03
2026-06-11 10:02:33-03:00,2026-06-11 10:07:27-03:00,CAMINANDO,95.76758575439453,0 days 00:04:54
2026-06-11 10:29:45-03:00,2026-06-11 11:08:18-03:00,COLECTIVO,15177.251953125,0 days 00:38:33
2026-06-11 13:25:00-03:00,2026-06-11 13:33:44-03:00,CAMINANDO,570.0409545898438,0 days 00:08:44
2026-06-11 13:45:49-03:00,2026-06-11 14:03:02-03:00,CAMINANDO,1147.4869384765625,0 days 00:17:13
2026-06-11 14:54:04-03:00,2026-06-11 15:00:43-03:00,CAMINANDO,388.797607421875,0 days 00:06:39
2026-06-11 17:00:56-03:00,2026-06-11 17:07:10-03:00,CAMINANDO,162.0472869873047,0 days 00:06:14
2026-06-11 17:07:10-03:00,2026-06-11 17:09:42-03:00,COLECTIVO,816.9364013671875,0 days 00:02:32
2026-06-11 17:17:44-03:00,2026-06-11 18:25:46-03:00,COLECTIVO,40692.05859375,0 days 01:08:02
2026-06-11 18:25:46-03:00,2026-06-11 18:27:31-03:00,CAMINANDO,159.7324981689453,0 days 00:01:45
2026-06-12 09:39:37-03:00,2026-06-12 09:44:45-03:00,MOTO,1969.826416015625,0 days 00:05:08
2026-06-12 09:52:27-03:00,2026-06-12 10:16:29-03:00,MOTO,14173.6181640625,0 days 00:24:02
2026-06-12 12:03:03-03:00,2026-06-12 12:09:23-03:00,CAMINANDO,316.12890625,0 days 00:06:20
2026-06-12 12:09:23-03:00,2026-06-12 12:16:18-03:00,MOTO,1307.260498046875,0 days 00:06:55
2026-06-12 13:13:58-03:00,2026-06-12 13:23:57-03:00,COLECTIVO,1267.88916015625,0 days 00:09:59
2026-06-12 16:50:49-03:00,2026-06-12 16:59:00-03:00,MOTO,1977.616943359375,0 days 00:08:11
2026-06-12 17:59:53-03:00,2026-06-12 18:06:41-03:00,AUTO,932.3775024414062,0 days 00:06:48
2026-06-12 18:34:44-03:00,2026-06-12 19:06:28-03:00,MOTO,13590.0439453125,0 days 00:31:44
2026-06-13 11:11:40-03:00,2026-06-13 11:20:12-03:00,COLECTIVO,1955.920654296875,0 days 00:08:32
2026-06-13 12:54:11-03:00,2026-06-13 13:05:04-03:00,COLECTIVO,2491.446044921875,0 days 00:10:53
2026-06-13 16:11:18-03:00,2026-06-13 16:46:36-03:00,AUTO,9701.9326171875,0 days 00:35:18
2026-06-13 19:34:48-03:00,2026-06-13 19:51:54-03:00,AUTO,13489.0,0 days 00:17:06
2026-06-13 23:22:54-03:00,2026-06-13 23:39:36-03:00,AUTO,5388.38916015625,0 days 00:16:42
2026-06-14 23:06:57-03:00,2026-06-14 23:18:07-03:00,AUTO,4651.17724609375,0 days 00:11:10
2026-06-15 00:48:46-03:00,2026-06-15 01:01:42-03:00,AUTO,4762.52880859375,0 days 00:12:56
2026-06-15 12:48:27-03:00,2026-06-15 13:02:48-03:00,AUTO,2631.06298828125,0 days 00:14:21
2026-06-15 13:10:44-03:00,2026-06-15 13:13:53-03:00,AUTO,789.583251953125,0 days 00:03:09
2026-06-15 13:44:46-03:00,2026-06-15 13:54:36-03:00,AUTO,1850.27392578125,0 days 00:09:50
2026-06-15 14:25:06-03:00,2026-06-15 14:44:48-03:00,COLECTIVO,10399.0546875,0 days 00:19:42
2026-06-15 18:09:33-03:00,2026-06-15 18:26:57-03:00,MOTO,3902.957275390625,0 days 00:17:24
2026-06-15 18:31:47-03:00,2026-06-15 18:40:04-03:00,MOTO,1597.2105712890625,0 days 00:08:17
2026-06-15 21:15:30-03:00,2026-06-15 21:46:51-03:00,AUTO,12153.9609375,0 days 00:31:21
2026-06-16 01:15:56-03:00,2026-06-16 01:45:11-03:00,AUTO,10209.634765625,0 days 00:29:15
2026-06-16 13:02:03-03:00,2026-06-16 13:09:03-03:00,CAMINANDO,184.70941162109375,0 days 00:07:00
2026-06-16 13:09:03-03:00,2026-06-16 13:56:38-03:00,COLECTIVO,20540.146484375,0 days 00:47:35
2026-06-16 13:56:38-03:00,2026-06-16 14:04:43-03:00,CAMINANDO,1084.3212890625,0 days 00:08:05
2026-06-16 14:59:50-03:00,2026-06-16 15:05:47-03:00,CAMINANDO,345.433837890625,0 days 00:05:57
2026-06-16 15:05:47-03:00,2026-06-16 15:19:08-03:00,COLECTIVO,1424.5361328125,0 days 00:13:21
2026-06-16 15:19:08-03:00,2026-06-16 15:21:12-03:00,CAMINANDO,110.69470977783203,0 days 00:02:04
2026-06-16 16:26:01-03:00,2026-06-16 17:19:35-03:00,COLECTIVO,14990.302734375,0 days 00:53:34
2026-06-17 10:02:32-03:00,2026-06-17 10:08:15-03:00,CAMINANDO,494.1347961425781,0 days 00:05:43
2026-06-17 10:08:15-03:00,2026-06-17 10:56:23-03:00,COLECTIVO,14677.1484375,0 days 00:48:08
2026-06-17 10:56:23-03:00,2026-06-17 11:05:21-03:00,CAMINANDO,813.204345703125,0 days 00:08:58
2026-06-17 12:56:17-03:00,2026-06-17 13:05:21-03:00,CAMINANDO,541.8800048828125,0 days 00:09:04
2026-06-17 13:43:50-03:00,2026-06-17 13:53:00-03:00,CAMINANDO,216.014404296875,0 days 00:09:10
2026-06-17 13:53:00-03:00,2026-06-17 14:02:43-03:00,AUTO,2480.84423828125,0 days 00:09:43
2026-06-17 16:38:45-03:00,2026-06-17 16:52:33-03:00,AUTO,3889.073974609375,0 days 00:13:48
2026-06-17 16:52:33-03:00,2026-06-17 18:13:16-03:00,COLECTIVO,18274.236328125,0 days 01:20:43
2026-06-18 11:20:58-03:00,2026-06-18 11:25:53-03:00,CAMINANDO,197.8100128173828,0 days 00:04:55
2026-06-18 11:25:53-03:00,2026-06-18 12:18:36-03:00,COLECTIVO,17514.8046875,0 days 00:52:43
2026-06-18 12:18:36-03:00,2026-06-18 12:24:45-03:00,CAMINANDO,267.11590576171875,0 days 00:06:09
2026-06-18 16:29:14-03:00,2026-06-18 16:37:49-03:00,CAMINANDO,682.2345581054688,0 days 00:08:35
2026-06-18 16:37:49-03:00,2026-06-18 17:57:47-03:00,COLECTIVO,16942.216796875,0 days 01:19:58
2026-06-18 17:57:47-03:00,2026-06-18 17:59:11-03:00,CAMINANDO,136.92681884765625,0 days 00:01:24
2026-06-19 17:42:59-03:00,2026-06-19 17:46:36-03:00,CAMINANDO,166.8822479248047,0 days 00:03:37
2026-06-19 17:53:54-03:00,2026-06-19 18:15:14-03:00,COLECTIVO,5201.64306640625,0 days 00:21:20
2026-06-19 19:49:49-03:00,2026-06-19 19:56:18-03:00,COLECTIVO,1538.126953125,0 days 00:06:29
2026-06-19 19:56:18-03:00,2026-06-19 20:00:19-03:00,CAMINANDO,151.35231018066406,0 days 00:04:01
2026-06-19 21:55:43-03:00,2026-06-19 22:22:13-03:00,CAMINANDO,1417.2384033203125,0 days 00:26:30
2026-06-19 22:26:43-03:00,2026-06-19 22:35:03-03:00,COLECTIVO,1597.15771484375,0 days 00:08:20
2026-06-20 11:02:20-03:00,2026-06-20 11:08:27-03:00,MOTO,1853.552978515625,0 days 00:06:07
2026-06-20 12:37:25-03:00,2026-06-20 12:51:17-03:00,MOTO,8226.4794921875,0 days 00:13:52
2026-06-20 13:48:36-03:00,2026-06-20 14:09:27-03:00,MOTO,9737.998046875,0 days 00:20:51
2026-06-20 17:25:35-03:00,2026-06-20 17:36:33-03:00,MOTO,3733.757568359375,0 days 00:10:58
2026-06-20 17:57:01-03:00,2026-06-20 18:09:25-03:00,CAMINANDO,1013.25,0 days 00:12:24
2026-06-20 18:38:24-03:00,2026-06-20 18:45:49-03:00,AUTO,1235.994873046875,0 days 00:07:25
2026-06-20 23:14:46-03:00,2026-06-20 23:26:37-03:00,MOTO,5116.21630859375,0 days 00:11:51
2026-06-21 12:47:56-03:00,2026-06-21 13:11:41-03:00,MOTO,11107.751953125,0 days 00:23:45
2026-06-21 17:56:46-03:00,2026-06-21 18:21:14-03:00,MOTO,10663.6416015625,0 days 00:24:28
2026-06-22 08:12:32-03:00,2026-06-22 09:05:07-03:00,AUTO,27335.279296875,0 days 00:52:35
2026-06-22 10:53:52-03:00,2026-06-22 11:28:12-03:00,AUTO,17928.80859375,0 days 00:34:20
2026-06-22 12:14:54-03:00,2026-06-22 12:28:03-03:00,AUTO,1300.1142578125,0 days 00:13:09
2026-06-22 13:33:58-03:00,2026-06-22 13:44:31-03:00,AUTO,4443.4365234375,0 days 00:10:33
2026-06-22 16:49:16-03:00,2026-06-22 16:53:54-03:00,CAMINANDO,215.14736938476562,0 days 00:04:38
2026-06-22 16:53:54-03:00,2026-06-22 17:35:38-03:00,AUTO,13839.8994140625,0 days 00:41:44
2026-06-22 18:49:31-03:00,2026-06-22 19:01:50-03:00,COLECTIVO,2650.853759765625,0 days 00:12:19
2026-06-23 10:57:07-03:00,2026-06-23 11:30:44-03:00,AUTO,28979.375,0 days 00:33:37
2026-06-23 13:11:46-03:00,2026-06-23 13:20:37-03:00,CAMINANDO,387.0111999511719,0 days 00:08:51
2026-06-23 13:20:37-03:00,2026-06-23 13:26:22-03:00,SUBTE,907.6202392578125,0 days 00:05:45
2026-06-23 14:34:46-03:00,2026-06-23 14:56:36-03:00,CAMINANDO,1551.6595458984375,0 days 00:21:50
2026-06-23 17:09:53-03:00,2026-06-23 18:10:01-03:00,AUTO,16076.095703125,0 days 01:00:08
2026-06-24 10:48:30-03:00,2026-06-24 11:44:17-03:00,AUTO,15132.439453125,0 days 00:55:47
2026-06-24 11:44:17-03:00,2026-06-24 12:07:26-03:00,CAMINANDO,386.1909484863281,0 days 00:23:09
2026-06-24 14:14:18-03:00,2026-06-24 14:22:19-03:00,CAMINANDO,476.5383605957031,0 days 00:08:01
2026-06-24 14:28:22-03:00,2026-06-24 14:47:08-03:00,CAMINANDO,298.74102783203125,0 days 00:18:46
2026-06-24 17:06:21-03:00,2026-06-24 18:25:58-03:00,AUTO,27849.2890625,0 days 01:19:37
2026-06-24 18:25:58-03:00,2026-06-24 18:35:07-03:00,CAMINANDO,73.24103546142578,0 days 00:09:09
2026-06-24 22:13:22-03:00,2026-06-24 22:19:24-03:00,AUTO,1508.796875,0 days 00:06:02
2026-06-25 07:49:26-03:00,2026-06-25 08:22:20-03:00,AUTO,9739.087890625,0 days 00:32:54
2026-06-25 10:18:08-03:00,2026-06-25 10:22:37-03:00,CAMINANDO,92.48726654052734,0 days 00:04:29
2026-06-25 10:22:37-03:00,2026-06-25 10:46:07-03:00,COLECTIVO,7352.611328125,0 days 00:23:30
2026-06-25 12:15:39-03:00,2026-06-25 12:25:36-03:00,CAMINANDO,393.139404296875,0 days 00:09:57
2026-06-25 12:25:36-03:00,2026-06-25 12:35:59-03:00,COLECTIVO,2455.5625,0 days 00:10:23
2026-06-25 13:16:42-03:00,2026-06-25 14:11:38-03:00,AUTO,11514.728515625,0 days 00:54:56
2026-06-25 14:11:38-03:00,2026-06-25 14:17:45-03:00,CAMINANDO,436.6051330566406,0 days 00:06:07
2026-06-25 14:17:45-03:00,2026-06-25 14:25:25-03:00,SUBTE,724.53662109375,0 days 00:07:40
2026-06-25 14:25:25-03:00,2026-06-25 14:26:41-03:00,CAMINANDO,94.89019775390625,0 days 00:01:16
2026-06-25 15:22:39-03:00,2026-06-25 15:31:11-03:00,CAMINANDO,1162.8197021484375,0 days 00:08:32
2026-06-25 16:43:29-03:00,2026-06-25 17:56:22-03:00,COLECTIVO,23768.712890625,0 days 01:12:53
2026-06-26 09:53:31-03:00,2026-06-26 10:26:05-03:00,AUTO,12590.7890625,0 days 00:32:34
2026-06-26 12:54:36-03:00,2026-06-26 13:00:38-03:00,AUTO,980.0155029296875,0 days 00:06:02
2026-06-26 14:34:33-03:00,2026-06-26 14:57:07-03:00,AUTO,5997.02734375,0 days 00:22:34
2026-06-26 17:06:34-03:00,2026-06-26 18:12:30-03:00,AUTO,23912.28125,0 days 01:05:56
2026-06-27 08:55:49-03:00,2026-06-27 09:30:49-03:00,AUTO,13984.2197265625,0 days 00:35:00
2026-06-27 09:41:00-03:00,2026-06-27 10:00:39-03:00,AUTO,1812.5892333984375,0 days 00:19:39
2026-06-27 11:48:16-03:00,2026-06-27 11:52:20-03:00,CAMINANDO,140.31051635742188,0 days 00:04:04
2026-06-27 12:17:43-03:00,2026-06-27 12:23:33-03:00,CAMINANDO,361.265625,0 days 00:05:50
2026-06-27 12:27:53-03:00,2026-06-27 12:56:52-03:00,AUTO,13832.228515625,0 days 00:28:59
2026-06-27 14:31:04-03:00,2026-06-27 15:16:43-03:00,AUTO,14796.7373046875,0 days 00:45:39
2026-06-27 15:33:14-03:00,2026-06-27 15:54:59-03:00,AUTO,11168.90625,0 days 00:21:45
2026-06-27 16:10:29-03:00,2026-06-27 16:29:27-03:00,AUTO,9376.9609375,0 days 00:18:58
2026-06-27 19:01:40-03:00,2026-06-27 19:14:08-03:00,AUTO,5036.85595703125,0 days 00:12:28
2026-06-27 19:16:47-03:00,2026-06-27 19:36:34-03:00,AUTO,5644.55029296875,0 days 00:19:47
2026-06-28 17:00:36-03:00,2026-06-28 17:27:33-03:00,AUTO,9900.7587890625,0 days 00:26:57
2026-06-28 21:32:35-03:00,2026-06-28 21:43:37-03:00,AUTO,3579.823486328125,0 days 00:11:02
2026-06-28 22:41:04-03:00,2026-06-28 22:44:17-03:00,CAMINANDO,216.5052490234375,0 days 00:03:13
2026-06-28 22:44:17-03:00,2026-06-28 23:05:31-03:00,AUTO,5307.9072265625,0 days 00:21:14
2026-06-29 01:14:50-03:00,2026-06-29 01:53:12-03:00,COLECTIVO,12977.9228515625,0 days 00:38:22
2026-06-29 10:26:24-03:00,2026-06-29 11:12:12-03:00,AUTO,31147.591796875,0 days 00:45:48
2026-06-29 11:25:42-03:00,2026-06-29 11:57:03-03:00,AUTO,17117.951171875,0 days 00:31:21
2026-06-29 11:57:03-03:00,2026-06-29 12:11:10-03:00,CAMINANDO,1386.47705078125,0 days 00:14:07
2026-06-29 13:42:06-03:00,2026-06-29 13:50:37-03:00,CAMINANDO,595.4059448242188,0 days 00:08:31
2026-06-29 13:59:31-03:00,2026-06-29 14:06:49-03:00,CAMINANDO,500.29107666015625,0 days 00:07:18
2026-06-29 14:43:48-03:00,2026-06-29 14:53:54-03:00,AUTO,790.5068359375,0 days 00:10:06
2026-06-29 15:05:07-03:00,2026-06-29 15:09:09-03:00,CAMINANDO,302.229248046875,0 days 00:04:02
2026-06-29 16:30:00-03:00,2026-06-29 17:24:42-03:00,AUTO,15665.89453125,0 days 00:54:42
2026-06-29 17:58:02-03:00,2026-06-29 18:28:45-03:00,AUTO,10285.2099609375,0 days 00:30:43
2026-06-30 09:49:41-03:00,2026-06-30 10:26:19-03:00,AUTO,13260.7236328125,0 days 00:36:38
2026-06-30 11:09:33-03:00,2026-06-30 11:42:30-03:00,AUTO,6644.3369140625,0 days 00:32:57
2026-06-30 13:14:27-03:00,2026-06-30 13:30:45-03:00,AUTO,3248.810546875,0 days 00:16:18
2026-06-30 13:30:45-03:00,2026-06-30 13:40:04-03:00,CAMINANDO,1161.2431640625,0 days 00:09:19
2026-06-30 14:25:58-03:00,2026-06-30 14:46:54-03:00,CAMINANDO,1206.230712890625,0 days 00:20:56
2026-06-30 16:34:53-03:00,2026-06-30 17:18:55-03:00,AUTO,13498.5498046875,0 days 00:44:02
2026-06-30 17:23:55-03:00,2026-06-30 17:27:43-03:00,AUTO,575.39306640625,0 days 00:03:48
2026-07-01 08:28:07-03:00,2026-07-01 09:29:28-03:00,AUTO,42172.11328125,0 days 01:01:21
2026-07-01 11:36:38-03:00,2026-07-01 12:12:07-03:00,AUTO,38144.9921875,0 days 00:35:29
2026-07-01 12:12:07-03:00,2026-07-01 12:18:01-03:00,CAMINANDO,318.2098388671875,0 days 00:05:54
2026-07-01 12:50:00-03:00,2026-07-01 12:59:09-03:00,CAMINANDO,110.7988510131836,0 days 00:09:09
2026-07-01 14:57:26-03:00,2026-07-01 15:32:28-03:00,CAMINANDO,1855.0048828125,0 days 00:35:02
2026-07-01 15:32:28-03:00,2026-07-01 16:47:55-03:00,COLECTIVO,14179.0517578125,0 days 01:15:27
2026-07-01 16:47:55-03:00,2026-07-01 17:10:05-03:00,CAMINANDO,636.6289672851562,0 days 00:22:10
2026-07-01 17:19:30-03:00,2026-07-01 17:23:31-03:00,CAMINANDO,200.25384521484375,0 days 00:04:01
2026-07-02 12:47:19-03:00,2026-07-02 12:51:22-03:00,CAMINANDO,276.2080993652344,0 days 00:04:03
2026-07-02 12:51:22-03:00,2026-07-02 13:57:37-03:00,COLECTIVO,16855.865234375,0 days 01:06:15
2026-07-02 15:30:48-03:00,2026-07-02 15:32:24-03:00,CAMINANDO,105.5964126586914,0 days 00:01:36
2026-07-02 15:32:24-03:00,2026-07-02 15:40:44-03:00,AUTO,1502.5294189453125,0 days 00:08:20
2026-07-02 17:09:53-03:00,2026-07-02 18:12:36-03:00,COLECTIVO,14659.6630859375,0 days 01:02:43
2026-07-02 18:12:36-03:00,2026-07-02 18:14:46-03:00,CAMINANDO,68.7033920288086,0 days 00:02:10
2026-07-03 10:41:31-03:00,2026-07-03 10:44:01-03:00,CAMINANDO,73.17877960205078,0 days 00:02:30
2026-07-03 10:50:19-03:00,2026-07-03 11:47:44-03:00,COLECTIVO,17067.35546875,0 days 00:57:25
2026-07-03 11:47:44-03:00,2026-07-03 11:49:47-03:00,CAMINANDO,128.78538513183594,0 days 00:02:03
2026-07-03 18:12:07-03:00,2026-07-03 18:21:33-03:00,CAMINANDO,493.6558837890625,0 days 00:09:26
2026-07-03 18:21:33-03:00,2026-07-03 19:25:28-03:00,COLECTIVO,14526.7060546875,0 days 01:03:55
2026-07-03 19:25:28-03:00,2026-07-03 19:26:39-03:00,CAMINANDO,108.49890899658203,0 days 00:01:11
2026-07-04 11:33:20-03:00,2026-07-04 11:39:19-03:00,AUTO,1688.34033203125,0 days 00:05:59
2026-07-04 13:08:29-03:00,2026-07-04 13:11:31-03:00,CAMINANDO,138.13690185546875,0 days 00:03:02
2026-07-04 13:11:31-03:00,2026-07-04 13:33:40-03:00,COLECTIVO,6015.802734375,0 days 00:22:09
2026-07-04 13:43:39-03:00,2026-07-04 13:55:51-03:00,COLECTIVO,4170.47509765625,0 days 00:12:12
2026-07-04 17:35:23-03:00,2026-07-04 17:49:00-03:00,AUTO,3781.87060546875,0 days 00:13:37
2026-07-04 18:02:27-03:00,2026-07-04 18:19:45-03:00,COLECTIVO,4503.3525390625,0 days 00:17:18
2026-07-04 18:33:26-03:00,2026-07-04 18:44:16-03:00,COLECTIVO,2375.576171875,0 days 00:10:50
2026-07-04 20:04:05-03:00,2026-07-04 20:10:52-03:00,AUTO,2138.03173828125,0 days 00:06:47
2026-07-04 21:08:41-03:00,2026-07-04 21:21:22-03:00,AUTO,4178.9296875,0 days 00:12:41
2026-07-04 22:05:31-03:00,2026-07-04 22:23:52-03:00,AUTO,3852.4560546875,0 days 00:18:21
2026-07-04 22:31:28-03:00,2026-07-04 22:50:29-03:00,AUTO,4127.94873046875,0 days 00:19:01
2026-07-05 02:00:29-03:00,2026-07-05 02:14:58-03:00,COLECTIVO,4916.650390625,0 days 00:14:29
2026-07-05 02:20:27-03:00,2026-07-05 02:28:03-03:00,AUTO,3720.083251953125,0 days 00:07:36
2026-07-05 11:47:32-03:00,2026-07-05 12:19:21-03:00,AUTO,14766.396484375,0 days 00:31:49
2026-07-05 13:04:10-03:00,2026-07-05 13:33:17-03:00,AUTO,13768.419921875,0 days 00:29:07
2026-07-06 12:19:41-03:00,2026-07-06 12:22:02-03:00,CAMINANDO,85.0472412109375,0 days 00:02:21
2026-07-06 12:31:34-03:00,2026-07-06 13:28:08-03:00,COLECTIVO,16712.779296875,0 days 00:56:34
2026-07-06 13:28:08-03:00,2026-07-06 13:34:37-03:00,CAMINANDO,1138.4100341796875,0 days 00:06:29
2026-07-06 14:30:45-03:00,2026-07-06 15:02:58-03:00,CAMINANDO,3127.1875,0 days 00:32:13
2026-07-06 16:07:35-03:00,2026-07-06 16:59:48-03:00,COLECTIVO,16010.73046875,0 days 00:52:13
2026-07-06 16:59:48-03:00,2026-07-06 17:01:06-03:00,CAMINANDO,111.40705871582031,0 days 00:01:18
2026-07-07 09:10:36-03:00,2026-07-07 09:18:14-03:00,CAMINANDO,267.30499267578125,0 days 00:07:38
2026-07-07 09:18:14-03:00,2026-07-07 10:05:56-03:00,COLECTIVO,14432.0673828125,0 days 00:47:42
2026-07-07 10:05:56-03:00,2026-07-07 10:16:41-03:00,CAMINANDO,848.4440307617188,0 days 00:10:45
2026-07-07 11:16:24-03:00,2026-07-07 11:19:19-03:00,CAMINANDO,766.0457763671875,0 days 00:02:55
2026-07-07 12:01:27-03:00,2026-07-07 12:22:28-03:00,CAMINANDO,1424.37646484375,0 days 00:21:01
2026-07-07 13:57:41-03:00,2026-07-07 14:00:34-03:00,CAMINANDO,115.34386444091797,0 days 00:02:53
2026-07-07 14:33:25-03:00,2026-07-07 14:34:31-03:00,CAMINANDO,107.661376953125,0 days 00:01:06
2026-07-07 15:58:44-03:00,2026-07-07 16:09:18-03:00,CAMINANDO,904.0711059570312,0 days 00:10:34
2026-07-07 16:15:13-03:00,2026-07-07 16:23:12-03:00,CAMINANDO,539.3585205078125,0 days 00:07:59
2026-07-07 16:23:12-03:00,2026-07-07 17:08:00-03:00,COLECTIVO,16562.73046875,0 days 00:44:48
2026-07-07 17:13:26-03:00,2026-07-07 17:24:04-03:00,COLECTIVO,3410.486572265625,0 days 00:10:38
2026-07-07 18:20:32-03:00,2026-07-07 18:25:15-03:00,CAMINANDO,131.65383911132812,0 days 00:04:43
2026-07-07 18:25:15-03:00,2026-07-07 18:37:24-03:00,COLECTIVO,2676.42822265625,0 days 00:12:09
2026-07-08 13:26:02-03:00,2026-07-08 13:29:02-03:00,CAMINANDO,65.74970245361328,0 days 00:03:00
2026-07-08 13:39:26-03:00,2026-07-08 14:23:14-03:00,COLECTIVO,13870.095703125,0 days 00:43:48
2026-07-08 14:23:14-03:00,2026-07-08 14:36:20-03:00,CAMINANDO,550.012451171875,0 days 00:13:06
2026-07-08 16:21:52-03:00,2026-07-08 16:46:19-03:00,CAMINANDO,508.14678955078125,0 days 00:24:27
2026-07-08 16:46:19-03:00,2026-07-08 16:56:48-03:00,COLECTIVO,1815.5078125,0 days 00:10:29
2026-07-08 17:08:03-03:00,2026-07-08 18:08:30-03:00,COLECTIVO,14763.0732421875,0 days 01:00:27
2026-07-08 18:08:30-03:00,2026-07-08 18:10:29-03:00,CAMINANDO,159.28152465820312,0 days 00:01:59
2026-07-08 18:25:13-03:00,2026-07-08 18:28:04-03:00,CAMINANDO,267.8331298828125,0 days 00:02:51
2026-07-08 21:56:33-03:00,2026-07-08 22:02:06-03:00,AUTO,1546.7392578125,0 days 00:05:33
2026-07-09 11:31:01-03:00,2026-07-09 11:35:01-03:00,CAMINANDO,111.35157775878906,0 days 00:04:00
2026-07-09 11:40:02-03:00,2026-07-09 12:05:20-03:00,CAMINANDO,156.7288055419922,0 days 00:25:18
2026-07-09 12:14:10-03:00,2026-07-09 12:17:13-03:00,CAMINANDO,161.0791778564453,0 days 00:03:03
2026-07-09 16:53:41-03:00,2026-07-09 17:16:04-03:00,CAMINANDO,1452.40234375,0 days 00:22:23
2026-07-09 17:44:28-03:00,2026-07-09 18:00:10-03:00,COLECTIVO,4262.08154296875,0 days 00:15:42
2026-07-09 19:43:22-03:00,2026-07-09 19:50:48-03:00,AUTO,5206.27783203125,0 days 00:07:26
2026-07-11 11:09:42-03:00,2026-07-11 11:15:34-03:00,AUTO,1835.2041015625,0 days 00:05:52
2026-07-11 12:28:44-03:00,2026-07-11 12:36:25-03:00,CAMINANDO,550.880126953125,0 days 00:07:41
2026-07-11 12:36:25-03:00,2026-07-11 12:59:21-03:00,COLECTIVO,4731.2451171875,0 days 00:22:56
2026-07-11 19:06:14-03:00,2026-07-11 19:13:37-03:00,AUTO,2600.144775390625,0 days 00:07:23
2026-07-11 20:12:00-03:00,2026-07-11 20:27:20-03:00,COLECTIVO,2393.659912109375,0 days 00:15:20
2026-07-11 20:30:17-03:00,2026-07-11 20:41:19-03:00,TREN,5201.1220703125,0 days 00:11:02
2026-07-11 20:51:23-03:00,2026-07-11 21:02:27-03:00,TREN,6064.31298828125,0 days 00:11:04
2026-07-12 01:32:05-03:00,2026-07-12 02:04:06-03:00,AUTO,13671.9345703125,0 days 00:32:01
2026-07-13 12:54:57-03:00,2026-07-13 13:01:26-03:00,CAMINANDO,34.02876663208008,0 days 00:06:29
2026-07-13 13:01:26-03:00,2026-07-13 13:44:27-03:00,COLECTIVO,23645.009765625,0 days 00:43:01
2026-07-13 13:44:27-03:00,2026-07-13 13:52:24-03:00,CAMINANDO,840.1050415039062,0 days 00:07:57
2026-07-13 14:21:19-03:00,2026-07-13 14:24:33-03:00,CAMINANDO,268.412109375,0 days 00:03:14
2026-07-13 15:03:41-03:00,2026-07-13 15:24:40-03:00,CAMINANDO,1408.3580322265625,0 days 00:20:59
2026-07-13 16:45:48-03:00,2026-07-13 17:54:18-03:00,COLECTIVO,17916.2578125,0 days 01:08:30
2026-07-13 17:54:18-03:00,2026-07-13 18:00:22-03:00,CAMINANDO,27.664859771728516,0 days 00:06:04
2026-07-14 10:26:26-03:00,2026-07-14 10:34:02-03:00,CAMINANDO,270.415283203125,0 days 00:07:36
2026-07-14 10:34:02-03:00,2026-07-14 11:33:10-03:00,COLECTIVO,17033.744140625,0 days 00:59:08
2026-07-14 11:33:10-03:00,2026-07-14 11:41:06-03:00,CAMINANDO,661.66357421875,0 days 00:07:56
2026-07-14 13:30:37-03:00,2026-07-14 13:55:08-03:00,AUTO,3826.674072265625,0 days 00:24:31
2026-07-14 14:06:00-03:00,2026-07-14 14:27:07-03:00,CAMINANDO,1593.105712890625,0 days 00:21:07
2026-07-14 16:23:45-03:00,2026-07-14 17:19:02-03:00,COLECTIVO,14896.9697265625,0 days 00:55:17
2026-07-14 17:19:02-03:00,2026-07-14 17:20:16-03:00,CAMINANDO,95.27217102050781,0 days 00:01:14
2026-07-15 13:41:55-03:00,2026-07-15 13:48:03-03:00,CAMINANDO,197.38563537597656,0 days 00:06:08
2026-07-15 13:48:03-03:00,2026-07-15 14:24:44-03:00,COLECTIVO,13102.8037109375,0 days 00:36:41
2026-07-15 14:28:08-03:00,2026-07-15 14:35:59-03:00,SUBTE,2691.232177734375,0 days 00:07:51
2026-07-15 14:35:59-03:00,2026-07-15 14:38:30-03:00,CAMINANDO,177.9099884033203,0 days 00:02:31
2026-07-15 15:02:41-03:00,2026-07-15 15:11:43-03:00,CAMINANDO,408.0311279296875,0 days 00:09:02
2026-07-15 15:11:43-03:00,2026-07-15 16:07:37-03:00,COLECTIVO,16056.650390625,0 days 00:55:54
2026-07-15 16:07:37-03:00,2026-07-15 18:17:22-03:00,CAMINANDO,271.3358459472656,0 days 02:09:45
2026-07-15 18:28:05-03:00,2026-07-15 18:45:18-03:00,COLECTIVO,2427.673583984375,0 days 00:17:13
2026-07-15 18:45:18-03:00,2026-07-15 20:23:36-03:00,CAMINANDO,857.2073974609375,0 days 01:38:18
2026-07-15 20:36:19-03:00,2026-07-15 20:41:18-03:00,CAMINANDO,296.7395935058594,0 days 00:04:59
2026-07-15 21:48:34-03:00,2026-07-15 21:51:30-03:00,CAMINANDO,192.07537841796875,0 days 00:02:56
2026-07-15 22:23:09-03:00,2026-07-15 22:30:47-03:00,CAMINANDO,520.5445556640625,0 days 00:07:38
2026-07-15 23:52:04-03:00,2026-07-16 00:00:28-03:00,AUTO,2650.56640625,0 days 00:08:24
2026-07-16 11:52:18-03:00,2026-07-16 12:36:48-03:00,AUTO,14514.4716796875,0 days 00:44:30
2026-07-16 13:44:30-03:00,2026-07-16 14:07:19-03:00,CAMINANDO,959.332763671875,0 days 00:22:49
2026-07-16 14:38:11-03:00,2026-07-16 14:58:20-03:00,CAMINANDO,1573.7879638671875,0 days 00:20:09
2026-07-16 16:15:26-03:00,2026-07-16 16:31:38-03:00,AUTO,2716.928955078125,0 days 00:16:12
2026-07-16 16:36:25-03:00,2026-07-16 17:42:55-03:00,COLECTIVO,14809.998046875,0 days 01:06:30
2026-07-16 17:42:55-03:00,2026-07-16 17:44:17-03:00,CAMINANDO,98.54749298095703,0 days 00:01:22
2026-07-17 11:16:50-03:00,2026-07-17 11:19:19-03:00,CAMINANDO,266.55523681640625,0 days 00:02:29
2026-07-17 11:19:19-03:00,2026-07-17 12:16:49-03:00,COLECTIVO,20426.185546875,0 days 00:57:30
2026-07-17 12:16:49-03:00,2026-07-17 12:20:07-03:00,CAMINANDO,195.7484893798828,0 days 00:03:18
2026-07-17 12:43:28-03:00,2026-07-17 12:46:19-03:00,CAMINANDO,198.64501953125,0 days 00:02:51
2026-07-17 12:57:19-03:00,2026-07-17 13:10:20-03:00,CAMINANDO,548.259765625,0 days 00:13:01
2026-07-17 16:11:14-03:00,2026-07-17 16:59:18-03:00,COLECTIVO,14745.5380859375,0 days 00:48:04
2026-07-17 16:59:18-03:00,2026-07-17 17:02:19-03:00,CAMINANDO,221.3814697265625,0 days 00:03:01
2026-07-18 11:13:28-03:00,2026-07-18 11:19:10-03:00,AUTO,1785.99609375,0 days 00:05:42
2026-07-18 13:11:49-03:00,2026-07-18 13:17:23-03:00,CAMINANDO,276.1777038574219,0 days 00:05:34
2026-07-18 13:34:59-03:00,2026-07-18 13:38:04-03:00,CAMINANDO,68.96868133544922,0 days 00:03:05
2026-07-18 13:38:04-03:00,2026-07-18 13:51:04-03:00,COLECTIVO,3240.569091796875,0 days 00:13:00
2026-07-18 13:51:04-03:00,2026-07-18 13:57:31-03:00,CAMINANDO,449.39251708984375,0 days 00:06:27
2026-07-18 18:03:30-03:00,2026-07-18 18:13:13-03:00,AUTO,2626.9619140625,0 days 00:09:43
2026-07-18 20:28:34-03:00,2026-07-18 20:40:49-03:00,COLECTIVO,2379.81201171875,0 days 00:12:15
2026-07-18 20:46:06-03:00,2026-07-18 20:52:55-03:00,TREN,5265.43603515625,0 days 00:06:49
2026-07-18 20:57:09-03:00,2026-07-18 21:15:25-03:00,AUTO,7339.57373046875,0 days 00:18:16
2026-07-19 04:28:59-03:00,2026-07-19 05:03:36-03:00,AUTO,24566.384765625,0 days 00:34:37
2026-07-20 12:16:59-03:00,2026-07-20 12:21:18-03:00,CAMINANDO,160.1028289794922,0 days 00:04:19
2026-07-20 12:21:18-03:00,2026-07-20 13:26:58-03:00,COLECTIVO,18098.87109375,0 days 01:05:40
2026-07-20 15:13:17-03:00,2026-07-20 15:17:12-03:00,CAMINANDO,143.59400939941406,0 days 00:03:55
2026-07-20 15:17:12-03:00,2026-07-20 15:33:41-03:00,COLECTIVO,2705.41796875,0 days 00:16:29
2026-07-20 15:37:54-03:00,2026-07-20 16:29:54-03:00,COLECTIVO,12343.333984375,0 days 00:52:00
2026-07-21 10:24:33-03:00,2026-07-21 10:26:04-03:00,CAMINANDO,42.15848922729492,0 days 00:01:31
2026-07-21 10:26:04-03:00,2026-07-21 11:13:47-03:00,COLECTIVO,15267.96484375,0 days 00:47:43
2026-07-21 11:13:47-03:00,2026-07-21 11:30:50-03:00,CAMINANDO,427.5528259277344,0 days 00:17:03
2026-07-21 12:13:26-03:00,2026-07-21 12:22:10-03:00,COLECTIVO,1704.6456298828125,0 days 00:08:44
2026-07-21 12:25:00-03:00,2026-07-21 13:10:20-03:00,COLECTIVO,17819.4296875,0 days 00:45:20
2026-07-21 13:10:20-03:00,2026-07-21 13:13:10-03:00,CAMINANDO,166.23130798339844,0 days 00:02:50
2026-07-21 14:20:40-03:00,2026-07-21 14:26:01-03:00,CAMINANDO,128.5493927001953,0 days 00:05:21
2026-07-21 15:43:40-03:00,2026-07-21 15:54:00-03:00,AUTO,2441.93603515625,0 days 00:10:20
2026-07-22 07:48:33-03:00,2026-07-22 08:11:08-03:00,COLECTIVO,5010.92919921875,0 days 00:22:35
2026-07-22 08:17:52-03:00,2026-07-22 09:01:36-03:00,COLECTIVO,20853.4453125,0 days 00:43:44
2026-07-22 09:10:42-03:00,2026-07-22 09:21:16-03:00,COLECTIVO,2045.7818603515625,0 days 00:10:34
2026-07-22 09:21:16-03:00,2026-07-22 09:25:56-03:00,CAMINANDO,431.9043884277344,0 days 00:04:40
2026-07-22 10:57:41-03:00,2026-07-22 11:01:58-03:00,CAMINANDO,140.38890075683594,0 days 00:04:17
2026-07-22 11:01:58-03:00,2026-07-22 12:20:15-03:00,COLECTIVO,16476.9921875,0 days 01:18:17
2026-07-22 13:34:51-03:00,2026-07-22 13:46:50-03:00,CAMINANDO,788.907958984375,0 days 00:11:59
2026-07-22 14:10:57-03:00,2026-07-22 14:35:38-03:00,CAMINANDO,1177.0677490234375,0 days 00:24:41
2026-07-22 15:30:51-03:00,2026-07-22 15:33:52-03:00,CAMINANDO,102.79222106933594,0 days 00:03:01
2026-07-22 15:33:52-03:00,2026-07-22 17:07:58-03:00,COLECTIVO,21959.30859375,0 days 01:34:06
2026-07-22 17:07:58-03:00,2026-07-22 17:13:40-03:00,CAMINANDO,417.3193664550781,0 days 00:05:42
2026-07-22 18:29:15-03:00,2026-07-22 18:36:13-03:00,AUTO,1954.7054443359375,0 days 00:06:58
2026-07-22 19:01:12-03:00,2026-07-22 19:20:05-03:00,CAMINANDO,1299.9453125,0 days 00:18:53
2026-07-22 19:26:09-03:00,2026-07-22 19:44:45-03:00,CAMINANDO,1162.3370361328125,0 days 00:18:36
2026-07-22 21:56:56-03:00,2026-07-22 22:01:30-03:00,AUTO,1563.0992431640625,0 days 00:04:34
2026-07-23 07:58:19-03:00,2026-07-23 08:52:12-03:00,AUTO,28647.8046875,0 days 00:53:53
2026-07-23 09:16:57-03:00,2026-07-23 09:53:00-03:00,AUTO,8447.765625,0 days 00:36:03
2026-07-23 10:28:28-03:00,2026-07-23 11:03:28-03:00,AUTO,20185.47265625,0 days 00:35:00
2026-07-23 14:13:25-03:00,2026-07-23 14:33:46-03:00,AUTO,4011.71484375,0 days 00:20:21
2026-07-23 15:59:04-03:00,2026-07-23 16:43:28-03:00,AUTO,18493.826171875,0 days 00:44:24
2026-07-23 17:47:38-03:00,2026-07-23 18:07:49-03:00,AUTO,5554.83837890625,0 days 00:20:11
2026-07-23 19:19:59-03:00,2026-07-23 19:21:54-03:00,CAMINANDO,48.796775817871094,0 days 00:01:55
2026-07-23 19:36:25-03:00,2026-07-23 19:39:54-03:00,CAMINANDO,181.83950805664062,0 days 00:03:29
2026-07-24 11:01:55-03:00,2026-07-24 11:42:48-03:00,AUTO,16235.6884765625,0 days 00:40:53
2026-07-24 12:07:40-03:00,2026-07-24 12:21:01-03:00,AUTO,3624.89013671875,0 days 00:13:21
2026-07-24 13:17:55-03:00,2026-07-24 13:33:08-03:00,AUTO,2118.390625,0 days 00:15:13
2026-07-24 13:52:23-03:00,2026-07-24 14:01:39-03:00,AUTO,1214.7586669921875,0 days 00:09:16
2026-07-24 14:12:21-03:00,2026-07-24 14:21:12-03:00,CAMINANDO,324.9422912597656,0 days 00:08:51
2026-07-24 14:21:12-03:00,2026-07-24 14:29:06-03:00,COLECTIVO,1355.2919921875,0 days 00:07:54
2026-07-24 14:29:06-03:00,2026-07-24 14:31:29-03:00,CAMINANDO,126.6719741821289,0 days 00:02:23
2026-07-24 15:50:31-03:00,2026-07-24 15:53:04-03:00,AUTO,117.3890380859375,0 days 00:02:33
2026-07-24 15:53:04-03:00,2026-07-24 16:35:45-03:00,COLECTIVO,14456.951171875,0 days 00:42:41
2026-07-24 17:05:47-03:00,2026-07-24 17:24:20-03:00,AUTO,5180.39990234375,0 days 00:18:33
2026-07-24 18:00:25-03:00,2026-07-24 18:14:24-03:00,MOTO,3571.51025390625,0 days 00:13:59
2026-07-24 18:55:20-03:00,2026-07-24 19:07:24-03:00,MOTO,2940.302734375,0 days 00:12:04
2026-07-25 10:54:05-03:00,2026-07-25 10:56:32-03:00,CAMINANDO,84.1898193359375,0 days 00:02:27
2026-07-25 10:56:32-03:00,2026-07-25 11:06:20-03:00,AUTO,2059.9052734375,0 days 00:09:48
2026-07-25 12:10:15-03:00,2026-07-25 12:21:28-03:00,AUTO,3482.654296875,0 days 00:11:13
2026-07-25 12:26:26-03:00,2026-07-25 12:34:38-03:00,AUTO,2348.064453125,0 days 00:08:12
2026-07-25 13:31:59-03:00,2026-07-25 13:34:37-03:00,CAMINANDO,175.42733764648438,0 days 00:02:38
2026-07-25 14:47:45-03:00,2026-07-25 15:03:39-03:00,AUTO,5813.46435546875,0 days 00:15:54
2026-07-25 20:11:10-03:00,2026-07-25 20:23:33-03:00,AUTO,2986.916748046875,0 days 00:12:23
2026-07-25 21:37:40-03:00,2026-07-25 21:49:31-03:00,AUTO,3392.015869140625,0 days 00:11:51
2026-07-26 10:20:06-03:00,2026-07-26 10:33:38-03:00,MOTO,4802.32958984375,0 days 00:13:32
2026-07-26 13:17:35-03:00,2026-07-26 14:07:05-03:00,MOTO,31380.55078125,0 days 00:49:30
2026-07-26 14:16:24-03:00,2026-07-26 15:03:21-03:00,MOTO,33056.52734375,0 days 00:46:57
2026-07-26 15:45:11-03:00,2026-07-26 15:52:21-03:00,AUTO,2003.987060546875,0 days 00:07:10
2026-07-26 16:47:23-03:00,2026-07-26 16:54:39-03:00,AUTO,1626.52392578125,0 days 00:07:16
2026-07-26 17:10:58-03:00,2026-07-26 17:44:22-03:00,CAMINANDO,247.6156463623047,0 days 00:33:24
2026-07-27 09:46:49-03:00,2026-07-27 10:27:38-03:00,AUTO,16534.576171875,0 days 00:40:49
2026-07-27 11:11:25-03:00,2026-07-27 11:22:14-03:00,AUTO,2150.1357421875,0 days 00:10:49
2026-07-27 12:50:50-03:00,2026-07-27 13:02:35-03:00,CAMINANDO,1098.4903564453125,0 days 00:11:45
2026-07-27 14:24:11-03:00,2026-07-27 14:29:16-03:00,CAMINANDO,157.4058837890625,0 days 00:05:05
2026-07-27 15:26:49-03:00,2026-07-27 15:29:50-03:00,CAMINANDO,110.09367370605469,0 days 00:03:01
2026-07-27 16:21:37-03:00,2026-07-27 16:44:48-03:00,CAMINANDO,615.5621337890625,0 days 00:23:11
2026-07-27 17:32:58-03:00,2026-07-27 21:50:57-03:00,AUTO,818.651123046875,0 days 04:17:59
2026-07-27 23:59:56-03:00,2026-07-28 00:16:06-03:00,AUTO,5077.01025390625,0 days 00:16:10
2026-07-28 11:39:31-03:00,2026-07-28 12:18:36-03:00,AUTO,12552.2666015625,0 days 00:39:05
2026-07-28 12:36:42-03:00,2026-07-28 12:48:29-03:00,AUTO,1760.65087890625,0 days 00:11:47
2026-07-28 13:02:39-03:00,2026-07-28 13:20:17-03:00,AUTO,3496.185302734375,0 days 00:17:38
2026-07-28 13:23:43-03:00,2026-07-28 13:38:38-03:00,AUTO,2040.71142578125,0 days 00:14:55
2026-07-28 16:06:40-03:00,2026-07-28 16:20:52-03:00,AUTO,1890.481689453125,0 days 00:14:12
2026-07-28 18:04:15-03:00,2026-07-28 18:15:17-03:00,AUTO,1837.6627197265625,0 days 00:11:02
2026-07-28 19:58:54-03:00,2026-07-28 20:03:11-03:00,CAMINANDO,251.41453552246094,0 days 00:04:17
2026-07-28 20:03:11-03:00,2026-07-28 20:36:58-03:00,AUTO,13054.6416015625,0 days 00:33:47
2026-07-28 20:41:58-03:00,2026-07-28 20:46:26-03:00,AUTO,1376.7978515625,0 days 00:04:28
2026-07-29 10:59:26-03:00,2026-07-29 11:35:36-03:00,AUTO,14371.2890625,0 days 00:36:10
2026-07-29 15:23:39-03:00,2026-07-29 15:43:09-03:00,AUTO,2167.066162109375,0 days 00:19:30
2026-07-29 16:12:05-03:00,2026-07-29 16:15:06-03:00,CAMINANDO,95.95751953125,0 days 00:03:01
2026-07-29 16:15:06-03:00,2026-07-29 17:06:38-03:00,AUTO,21946.654296875,0 days 00:51:32
2026-07-29 17:59:34-03:00,2026-07-29 18:06:22-03:00,AUTO,2273.99609375,0 days 00:06:48
2026-07-29 18:11:28-03:00,2026-07-29 18:36:30-03:00,AUTO,6527.98388671875,0 days 00:25:02
2026-07-29 23:42:59-03:00,2026-07-30 00:12:45-03:00,AUTO,17078.06640625,0 days 00:29:46
2026-07-30 01:09:53-03:00,2026-07-30 01:34:24-03:00,COLECTIVO,5713.81396484375,0 days 00:24:31
2026-07-30 10:40:27-03:00,2026-07-30 11:47:37-03:00,AUTO,24434.7734375,0 days 01:07:10
2026-07-30 16:34:05-03:00,2026-07-30 17:28:31-03:00,AUTO,26328.07421875,0 days 00:54:26
2026-07-30 17:41:23-03:00,2026-07-30 17:59:51-03:00,CAMINANDO,938.9996948242188,0 days 00:18:28
2026-07-30 18:04:46-03:00,2026-07-30 18:23:43-03:00,CAMINANDO,1878.8580322265625,0 days 00:18:57
2026-07-30 20:01:21-03:00,2026-07-30 20:33:41-03:00,CAMINANDO,872.61669921875,0 days 00:32:20
2026-07-30 20:33:41-03:00,2026-07-30 20:37:11-03:00,AUTO,1162.0615234375,0 days 00:03:30
2026-07-30 20:42:01-03:00,2026-07-30 20:46:39-03:00,AUTO,704.0919189453125,0 days 00:04:38
2026-07-30 22:22:51-03:00,2026-07-30 22:29:49-03:00,AUTO,1626.349365234375,0 days 00:06:58
2026-07-31 08:27:14-03:00,2026-07-31 09:11:22-03:00,AUTO,17115.50390625,0 days 00:44:08
2026-07-31 09:18:15-03:00,2026-07-31 09:39:31-03:00,SUBTE,6267.14990234375,0 days 00:21:16
2026-07-31 09:46:39-03:00,2026-07-31 09:49:17-03:00,CAMINANDO,214.92800903320312,0 days 00:02:38
2026-07-31 10:59:56-03:00,2026-07-31 11:15:51-03:00,CAMINANDO,1161.2222900390625,0 days 00:15:55
2026-07-31 11:23:59-03:00,2026-07-31 11:30:15-03:00,CAMINANDO,392.6162414550781,0 days 00:06:16
2026-07-31 13:52:59-03:00,2026-07-31 13:55:47-03:00,CAMINANDO,153.40478515625,0 days 00:02:48
2026-07-31 14:51:13-03:00,2026-07-31 15:00:19-03:00,CAMINANDO,596.9920654296875,0 days 00:09:06
2026-07-31 15:04:56-03:00,2026-07-31 15:15:28-03:00,CAMINANDO,605.66064453125,0 days 00:10:32
2026-07-31 15:59:41-03:00,2026-07-31 16:11:48-03:00,CAMINANDO,513.9862060546875,0 days 00:12:07
2026-07-31 16:11:48-03:00,2026-07-31 16:56:35-03:00,COLECTIVO,14830.4453125,0 days 00:44:47
2026-07-31 16:56:35-03:00,2026-07-31 16:58:58-03:00,CAMINANDO,186.72840881347656,0 days 00:02:23
2026-08-01 11:10:31-03:00,2026-08-01 11:19:00-03:00,MOTO,2026.9136962890625,0 days 00:08:29
2026-08-01 12:26:21-03:00,2026-08-01 12:33:48-03:00,MOTO,1987.3377685546875,0 days 00:07:27
2026-08-01 14:00:20-03:00,2026-08-01 14:14:37-03:00,MOTO,5120.974609375,0 days 00:14:17
2026-08-01 14:21:40-03:00,2026-08-01 14:32:25-03:00,MOTO,3883.50537109375,0 days 00:10:45
2026-08-01 17:21:34-03:00,2026-08-01 17:30:31-03:00,MOTO,3632.88330078125,0 days 00:08:57
2026-08-01 17:34:31-03:00,2026-08-01 17:51:09-03:00,MOTO,7494.12451171875,0 days 00:16:38
2026-08-01 18:00:14-03:00,2026-08-01 18:08:58-03:00,MOTO,2922.741455078125,0 days 00:08:44
2026-08-02 09:11:54-03:00,2026-08-02 09:36:52-03:00,MOTO,10986.9384765625,0 days 00:24:58
2026-08-02 11:46:58-03:00,2026-08-02 13:38:30-03:00,MOTO,112150.5859375,0 days 01:51:32
2026-08-02 13:47:22-03:00,2026-08-02 14:16:24-03:00,MOTO,20807.17578125,0 days 00:29:02
2026-08-02 16:21:59-03:00,2026-08-02 17:34:16-03:00,COLECTIVO,77535.0,0 days 01:12:17
2026-08-02 18:12:55-03:00,2026-08-02 19:06:21-03:00,AUTO,57220.06640625,0 days 00:53:26
2026-08-03 10:42:15-03:00,2026-08-03 10:50:01-03:00,CAMINANDO,124.86083984375,0 days 00:07:46
2026-08-03 10:50:01-03:00,2026-08-03 11:35:03-03:00,COLECTIVO,14506.6142578125,0 days 00:45:02
2026-08-03 11:35:03-03:00,2026-08-03 11:48:42-03:00,CAMINANDO,1402.0328369140625,0 days 00:13:39
2026-08-03 13:29:38-03:00,2026-08-03 13:32:39-03:00,CAMINANDO,202.1065673828125,0 days 00:03:01
2026-08-03 14:26:36-03:00,2026-08-03 14:43:39-03:00,CAMINANDO,781.9883422851562,0 days 00:17:03
2026-08-03 15:42:05-03:00,2026-08-03 15:48:16-03:00,CAMINANDO,481.1871337890625,0 days 00:06:11
2026-08-03 15:58:38-03:00,2026-08-03 16:57:39-03:00,COLECTIVO,27588.958984375,0 days 00:59:01
2026-08-04 11:27:02-03:00,2026-08-04 11:28:25-03:00,CAMINANDO,81.12410736083984,0 days 00:01:23
2026-08-04 11:38:07-03:00,2026-08-04 12:26:29-03:00,COLECTIVO,14501.7431640625,0 days 00:48:22
2026-08-04 12:26:29-03:00,2026-08-04 12:41:08-03:00,CAMINANDO,265.8463439941406,0 days 00:14:39
2026-08-04 14:21:30-03:00,2026-08-04 14:27:28-03:00,CAMINANDO,303.79803466796875,0 days 00:05:58
2026-08-04 15:39:49-03:00,2026-08-04 15:50:38-03:00,AUTO,1771.4473876953125,0 days 00:10:49
2026-08-04 15:53:39-03:00,2026-08-04 17:05:39-03:00,COLECTIVO,17249.42578125,0 days 01:12:00
2026-08-04 17:05:39-03:00,2026-08-04 17:07:56-03:00,CAMINANDO,170.69056701660156,0 days 00:02:17
2026-08-05 10:28:32-03:00,2026-08-05 10:34:12-03:00,CAMINANDO,143.53131103515625,0 days 00:05:40
2026-08-05 10:34:12-03:00,2026-08-05 10:44:09-03:00,COLECTIVO,2682.36572265625,0 days 00:09:57
2026-08-05 10:47:10-03:00,2026-08-05 11:18:59-03:00,COLECTIVO,10542.6865234375,0 days 00:31:49
2026-08-05 15:01:35-03:00,2026-08-05 15:12:09-03:00,CAMINANDO,499.5411682128906,0 days 00:10:34
2026-08-05 15:12:09-03:00,2026-08-05 15:32:42-03:00,COLECTIVO,3826.609375,0 days 00:20:33
2026-08-05 16:10:08-03:00,2026-08-05 16:21:20-03:00,AUTO,2516.999267578125,0 days 00:11:12
2026-08-05 17:18:55-03:00,2026-08-05 17:24:18-03:00,CAMINANDO,693.441650390625,0 days 00:05:23
2026-08-05 17:29:56-03:00,2026-08-05 18:43:37-03:00,COLECTIVO,16755.0859375,0 days 01:13:41
2026-08-05 18:51:33-03:00,2026-08-05 18:53:25-03:00,CAMINANDO,131.87290954589844,0 days 00:01:52
2026-08-06 10:07:27-03:00,2026-08-06 10:09:24-03:00,CAMINANDO,194.9941864013672,0 days 00:01:57
2026-08-06 10:21:07-03:00,2026-08-06 11:15:52-03:00,COLECTIVO,16475.869140625,0 days 00:54:45
2026-08-06 11:15:52-03:00,2026-08-06 11:25:28-03:00,CAMINANDO,538.3289794921875,0 days 00:09:36
2026-08-06 12:45:42-03:00,2026-08-06 12:59:49-03:00,CAMINANDO,1109.22705078125,0 days 00:14:07
2026-08-06 13:59:47-03:00,2026-08-06 14:07:05-03:00,CAMINANDO,508.3840026855469,0 days 00:07:18
2026-08-06 14:17:40-03:00,2026-08-06 14:25:05-03:00,CAMINANDO,664.248046875,0 days 00:07:25
2026-08-06 14:28:59-03:00,2026-08-06 14:52:40-03:00,COLECTIVO,1897.040771484375,0 days 00:23:41
2026-08-06 14:56:24-03:00,2026-08-06 15:20:41-03:00,CAMINANDO,1357.094970703125,0 days 00:24:17
2026-08-06 16:13:09-03:00,2026-08-06 16:16:36-03:00,CAMINANDO,168.3261260986328,0 days 00:03:27
2026-08-06 16:16:36-03:00,2026-08-06 17:02:27-03:00,COLECTIVO,14379.298828125,0 days 00:45:51
2026-08-06 17:02:27-03:00,2026-08-06 17:05:46-03:00,CAMINANDO,226.83157348632812,0 days 00:03:19
2026-08-07 11:06:59-03:00,2026-08-07 11:13:35-03:00,CAMINANDO,282.7666931152344,0 days 00:06:36
2026-08-07 11:13:35-03:00,2026-08-07 12:14:15-03:00,COLECTIVO,16738.013671875,0 days 01:00:40
2026-08-07 12:14:15-03:00,2026-08-07 12:23:11-03:00,CAMINANDO,644.871826171875,0 days 00:08:56
2026-08-07 13:31:48-03:00,2026-08-07 13:45:06-03:00,CAMINANDO,806.2262573242188,0 days 00:13:18
2026-08-07 14:27:00-03:00,2026-08-07 14:44:10-03:00,CAMINANDO,1155.29345703125,0 days 00:17:10
2026-08-07 16:17:32-03:00,2026-08-07 17:17:31-03:00,COLECTIVO,14510.3984375,0 days 00:59:59
2026-08-07 17:57:49-03:00,2026-08-07 18:27:08-03:00,MOTO,16481.61328125,0 days 00:29:19
2026-08-07 19:52:13-03:00,2026-08-07 20:07:49-03:00,MOTO,5540.0556640625,0 days 00:15:36
2026-08-07 20:14:49-03:00,2026-08-07 20:17:37-03:00,MOTO,1073.479736328125,0 days 00:02:48
2026-08-08 00:14:09-03:00,2026-08-08 00:40:27-03:00,MOTO,13329.8681640625,0 days 00:26:18
2026-08-08 11:03:38-03:00,2026-08-08 11:11:27-03:00,AUTO,1892.905029296875,0 days 00:07:49
2026-08-08 12:16:25-03:00,2026-08-08 12:26:53-03:00,CAMINANDO,717.5492553710938,0 days 00:10:28
2026-08-08 12:26:53-03:00,2026-08-08 12:36:01-03:00,COLECTIVO,3504.8603515625,0 days 00:09:08
2026-08-08 12:36:01-03:00,2026-08-08 12:41:55-03:00,CAMINANDO,134.6363525390625,0 days 00:05:54
2026-08-08 14:23:17-03:00,2026-08-08 14:35:26-03:00,MOTO,3476.834228515625,0 days 00:12:09
2026-08-08 17:15:04-03:00,2026-08-08 17:28:22-03:00,MOTO,5361.57958984375,0 days 00:13:18
2026-08-08 18:03:11-03:00,2026-08-08 18:52:00-03:00,MOTO,23169.24609375,0 days 00:48:49
2026-08-08 19:05:32-03:00,2026-08-08 19:15:17-03:00,MOTO,2496.7685546875,0 days 00:09:45
2026-08-08 20:57:47-03:00,2026-08-08 22:13:58-03:00,MOTO,49308.12890625,0 days 01:16:11
2026-08-09 01:10:36-03:00,2026-08-09 01:43:26-03:00,MOTO,11494.3388671875,0 days 00:32:50
2026-08-09 10:52:03-03:00,2026-08-09 10:54:42-03:00,CAMINANDO,118.25579071044922,0 days 00:02:39
2026-08-09 11:01:01-03:00,2026-08-09 11:13:44-03:00,CAMINANDO,64.91059875488281,0 days 00:12:43
2026-08-09 11:13:44-03:00,2026-08-09 11:20:44-03:00,MOTO,2824.573486328125,0 days 00:07:00
2026-08-09 12:34:28-03:00,2026-08-09 12:53:07-03:00,MOTO,6858.81689453125,0 days 00:18:39
2026-08-09 13:00:22-03:00,2026-08-09 13:17:42-03:00,MOTO,10258.6611328125,0 days 00:17:20
2026-08-09 18:02:20-03:00,2026-08-09 18:30:35-03:00,AUTO,5990.3095703125,0 days 00:28:15
2026-08-09 18:33:53-03:00,2026-08-09 18:49:26-03:00,AUTO,5428.95703125,0 days 00:15:33
2026-08-10 11:12:03-03:00,2026-08-10 11:15:04-03:00,CAMINANDO,124.66242980957031,0 days 00:03:01
2026-08-10 11:15:04-03:00,2026-08-10 12:10:45-03:00,COLECTIVO,32741.462890625,0 days 00:55:41
2026-08-10 12:10:45-03:00,2026-08-10 12:13:33-03:00,CAMINANDO,348.04736328125,0 days 00:02:48
2026-08-10 14:36:39-03:00,2026-08-10 14:47:42-03:00,COLECTIVO,1635.3763427734375,0 days 00:11:03
2026-08-10 14:47:42-03:00,2026-08-10 14:54:53-03:00,CAMINANDO,276.75,0 days 00:07:11
2026-08-10 15:26:55-03:00,2026-08-10 15:30:09-03:00,CAMINANDO,211.04672241210938,0 days 00:03:14
2026-08-10 15:30:09-03:00,2026-08-10 15:44:03-03:00,COLECTIVO,2176.98486328125,0 days 00:13:54
2026-08-10 15:44:03-03:00,2026-08-10 15:54:18-03:00,SUBTE,2313.44384765625,0 days 00:10:15
2026-08-10 16:02:34-03:00,2026-08-10 16:08:08-03:00,CAMINANDO,314.2566223144531,0 days 00:05:34
2026-08-10 16:08:08-03:00,2026-08-10 16:12:55-03:00,COLECTIVO,1374.2603759765625,0 days 00:04:47
2026-08-10 16:12:55-03:00,2026-08-10 16:17:43-03:00,CAMINANDO,453.15399169921875,0 days 00:04:48
2026-08-10 17:15:22-03:00,2026-08-10 17:23:18-03:00,CAMINANDO,942.19921875,0 days 00:07:56
2026-08-10 17:23:18-03:00,2026-08-10 17:24:35-03:00,AUTO,210.01690673828125,0 days 00:01:17
2026-08-10 17:24:35-03:00,2026-08-10 18:29:50-03:00,COLECTIVO,16643.421875,0 days 01:05:15
2026-08-10 18:29:50-03:00,2026-08-10 18:37:18-03:00,CAMINANDO,145.10769653320312,0 days 00:07:28
2026-08-11 11:42:55-03:00,2026-08-11 11:50:56-03:00,CAMINANDO,532.94384765625,0 days 00:08:01
2026-08-11 11:57:52-03:00,2026-08-11 12:46:03-03:00,COLECTIVO,14452.203125,0 days 00:48:11
2026-08-11 12:46:03-03:00,2026-08-11 12:56:24-03:00,CAMINANDO,312.99371337890625,0 days 00:10:21
2026-08-11 15:21:19-03:00,2026-08-11 15:24:22-03:00,CAMINANDO,144.55160522460938,0 days 00:03:03
2026-08-11 15:24:22-03:00,2026-08-11 15:33:07-03:00,COLECTIVO,1402.15673828125,0 days 00:08:45
2026-08-11 15:33:07-03:00,2026-08-11 15:36:00-03:00,CAMINANDO,189.09458923339844,0 days 00:02:53
2026-08-11 16:36:36-03:00,2026-08-11 16:46:41-03:00,CAMINANDO,593.8067016601562,0 days 00:10:05
2026-08-11 16:46:41-03:00,2026-08-11 18:14:01-03:00,COLECTIVO,17716.955078125,0 days 01:27:20
2026-08-11 18:14:01-03:00,2026-08-11 18:16:02-03:00,CAMINANDO,162.5031280517578,0 days 00:02:01
2026-08-12 09:38:10-03:00,2026-08-12 09:43:43-03:00,CAMINANDO,300.29376220703125,0 days 00:05:33
2026-08-12 09:43:43-03:00,2026-08-12 10:28:02-03:00,COLECTIVO,14614.80859375,0 days 00:44:19
2026-08-12 10:33:38-03:00,2026-08-12 10:48:55-03:00,COLECTIVO,2981.1328125,0 days 00:15:17
2026-08-12 11:09:18-03:00,2026-08-12 11:19:22-03:00,SUBTE,3052.388671875,0 days 00:10:04
2026-08-12 12:59:44-03:00,2026-08-12 13:02:21-03:00,CAMINANDO,166.14500427246094,0 days 00:02:37
2026-08-12 14:32:56-03:00,2026-08-12 14:46:16-03:00,CAMINANDO,908.3862915039062,0 days 00:13:20
2026-08-12 14:52:01-03:00,2026-08-12 15:41:06-03:00,COLECTIVO,14518.7900390625,0 days 00:49:05
2026-08-12 15:41:06-03:00,2026-08-12 15:46:59-03:00,CAMINANDO,432.12353515625,0 days 00:05:53
2026-08-12 15:46:59-03:00,2026-08-12 18:34:25-03:00,CAMINANDO,39.94865036010742,0 days 02:47:26
2026-08-13 09:13:11-03:00,2026-08-13 09:21:08-03:00,MOTO,2689.85791015625,0 days 00:07:57
2026-08-13 09:26:12-03:00,2026-08-13 10:01:30-03:00,COLECTIVO,12551.734375,0 days 00:35:18
2026-08-13 10:08:26-03:00,2026-08-13 10:38:29-03:00,COLECTIVO,6367.029296875,0 days 00:30:03
2026-08-13 12:34:16-03:00,2026-08-13 12:38:51-03:00,CAMINANDO,122.9428939819336,0 days 00:04:35
2026-08-13 12:38:51-03:00,2026-08-13 12:44:49-03:00,SUBTE,2379.1962890625,0 days 00:05:58
2026-08-13 12:44:49-03:00,2026-08-13 12:50:59-03:00,CAMINANDO,267.23138427734375,0 days 00:06:10
2026-08-13 13:00:40-03:00,2026-08-13 13:36:26-03:00,COLECTIVO,12296.2548828125,0 days 00:35:46
2026-08-13 13:36:26-03:00,2026-08-13 13:38:55-03:00,CAMINANDO,145.39979553222656,0 days 00:02:29
2026-08-13 14:28:11-03:00,2026-08-13 14:33:09-03:00,CAMINANDO,161.89944458007812,0 days 00:04:58
2026-08-13 14:33:09-03:00,2026-08-13 14:45:39-03:00,COLECTIVO,2662.88525390625,0 days 00:12:30
2026-08-13 15:14:48-03:00,2026-08-13 15:23:26-03:00,AUTO,2594.386962890625,0 days 00:08:38
2026-08-13 17:57:18-03:00,2026-08-13 18:08:14-03:00,AUTO,2648.80322265625,0 days 00:10:56
2026-08-14 11:37:43-03:00,2026-08-14 12:30:08-03:00,AUTO,15327.3720703125,0 days 00:52:25
2026-08-14 12:30:08-03:00,2026-08-14 12:36:20-03:00,CAMINANDO,402.25970458984375,0 days 00:06:12
2026-08-14 13:22:21-03:00,2026-08-14 13:23:28-03:00,CAMINANDO,386.6845397949219,0 days 00:01:07
2026-08-14 15:33:21-03:00,2026-08-14 15:44:16-03:00,CAMINANDO,602.0988159179688,0 days 00:10:55
2026-08-14 16:11:35-03:00,2026-08-14 16:30:42-03:00,COLECTIVO,2236.6298828125,0 days 00:19:07
2026-08-14 16:37:08-03:00,2026-08-14 17:45:51-03:00,COLECTIVO,16808.09375,0 days 01:08:43
2026-08-15 11:17:57-03:00,2026-08-15 11:25:53-03:00,AUTO,1726.43212890625,0 days 00:07:56
2026-08-15 12:41:37-03:00,2026-08-15 12:52:17-03:00,COLECTIVO,2717.020751953125,0 days 00:10:40
2026-08-15 13:24:22-03:00,2026-08-15 13:38:18-03:00,AUTO,2687.392822265625,0 days 00:13:56
2026-08-15 17:39:19-03:00,2026-08-15 17:41:04-03:00,CAMINANDO,117.924072265625,0 days 00:01:45
2026-08-15 17:51:19-03:00,2026-08-15 17:53:42-03:00,CAMINANDO,166.08038330078125,0 days 00:02:23
2026-08-17 21:14:17-03:00,2026-08-17 21:31:09-03:00,AUTO,5048.99267578125,0 days 00:16:52
2026-08-18 00:08:50-03:00,2026-08-18 00:20:34-03:00,AUTO,5299.763671875,0 days 00:11:44
2026-08-18 11:15:24-03:00,2026-08-18 11:55:34-03:00,COLECTIVO,13037.4912109375,0 days 00:40:10
2026-08-18 13:03:12-03:00,2026-08-18 13:13:59-03:00,COLECTIVO,2895.789794921875,0 days 00:10:47
2026-08-18 13:13:59-03:00,2026-08-18 13:18:51-03:00,CAMINANDO,374.9451599121094,0 days 00:04:52
2026-08-18 15:56:36-03:00,2026-08-18 16:04:16-03:00,CAMINANDO,530.3831176757812,0 days 00:07:40
2026-08-18 16:04:16-03:00,2026-08-18 17:10:20-03:00,COLECTIVO,18136.283203125,0 days 01:06:04
2026-08-18 17:10:20-03:00,2026-08-18 17:13:47-03:00,CAMINANDO,125.84048461914062,0 days 00:03:27
