inicio,fin,place_id,tipo_lugar,duracion,mes_anio,dia_sem,esFinSem,coordenadas,latitud,longitud
2025-04-04 22:01:24-03:00,2025-04-06 12:01:13-03:00,ChIJdRmmBA_NvJUROcvrtFw5aqI,UNKNOWN,1 days 13:59:49,2025-04,4,False,"-34.7172142°, -58.4094648°",-34.7172142,-58.4094648
2025-04-06 12:01:13-03:00,2025-04-06 15:27:23-03:00,ChIJ5zQgH6oyo5UR1ZFL3oUlYgc,Casa pablo,0 days 03:26:10,2025-04,6,True,"-34.7314837°, -58.3661421°",-34.7314837,-58.3661421
2025-04-06 15:34:02-03:00,2025-04-06 17:13:53-03:00,ChIJf7aONkjNvJURrAIeUyaagWQ,Casa gonza,0 days 01:39:51,2025-04,6,True,"-34.7177795°, -58.3806658°",-34.7177795,-58.3806658
2025-04-06 17:27:37-03:00,2025-04-07 10:19:45-03:00,ChIJdRmmBA_NvJUROcvrtFw5aqI,UNKNOWN,0 days 16:52:08,2025-04,6,True,"-34.7172142°, -58.4094648°",-34.7172142,-58.4094648
2025-04-09 11:43:22-03:00,2025-04-09 11:47:34-03:00,ChIJPbtP4lfKvJURDPKYCQYlUnw,WORK,0 days 00:04:12,2025-04,2,False,"-34.5437271°, -58.5171915°",-34.5437271,-58.5171915
2025-04-09 12:01:45-03:00,2025-04-09 12:11:08-03:00,ChIJM5o0sk-2vJURH8cPpqqwjSs,UNKNOWN,0 days 00:09:23,2025-04,2,False,"-34.5834658°, -58.4995523°",-34.5834658,-58.4995523
2025-04-09 12:34:03-03:00,2025-04-09 13:12:21-03:00,ChIJn8UDZ2bLvJURrNyse7XSn28,UNKNOWN,0 days 00:38:18,2025-04,2,False,"-34.5984145°, -58.4200156°",-34.5984145,-58.4200156
2025-04-09 12:34:03-03:00,2025-04-09 13:12:21-03:00,ChIJo6aTFC7LvJURXT4WuMCnYhg,UNKNOWN,0 days 00:38:18,2025-04,2,False,"-34.5986317°, -58.420117°",-34.5986317,-58.420117
2025-04-09 13:21:55-03:00,2025-04-09 17:23:07-03:00,ChIJIxYSMMbKvJURqZGJyCpvOFM,Trabajo Teatro Colon,0 days 04:01:12,2025-04,2,False,"-34.601152°, -58.3833278°",-34.601152,-58.3833278
2025-04-09 18:02:04-03:00,2025-04-10 09:00:04-03:00,ChIJdRmmBA_NvJUROcvrtFw5aqI,UNKNOWN,0 days 14:58:00,2025-04,2,False,"-34.7172142°, -58.4094648°",-34.7172142,-58.4094648
2025-04-10 09:57:48-03:00,2025-04-10 15:14:34-03:00,ChIJIxYSMMbKvJURqZGJyCpvOFM,Trabajo Teatro Colon,0 days 05:16:46,2025-04,3,False,"-34.601152°, -58.3833278°",-34.601152,-58.3833278
2025-04-10 11:40:20-03:00,2025-04-10 11:45:27-03:00,ChIJRa0MZubLvJUReZYru3yvBlI,Trabajo Teatro Colon,0 days 00:05:07,2025-04,3,False,"-34.6010406°, -58.3830786°",-34.6010406,-58.3830786
2025-04-10 15:20:36-03:00,2025-04-10 15:28:53-03:00,ChIJf_hwScnKvJUR4JaRz0BJFjo,UNKNOWN,0 days 00:08:17,2025-04,3,False,"-34.6010738°, -58.3787588°",-34.6010738,-58.3787588
2025-04-10 15:46:39-03:00,2025-04-10 16:43:45-03:00,ChIJuZ28VzU1o5UR3yrH7JyU3FM,Trabajo Macro,0 days 00:57:06,2025-04,3,False,"-34.5940986°, -58.3717793°",-34.5940986,-58.3717793
2025-04-10 16:47:09-03:00,2025-04-10 16:58:15-03:00,ChIJUzg-m7TKvJURFFWLi1oLlFA,UNKNOWN,0 days 00:11:06,2025-04,3,False,"-34.589821°, -58.3745173°",-34.589821,-58.3745173
2025-04-10 18:07:08-03:00,2025-04-11 10:30:57-03:00,ChIJ5_qqHA_NvJURsYhmhKQxDh0,UNKNOWN,0 days 16:23:49,2025-04,3,False,"-34.7172347°, -58.4094829°",-34.7172347,-58.4094829
2025-04-11 10:32:22-03:00,2025-04-11 10:38:23-03:00,ChIJMzGlxw_NvJUR0UobwG_mK24,UNKNOWN,0 days 00:06:01,2025-04,4,False,"-34.7162°, -58.40728°",-34.7162,-58.40728
2025-04-11 11:28:13-03:00,2025-04-11 11:33:52-03:00,ChIJL5KVAc_KvJURm6eBv9TCt4E,UNKNOWN,0 days 00:05:39,2025-04,4,False,"-34.6044707°, -58.3801163°",-34.6044707,-58.3801163
2025-04-11 11:39:26-03:00,2025-04-11 11:46:42-03:00,ChIJv8iantHKvJURX0vW5k5uxW8,UNKNOWN,0 days 00:07:16,2025-04,4,False,"-34.6088478°, -58.3785659°",-34.6088478,-58.3785659
2025-04-11 12:13:03-03:00,2025-04-11 12:47:38-03:00,ChIJJxHdHMzJvJURK-os-s_tCQw,UNKNOWN,0 days 00:34:35,2025-04,4,False,"-34.6267403°, -58.4721387°",-34.6267403,-58.4721387
2025-04-11 12:54:27-03:00,2025-04-11 12:58:04-03:00,ChIJJ-x2GY_JvJURd48LskyzMdA,UNKNOWN,0 days 00:03:37,2025-04,4,False,"-34.630921°, -58.4704778°",-34.630921,-58.4704778
2025-04-11 13:18:32-03:00,2025-04-11 13:24:32-03:00,ChIJM8WPcNPKvJURBgbvcN8-nPg,UNKNOWN,0 days 00:06:00,2025-04,4,False,"-34.60958°, -58.37405°",-34.60958,-58.37405
2025-04-11 13:31:37-03:00,2025-04-11 16:56:43-03:00,ChIJozcskDQ1o5UR5Oc85yFQ8lE,Trabajo BBVA,0 days 03:25:06,2025-04,4,False,"-34.5975104°, -58.3700036°",-34.5975104,-58.3700036
2025-04-11 13:58:41-03:00,2025-04-11 14:42:31-03:00,ChIJNQWOvzQ1o5URDBWv93Fy7E8,Trabajo BBVA,0 days 00:43:50,2025-04,4,False,"-34.5980091°, -58.3703613°",-34.5980091,-58.3703613
2025-04-11 18:46:24-03:00,2025-04-12 13:26:25-03:00,ChIJ5_qqHA_NvJURsYhmhKQxDh0,UNKNOWN,0 days 18:40:01,2025-04,4,False,"-34.7172347°, -58.4094829°",-34.7172347,-58.4094829
2025-04-12 13:32:25-03:00,2025-04-12 14:14:12-03:00,ChIJD8SQF5DNvJURNtxm8W6eG0I,Barberia,0 days 00:41:47,2025-04,5,True,"-34.7072503°, -58.3956021°",-34.7072503,-58.3956021
2025-04-12 14:24:38-03:00,2025-04-12 19:23:56-03:00,ChIJH4XTmFrMvJURqtpXhdK2wJI,Casa abuelos,0 days 04:59:18,2025-04,5,True,"-34.6999126°, -58.4271696°",-34.6999126,-58.4271696
2025-04-12 19:29:56-03:00,2025-04-13 09:35:51-03:00,ChIJdRmmBA_NvJUROcvrtFw5aqI,INFERRED_HOME,0 days 14:05:55,2025-04,5,True,"-34.7172142°, -58.4094648°",-34.7172142,-58.4094648
2025-04-13 09:40:04-03:00,2025-04-13 13:01:37-03:00,ChIJzfj9khLNvJUR1kujk8iMDEA,UNKNOWN,0 days 03:21:33,2025-04,6,True,"-34.7221603°, -58.4048347°",-34.7221603,-58.4048347
2025-04-13 09:40:04-03:00,2025-04-13 13:01:37-03:00,ChIJY6F85RLNvJURlLoiqySiMKQ,UNKNOWN,0 days 03:21:33,2025-04,6,True,"-34.7216199°, -58.4037619°",-34.7216199,-58.4037619
2025-04-13 13:15:14-03:00,2025-04-14 11:39:15-03:00,ChIJdRmmBA_NvJUROcvrtFw5aqI,INFERRED_HOME,0 days 22:24:01,2025-04,6,True,"-34.7172142°, -58.4094648°",-34.7172142,-58.4094648
2025-04-14 11:48:40-03:00,2025-04-14 11:56:41-03:00,ChIJMzGlxw_NvJUR0UobwG_mK24,UNKNOWN,0 days 00:08:01,2025-04,0,False,"-34.7162°, -58.40728°",-34.7162,-58.40728
2025-04-14 12:39:24-03:00,2025-04-14 12:49:24-03:00,ChIJO5OvTjDLvJURn--oIpRP89Q,UNKNOWN,0 days 00:10:00,2025-04,0,False,"-34.6282493°, -58.3804909°",-34.6282493,-58.3804909
2025-04-14 13:00:09-03:00,2025-04-14 14:15:50-03:00,ChIJS8u27s00o5UR9dtpsV0MFkM,Trabajo Santander,0 days 01:15:41,2025-04,0,False,"-34.6238941°, -58.367137°",-34.6238941,-58.367137
2025-04-14 15:22:01-03:00,2025-04-14 15:36:03-03:00,ChIJk7h8-MrKvJURwTdk8Z9dQ-Q,UNKNOWN,0 days 00:14:02,2025-04,0,False,"-34.5973488°, -58.3745952°",-34.5973488,-58.3745952
2025-04-14 15:46:03-03:00,2025-04-14 17:20:29-03:00,ChIJozcskDQ1o5UR5Oc85yFQ8lE,Trabajo BBVA,0 days 01:34:26,2025-04,0,False,"-34.5975104°, -58.3700036°",-34.5975104,-58.3700036
2025-04-14 17:24:29-03:00,2025-04-14 17:30:21-03:00,ChIJUzg-m7TKvJURFFWLi1oLlFA,UNKNOWN,0 days 00:05:52,2025-04,0,False,"-34.589821°, -58.3745173°",-34.589821,-58.3745173
2025-04-14 18:43:43-03:00,2025-04-15 10:55:24-03:00,ChIJ5_qqHA_NvJURsYhmhKQxDh0,UNKNOWN,0 days 16:11:41,2025-04,0,False,"-34.7172347°, -58.4094829°",-34.7172347,-58.4094829
2025-04-15 11:33:25-03:00,2025-04-15 16:23:15-03:00,ChIJPbtP4lfKvJURDPKYCQYlUnw,WORK,0 days 04:49:50,2025-04,1,False,"-34.5437271°, -58.5171915°",-34.5437271,-58.5171915
2025-04-15 17:03:00-03:00,2025-04-15 17:33:15-03:00,ChIJ5_qqHA_NvJURsYhmhKQxDh0,INFERRED_WORK,0 days 00:30:15,2025-04,1,False,"-34.7172347°, -58.4094829°",-34.7172347,-58.4094829
2025-04-15 17:54:32-03:00,2025-04-15 20:37:02-03:00,ChIJZx0Vv2bJvJURnOgIJXfvXyU,UNKNOWN,0 days 02:42:30,2025-04,1,False,"-34.6596056°, -58.4679756°",-34.6596056,-58.4679756
2025-04-15 20:57:02-03:00,2025-04-16 10:00:09-03:00,ChIJ5_qqHA_NvJURsYhmhKQxDh0,INFERRED_WORK,0 days 13:03:07,2025-04,1,False,"-34.7172347°, -58.4094829°",-34.7172347,-58.4094829
2025-04-16 10:36:33-03:00,2025-04-16 12:27:54-03:00,ChIJPbtP4lfKvJURDPKYCQYlUnw,WORK,0 days 01:51:21,2025-04,2,False,"-34.5437271°, -58.5171915°",-34.5437271,-58.5171915
2025-04-16 12:48:40-03:00,2025-04-16 13:10:51-03:00,ChIJIxYSMMbKvJURqZGJyCpvOFM,Trabajo Teatro Colon,0 days 00:22:11,2025-04,2,False,"-34.601152°, -58.3833278°",-34.601152,-58.3833278
2025-04-16 13:36:42-03:00,2025-04-16 16:13:29-03:00,ChIJuZ28VzU1o5UR3yrH7JyU3FM,Trabajo Macro,0 days 02:36:47,2025-04,2,False,"-34.5940986°, -58.3717793°",-34.5940986,-58.3717793
2025-04-16 16:30:49-03:00,2025-04-16 17:14:46-03:00,ChIJ4VvDws3KvJUR3PFuVokYDEQ,UNKNOWN,0 days 00:43:57,2025-04,2,False,"-34.6044969°, -58.3766589°",-34.6044969,-58.3766589
2025-04-16 17:14:46-03:00,2025-04-16 17:47:58-03:00,ChIJt7S9jc7KvJURKxSfAlOXQYM,UNKNOWN,0 days 00:33:12,2025-04,2,False,"-34.603636°, -58.3785832°",-34.603636,-58.3785832
2025-04-16 17:54:42-03:00,2025-04-16 18:10:54-03:00,ChIJIxYSMMbKvJURqZGJyCpvOFM,Trabajo Teatro Colon,0 days 00:16:12,2025-04,2,False,"-34.601152°, -58.3833278°",-34.601152,-58.3833278
2025-04-16 18:42:13-03:00,2025-04-16 19:01:17-03:00,ChIJsZmi8SPNvJURbRamJokCPrA,UNKNOWN,0 days 00:19:04,2025-04,2,False,"-34.7051645°, -58.3894032°",-34.7051645,-58.3894032
2025-04-16 19:10:15-03:00,2025-04-16 23:48:21-03:00,ChIJHQpoTyHNvJURQEWwISIb4Lo,UNKNOWN,0 days 04:38:06,2025-04,2,False,"-34.703468°, -58.3894744°",-34.703468,-58.3894744
2025-04-17 00:03:36-03:00,2025-04-17 20:15:32-03:00,ChIJ5_qqHA_NvJURsYhmhKQxDh0,INFERRED_WORK,0 days 20:11:56,2025-04,3,False,"-34.7172347°, -58.4094829°",-34.7172347,-58.4094829
2025-04-17 20:34:10-03:00,2025-04-17 20:37:50-03:00,ChIJiQDEBCPNvJUR1iaRPp6sr38,UNKNOWN,0 days 00:03:40,2025-04,3,False,"-34.7075419°, -58.3908714°",-34.7075419,-58.3908714
2025-04-17 20:55:28-03:00,2025-04-17 23:51:33-03:00,ChIJt6mvqZrMvJURwEflIsBKbSQ,Casa madre,0 days 02:56:05,2025-04,3,False,"-34.673936°, -58.4054231°",-34.673936,-58.4054231
2025-04-18 00:07:03-03:00,2025-04-18 10:06:59-03:00,ChIJ5_qqHA_NvJURsYhmhKQxDh0,INFERRED_HOME,0 days 09:59:56,2025-04,4,False,"-34.7172347°, -58.4094829°",-34.7172347,-58.4094829
2025-04-18 10:15:00-03:00,2025-04-18 11:12:15-03:00,ChIJD8SQF5DNvJURNtxm8W6eG0I,Barberia,0 days 00:57:15,2025-04,4,False,"-34.7072503°, -58.3956021°",-34.7072503,-58.3956021
2025-04-18 11:23:55-03:00,2025-04-18 13:39:52-03:00,ChIJ5_qqHA_NvJURsYhmhKQxDh0,INFERRED_HOME,0 days 02:15:57,2025-04,4,False,"-34.7172347°, -58.4094829°",-34.7172347,-58.4094829
2025-04-18 14:05:01-03:00,2025-04-18 14:13:41-03:00,ChIJiQDEBCPNvJUR1iaRPp6sr38,UNKNOWN,0 days 00:08:40,2025-04,4,False,"-34.7075419°, -58.3908714°",-34.7075419,-58.3908714
2025-04-18 14:33:38-03:00,2025-04-18 16:25:57-03:00,ChIJTcG7SqLSvJUR9tTTHX-BbBY,SEARCHED_ADDRESS,0 days 01:52:19,2025-04,4,False,"-34.7460767°, -58.3916908°",-34.7460767,-58.3916908
2025-04-18 16:51:16-03:00,2025-04-19 01:03:10-03:00,ChIJ6dAd_PDLvJUR4NXxyy9MXVY,UNKNOWN,0 days 08:11:54,2025-04,4,False,"-34.6704786°, -58.4559063°",-34.6704786,-58.4559063
2025-04-19 01:24:23-03:00,2025-04-19 02:14:16-03:00,ChIJGRwwzQnMvJUR_3-UltiTIX4,UNKNOWN,0 days 00:49:53,2025-04,5,True,"-34.6779087°, -58.4489128°",-34.6779087,-58.4489128
2025-04-19 02:46:29-03:00,2025-04-19 13:27:01-03:00,ChIJ5_qqHA_NvJURsYhmhKQxDh0,INFERRED_HOME,0 days 10:40:32,2025-04,5,True,"-34.7172347°, -58.4094829°",-34.7172347,-58.4094829
2025-04-19 13:36:35-03:00,2025-04-19 15:24:05-03:00,ChIJH4XTmFrMvJURqtpXhdK2wJI,Casa abuelos,0 days 01:47:30,2025-04,5,True,"-34.6999126°, -58.4271696°",-34.6999126,-58.4271696
2025-04-19 15:31:57-03:00,2025-04-19 16:07:18-03:00,ChIJ5_qqHA_NvJURsYhmhKQxDh0,INFERRED_HOME,0 days 00:35:21,2025-04,5,True,"-34.7172347°, -58.4094829°",-34.7172347,-58.4094829
2025-04-19 16:20:28-03:00,2025-04-19 16:47:20-03:00,ChIJiQDEBCPNvJUR1iaRPp6sr38,UNKNOWN,0 days 00:26:52,2025-04,5,True,"-34.7075419°, -58.3908714°",-34.7075419,-58.3908714
2025-04-19 17:06:35-03:00,2025-04-19 17:50:14-03:00,ChIJTcG7SqLSvJUR9tTTHX-BbBY,SEARCHED_ADDRESS,0 days 00:43:39,2025-04,5,True,"-34.7460767°, -58.3916908°",-34.7460767,-58.3916908
2025-04-19 18:24:06-03:00,2025-04-20 02:02:24-03:00,ChIJ6dAd_PDLvJUR4NXxyy9MXVY,UNKNOWN,0 days 07:38:18,2025-04,5,True,"-34.6704786°, -58.4559063°",-34.6704786,-58.4559063
2025-04-20 03:12:23-03:00,2025-04-20 03:46:57-03:00,ChIJTcG7SqLSvJUR9tTTHX-BbBY,SEARCHED_ADDRESS,0 days 00:34:34,2025-04,6,True,"-34.7460767°, -58.3916908°",-34.7460767,-58.3916908
2025-04-22 07:21:42-03:00,2025-04-22 07:42:50-03:00,ChIJ5_qqHA_NvJURsYhmhKQxDh0,INFERRED_HOME,0 days 00:21:08,2025-04,1,False,"-34.7172347°, -58.4094829°",-34.7172347,-58.4094829
2025-04-22 08:00:05-03:00,2025-04-22 08:03:29-03:00,ChIJiQDEBCPNvJUR1iaRPp6sr38,UNKNOWN,0 days 00:03:24,2025-04,1,False,"-34.7075419°, -58.3908714°",-34.7075419,-58.3908714
2025-04-22 08:58:47-03:00,2025-04-22 13:10:12-03:00,ChIJPbtP4lfKvJURDPKYCQYlUnw,WORK,0 days 04:11:25,2025-04,1,False,"-34.5437271°, -58.5171915°",-34.5437271,-58.5171915
2025-04-22 13:32:25-03:00,2025-04-22 14:22:05-03:00,ChIJIxYSMMbKvJURqZGJyCpvOFM,Trabajo Teatro Colon,0 days 00:49:40,2025-04,1,False,"-34.601152°, -58.3833278°",-34.601152,-58.3833278
2025-04-22 14:39:24-03:00,2025-04-22 16:59:56-03:00,ChIJuZ28VzU1o5UR3yrH7JyU3FM,Trabajo Macro,0 days 02:20:32,2025-04,1,False,"-34.5940986°, -58.3717793°",-34.5940986,-58.3717793
2025-04-22 17:11:03-03:00,2025-04-22 17:19:14-03:00,ChIJIxYSMMbKvJURqZGJyCpvOFM,Trabajo Teatro Colon,0 days 00:08:11,2025-04,1,False,"-34.601152°, -58.3833278°",-34.601152,-58.3833278
2025-04-22 17:51:13-03:00,2025-04-23 09:58:09-03:00,ChIJdRmmBA_NvJUROcvrtFw5aqI,INFERRED_WORK,0 days 16:06:56,2025-04,1,False,"-34.7172142°, -58.4094648°",-34.7172142,-58.4094648
2025-04-23 10:24:55-03:00,2025-04-23 10:36:03-03:00,ChIJLbwJk5XNvJUR-EENUL2B24w,UNKNOWN,0 days 00:11:08,2025-04,2,False,"-34.7072317°, -58.454745°",-34.7072317,-58.454745
2025-04-23 11:13:19-03:00,2025-04-23 11:28:25-03:00,ChIJPffus-W2vJUR7wOEvU1Rw9M,UNKNOWN,0 days 00:15:06,2025-04,2,False,"-34.5533322°, -58.4981363°",-34.5533322,-58.4981363
2025-04-23 11:44:15-03:00,2025-04-23 11:50:24-03:00,ChIJPbtP4lfKvJURDPKYCQYlUnw,WORK,0 days 00:06:09,2025-04,2,False,"-34.5437271°, -58.5171915°",-34.5437271,-58.5171915
2025-04-23 12:35:22-03:00,2025-04-23 13:50:20-03:00,ChIJS8u27s00o5UR9dtpsV0MFkM,Trabajo Santander,0 days 01:14:58,2025-04,2,False,"-34.6238941°, -58.367137°",-34.6238941,-58.367137
2025-04-23 14:13:22-03:00,2025-04-23 14:31:54-03:00,ChIJwYgY6dLKvJURRGVEQaerEyA,UNKNOWN,0 days 00:18:32,2025-04,2,False,"-34.6069572°, -58.373416°",-34.6069572,-58.373416
2025-04-23 14:35:54-03:00,2025-04-23 15:53:40-03:00,ChIJ4VvDws3KvJUR3PFuVokYDEQ,UNKNOWN,0 days 01:17:46,2025-04,2,False,"-34.6044969°, -58.3766589°",-34.6044969,-58.3766589
2025-04-23 16:01:41-03:00,2025-04-23 17:01:27-03:00,ChIJk3U0KS01o5URsofTDnwrNbI,Trabajo BNA,0 days 00:59:46,2025-04,2,False,"-34.6076093°, -58.3711929°",-34.6076093,-58.3711929
2025-04-23 18:04:44-03:00,2025-04-23 18:09:31-03:00,ChIJmWZwca0yo5URvznbN90_hW8,UNKNOWN,0 days 00:04:47,2025-04,2,False,"-34.7242962°, -58.3674625°",-34.7242962,-58.3674625
2025-04-23 18:12:32-03:00,2025-04-23 19:53:53-03:00,ChIJ5zQgH6oyo5UR1ZFL3oUlYgc,Casa pablo,0 days 01:41:21,2025-04,2,False,"-34.7314837°, -58.3661421°",-34.7314837,-58.3661421
2025-04-23 20:03:17-03:00,2025-04-23 20:49:09-03:00,ChIJf7aONkjNvJURrAIeUyaagWQ,Casa gonza,0 days 00:45:52,2025-04,2,False,"-34.7177795°, -58.3806658°",-34.7177795,-58.3806658
2025-04-23 21:24:47-03:00,2025-04-23 23:42:49-03:00,ChIJt6mvqZrMvJURwEflIsBKbSQ,Casa madre,0 days 02:18:02,2025-04,2,False,"-34.673936°, -58.4054231°",-34.673936,-58.4054231
2025-04-24 00:00:20-03:00,2025-04-24 10:11:31-03:00,ChIJ5_qqHA_NvJURsYhmhKQxDh0,INFERRED_HOME,0 days 10:11:11,2025-04,3,False,"-34.7172347°, -58.4094829°",-34.7172347,-58.4094829
2025-04-24 10:57:15-03:00,2025-04-24 13:12:23-03:00,ChIJH5qger_KvJURGG0fnQ_e1pM,UNKNOWN,0 days 02:15:08,2025-04,3,False,"-34.5997458°, -58.390965°",-34.5997458,-58.390965
2025-04-24 13:34:17-03:00,2025-04-24 14:47:18-03:00,ChIJ5TzWetLKvJURxzt1cDvPF-k,UNKNOWN,0 days 01:13:01,2025-04,3,False,"-34.6060778°, -58.3750133°",-34.6060778,-58.3750133
2025-04-24 14:49:19-03:00,2025-04-24 16:53:59-03:00,ChIJocgARc3KvJURnPRTacWXgyw,Trabajo Supervielle,0 days 02:04:40,2025-04,3,False,"-34.604063°, -58.3726415°",-34.604063,-58.3726415
2025-04-24 14:49:19-03:00,2025-04-24 16:53:59-03:00,ChIJ4TGkXM3KvJURpbvUE5llvJE,Trabajo Supervielle,0 days 02:04:40,2025-04,3,False,"-34.6042478°, -58.3724722°",-34.6042478,-58.3724722
2025-04-24 18:05:52-03:00,2025-04-24 18:13:43-03:00,ChIJ9w8uoqkyo5URZzNS4Wpd-5U,UNKNOWN,0 days 00:07:51,2025-04,3,False,"-34.7298008°, -58.3642194°",-34.7298008,-58.3642194
2025-04-24 18:14:52-03:00,2025-04-24 18:50:54-03:00,ChIJ5zQgH6oyo5UR1ZFL3oUlYgc,Casa pablo,0 days 00:36:02,2025-04,3,False,"-34.7314837°, -58.3661421°",-34.7314837,-58.3661421
2025-04-24 19:05:34-03:00,2025-04-24 20:39:05-03:00,ChIJ5_qqHA_NvJURsYhmhKQxDh0,INFERRED_HOME,0 days 01:33:31,2025-04,3,False,"-34.7172347°, -58.4094829°",-34.7172347,-58.4094829
2025-04-24 21:08:28-03:00,2025-04-25 00:37:00-03:00,ChIJy7whmYUzo5URGd4JpcAyQnk,UNKNOWN,0 days 03:28:32,2025-04,3,False,"-34.6780278°, -58.3327533°",-34.6780278,-58.3327533
2025-04-24 21:08:28-03:00,2025-04-25 00:37:00-03:00,ChIJAcJ7_QMzo5URAd0Wt_iefBc,UNKNOWN,0 days 03:28:32,2025-04,3,False,"-34.6783928°, -58.3332973°",-34.6783928,-58.3332973
2025-04-25 01:09:01-03:00,2025-04-25 09:31:02-03:00,ChIJdRmmBA_NvJUROcvrtFw5aqI,INFERRED_WORK,0 days 08:22:01,2025-04,4,False,"-34.7172142°, -58.4094648°",-34.7172142,-58.4094648
2025-04-25 09:52:27-03:00,2025-04-25 10:19:49-03:00,ChIJ5zQgH6oyo5UR1ZFL3oUlYgc,Casa pablo,0 days 00:27:22,2025-04,4,False,"-34.7314837°, -58.3661421°",-34.7314837,-58.3661421
2025-04-25 11:02:25-03:00,2025-04-25 11:05:16-03:00,ChIJIxYSMMbKvJURqZGJyCpvOFM,Trabajo Teatro Colon,0 days 00:02:51,2025-04,4,False,"-34.601152°, -58.3833278°",-34.601152,-58.3833278
2025-04-25 11:32:25-03:00,2025-04-25 13:20:06-03:00,ChIJozcskDQ1o5UR5Oc85yFQ8lE,Trabajo BBVA,0 days 01:47:41,2025-04,4,False,"-34.5975104°, -58.3700036°",-34.5975104,-58.3700036
2025-04-25 13:36:22-03:00,2025-04-25 16:30:59-03:00,ChIJS8u27s00o5UR9dtpsV0MFkM,Trabajo Santander,0 days 02:54:37,2025-04,4,False,"-34.6238941°, -58.367137°",-34.6238941,-58.367137
2025-04-25 17:02:17-03:00,2025-04-25 17:25:18-03:00,ChIJIxYSMMbKvJURqZGJyCpvOFM,Trabajo Teatro Colon,0 days 00:23:01,2025-04,4,False,"-34.601152°, -58.3833278°",-34.601152,-58.3833278
2025-04-25 18:26:42-03:00,2025-04-25 19:39:33-03:00,ChIJ4f09BKoyo5URRI4Km8H2xVY,Casa pablo,0 days 01:12:51,2025-04,4,False,"-34.7321423°, -58.3664323°",-34.7321423,-58.3664323
2025-04-25 20:00:43-03:00,2025-04-25 21:16:06-03:00,ChIJ5_qqHA_NvJURsYhmhKQxDh0,INFERRED_HOME,0 days 01:15:23,2025-04,4,False,"-34.7172347°, -58.4094829°",-34.7172347,-58.4094829
2025-04-25 21:23:40-03:00,2025-04-25 22:02:57-03:00,ChIJD8SQF5DNvJURNtxm8W6eG0I,Barberia,0 days 00:39:17,2025-04,4,False,"-34.7072503°, -58.3956021°",-34.7072503,-58.3956021
2025-04-25 22:10:44-03:00,2025-04-26 13:23:22-03:00,ChIJ5_qqHA_NvJURsYhmhKQxDh0,INFERRED_HOME,0 days 15:12:38,2025-04,4,False,"-34.7172347°, -58.4094829°",-34.7172347,-58.4094829
2025-04-26 13:23:22-03:00,2025-04-26 18:20:30-03:00,ChIJyf0Ii880o5UR2btRAT-hgsg,UNKNOWN,0 days 04:57:08,2025-04,5,True,"-34.6240995°, -58.3597418°",-34.6240995,-58.3597418
2025-04-26 18:54:22-03:00,2025-04-27 13:51:29-03:00,ChIJ5_qqHA_NvJURsYhmhKQxDh0,INFERRED_HOME,0 days 18:57:07,2025-04,5,True,"-34.7172347°, -58.4094829°",-34.7172347,-58.4094829
2025-04-27 14:13:26-03:00,2025-04-27 18:24:49-03:00,ChIJJxn0yyvLvJUR-eeTOIKaCK4,UNKNOWN,0 days 04:11:23,2025-04,6,True,"-34.6207157°, -58.3963612°",-34.6207157,-58.3963612
2025-04-27 18:42:47-03:00,2025-04-27 19:51:49-03:00,ChIJH4XTmFrMvJURqtpXhdK2wJI,Casa abuelos,0 days 01:09:02,2025-04,6,True,"-34.6999126°, -58.4271696°",-34.6999126,-58.4271696
2025-04-27 19:57:17-03:00,2025-04-28 10:18:26-03:00,ChIJ5_qqHA_NvJURsYhmhKQxDh0,INFERRED_HOME,0 days 14:21:09,2025-04,6,True,"-34.7172347°, -58.4094829°",-34.7172347,-58.4094829
2025-04-28 10:58:19-03:00,2025-04-28 11:35:40-03:00,ChIJpRFTHi7LvJUR0itwIDnY8R0,UNKNOWN,0 days 00:37:21,2025-04,0,False,"-34.6263764°, -58.3786257°",-34.6263764,-58.3786257
2025-04-28 11:49:05-03:00,2025-04-28 11:57:53-03:00,ChIJIxYSMMbKvJURqZGJyCpvOFM,Trabajo Teatro Colon,0 days 00:08:48,2025-04,0,False,"-34.601152°, -58.3833278°",-34.601152,-58.3833278
2025-04-28 12:05:26-03:00,2025-04-28 12:36:26-03:00,ChIJXx79V9vKvJURS2GosE58c8w,UNKNOWN,0 days 00:31:00,2025-04,0,False,"-34.6083667°, -58.3722832°",-34.6083667,-58.3722832
2025-04-28 13:08:32-03:00,2025-04-28 14:45:23-03:00,ChIJs_g5SO-1vJUR8CQBMOXbtFc,UNKNOWN,0 days 01:36:51,2025-04,0,False,"-34.5827853°, -58.4501344°",-34.5827853,-58.4501344
2025-04-28 14:46:29-03:00,2025-04-28 14:52:29-03:00,ChIJd4y1lO21vJURR8IWy92I3sM,UNKNOWN,0 days 00:06:00,2025-04,0,False,"-34.5849188°, -58.4445648°",-34.5849188,-58.4445648
2025-04-28 15:23:59-03:00,2025-04-28 15:51:47-03:00,ChIJIxYSMMbKvJURqZGJyCpvOFM,Trabajo Teatro Colon,0 days 00:27:48,2025-04,0,False,"-34.601152°, -58.3833278°",-34.601152,-58.3833278
2025-04-28 16:05:07-03:00,2025-04-28 17:10:03-03:00,ChIJ1b83AtPKvJUR-6-kRvZlQpA,Trabajo ICBC,0 days 01:04:56,2025-04,0,False,"-34.6069312°, -58.3749342°",-34.6069312,-58.3749342
2025-04-28 18:11:14-03:00,2025-04-28 19:39:11-03:00,ChIJ4f09BKoyo5URRI4Km8H2xVY,Casa pablo,0 days 01:27:57,2025-04,0,False,"-34.7321423°, -58.3664323°",-34.7321423,-58.3664323
2025-04-28 20:01:24-03:00,2025-04-29 08:16:00-03:00,ChIJdRmmBA_NvJUROcvrtFw5aqI,INFERRED_WORK,0 days 12:14:36,2025-04,0,False,"-34.7172142°, -58.4094648°",-34.7172142,-58.4094648
2025-04-29 09:28:04-03:00,2025-04-29 13:59:29-03:00,ChIJPbtP4lfKvJURDPKYCQYlUnw,WORK,0 days 04:31:25,2025-04,1,False,"-34.5437271°, -58.5171915°",-34.5437271,-58.5171915
2025-04-29 15:14:53-03:00,2025-04-29 15:19:07-03:00,ChIJIxYSMMbKvJURqZGJyCpvOFM,Trabajo Teatro Colon,0 days 00:04:14,2025-04,1,False,"-34.601152°, -58.3833278°",-34.601152,-58.3833278
2025-04-29 16:14:36-03:00,2025-04-29 17:04:37-03:00,ChIJdRmmBA_NvJUROcvrtFw5aqI,INFERRED_WORK,0 days 00:50:01,2025-04,1,False,"-34.7172142°, -58.4094648°",-34.7172142,-58.4094648
2025-04-29 17:29:14-03:00,2025-04-29 20:36:44-03:00,ChIJZx0Vv2bJvJURnOgIJXfvXyU,UNKNOWN,0 days 03:07:30,2025-04,1,False,"-34.6596056°, -58.4679756°",-34.6596056,-58.4679756
2025-04-29 20:46:40-03:00,2025-04-29 20:51:23-03:00,ChIJqyXjv1nMvJURxtkIYrOc-MQ,UNKNOWN,0 days 00:04:43,2025-04,1,False,"-34.6974582°, -58.4213236°",-34.6974582,-58.4213236
2025-04-29 20:56:25-03:00,2025-04-30 10:42:03-03:00,ChIJdRmmBA_NvJUROcvrtFw5aqI,INFERRED_WORK,0 days 13:45:38,2025-04,1,False,"-34.7172142°, -58.4094648°",-34.7172142,-58.4094648
2025-04-30 10:44:41-03:00,2025-04-30 10:54:08-03:00,ChIJMzGlxw_NvJUR0UobwG_mK24,UNKNOWN,0 days 00:09:27,2025-04,2,False,"-34.7162°, -58.40728°",-34.7162,-58.40728
2025-04-30 11:49:29-03:00,2025-04-30 14:01:18-03:00,ChIJ4VvDws3KvJUR3PFuVokYDEQ,UNKNOWN,0 days 02:11:49,2025-04,2,False,"-34.6044969°, -58.3766589°",-34.6044969,-58.3766589
2025-04-30 14:01:18-03:00,2025-04-30 15:02:50-03:00,ChIJk8GIYAjLvJURT2jfEJYBIGI,UNKNOWN,0 days 01:01:32,2025-04,2,False,"-34.6036651°, -58.377891°",-34.6036651,-58.377891
2025-04-30 15:02:50-03:00,2025-04-30 15:23:50-03:00,ChIJ1WvoxM3KvJURaJFpWZzt2gM,SEARCHED_ADDRESS,0 days 00:21:00,2025-04,2,False,"-34.6043743°, -58.3767386°",-34.6043743,-58.3767386
2025-04-30 15:46:16-03:00,2025-04-30 16:46:11-03:00,ChIJozcskDQ1o5UR5Oc85yFQ8lE,Trabajo BBVA,0 days 00:59:55,2025-04,2,False,"-34.5975104°, -58.3700036°",-34.5975104,-58.3700036
2025-04-30 16:58:13-03:00,2025-04-30 17:07:22-03:00,ChIJUzg-m7TKvJURFFWLi1oLlFA,UNKNOWN,0 days 00:09:09,2025-04,2,False,"-34.589821°, -58.3745173°",-34.589821,-58.3745173
2025-04-30 18:30:01-03:00,2025-05-01 12:50:37-03:00,ChIJ5_qqHA_NvJURsYhmhKQxDh0,INFERRED_HOME,0 days 18:20:36,2025-04,2,False,"-34.7172347°, -58.4094829°",-34.7172347,-58.4094829
2025-05-01 12:58:51-03:00,2025-05-01 21:00:06-03:00,ChIJdRmmBA_NvJUROcvrtFw5aqI,INFERRED_WORK,0 days 08:01:15,2025-05,3,False,"-34.7172142°, -58.4094648°",-34.7172142,-58.4094648
2025-05-01 21:16:05-03:00,2025-05-01 23:38:27-03:00,ChIJt6mvqZrMvJURwEflIsBKbSQ,Casa madre,0 days 02:22:22,2025-05,3,False,"-34.673936°, -58.4054231°",-34.673936,-58.4054231
2025-05-01 23:55:22-03:00,2025-05-02 09:53:16-03:00,ChIJdRmmBA_NvJUROcvrtFw5aqI,INFERRED_WORK,0 days 09:57:54,2025-05,3,False,"-34.7172142°, -58.4094648°",-34.7172142,-58.4094648
2025-05-02 10:16:54-03:00,2025-05-02 10:38:25-03:00,ChIJIxYSMMbKvJURqZGJyCpvOFM,Trabajo Teatro Colon,0 days 00:21:31,2025-05,4,False,"-34.601152°, -58.3833278°",-34.601152,-58.3833278
2025-05-02 11:09:37-03:00,2025-05-02 11:17:00-03:00,ChIJ5zQgH6oyo5UR1ZFL3oUlYgc,Casa pablo,0 days 00:07:23,2025-05,4,False,"-34.7314837°, -58.3661421°",-34.7314837,-58.3661421
2025-05-02 11:28:54-03:00,2025-05-02 13:18:02-03:00,ChIJ5zQgH6oyo5UR1ZFL3oUlYgc,Casa pablo,0 days 01:49:08,2025-05,4,False,"-34.7314837°, -58.3661421°",-34.7314837,-58.3661421
2025-05-02 13:30:10-03:00,2025-05-02 13:38:02-03:00,ChIJ5zQgH6oyo5UR1ZFL3oUlYgc,Casa pablo,0 days 00:07:52,2025-05,4,False,"-34.7314837°, -58.3661421°",-34.7314837,-58.3661421
2025-05-02 13:57:29-03:00,2025-05-02 14:41:15-03:00,ChIJdRmmBA_NvJUROcvrtFw5aqI,INFERRED_WORK,0 days 00:43:46,2025-05,4,False,"-34.7172142°, -58.4094648°",-34.7172142,-58.4094648
2025-05-02 15:10:22-03:00,2025-05-02 15:36:15-03:00,ChIJoxmzbgm3vJURo3TTxKz3u64,SEARCHED_ADDRESS,0 days 00:25:53,2025-05,4,False,"-34.5752795°, -58.5247624°",-34.5752795,-58.5247624
2025-05-02 16:01:31-03:00,2025-05-02 18:47:48-03:00,ChIJRafGHJmxvJUROS0A5rMBoys,UNKNOWN,0 days 02:46:17,2025-05,4,False,"-34.4786604°, -58.483289°",-34.4786604,-58.483289
2025-05-02 19:58:24-03:00,2025-05-02 20:41:31-03:00,ChIJH4XTmFrMvJURqtpXhdK2wJI,Casa abuelos,0 days 00:43:07,2025-05,4,False,"-34.6999691°, -58.4271225°",-34.6999691,-58.4271225
2025-05-02 20:52:14-03:00,2025-05-03 13:26:39-03:00,ChIJdRmmBA_NvJUROcvrtFw5aqI,INFERRED_WORK,0 days 16:34:25,2025-05,4,False,"-34.7172142°, -58.4094648°",-34.7172142,-58.4094648
2025-05-03 13:40:37-03:00,2025-05-03 14:33:43-03:00,ChIJD8SQF5DNvJURNtxm8W6eG0I,Barberia,0 days 00:53:06,2025-05,5,True,"-34.7072503°, -58.3956021°",-34.7072503,-58.3956021
2025-05-03 14:45:17-03:00,2025-05-03 18:02:15-03:00,ChIJG61IBFDMvJURwKlU15_TYxE,Casa abuelos,0 days 03:16:58,2025-05,5,True,"-34.70099°, -58.4283°",-34.70099,-58.4283
2025-05-03 18:13:45-03:00,2025-05-03 22:44:44-03:00,ChIJdRmmBA_NvJUROcvrtFw5aqI,INFERRED_HOME,0 days 04:30:59,2025-05,5,True,"-34.7172142°, -58.4094648°",-34.7172142,-58.4094648
2025-05-03 23:16:47-03:00,2025-05-03 23:26:22-03:00,ChIJf-Ty8vrMvJUR3OjoVbFfg9M,UNKNOWN,0 days 00:09:35,2025-05,5,True,"-34.6960754°, -58.4080033°",-34.6960754,-58.4080033
2025-05-03 23:26:22-03:00,2025-05-04 09:32:19-03:00,ChIJdRmmBA_NvJUROcvrtFw5aqI,INFERRED_HOME,0 days 10:05:57,2025-05,5,True,"-34.7172142°, -58.4094648°",-34.7172142,-58.4094648
2025-05-04 09:44:21-03:00,2025-05-04 14:47:37-03:00,ChIJzfj9khLNvJUR1kujk8iMDEA,UNKNOWN,0 days 05:03:16,2025-05,6,True,"-34.7221603°, -58.4048347°",-34.7221603,-58.4048347
2025-05-04 10:26:10-03:00,2025-05-04 14:47:37-03:00,ChIJY6F85RLNvJURlLoiqySiMKQ,UNKNOWN,0 days 04:21:27,2025-05,6,True,"-34.7216199°, -58.4037619°",-34.7216199,-58.4037619
2025-05-04 14:59:16-03:00,2025-05-05 09:10:42-03:00,ChIJdRmmBA_NvJUROcvrtFw5aqI,INFERRED_HOME,0 days 18:11:26,2025-05,6,True,"-34.7172142°, -58.4094648°",-34.7172142,-58.4094648
2025-05-05 09:21:32-03:00,2025-05-05 09:43:15-03:00,ChIJiQDEBCPNvJUR1iaRPp6sr38,UNKNOWN,0 days 00:21:43,2025-05,0,False,"-34.7075419°, -58.3908714°",-34.7075419,-58.3908714
2025-05-05 09:43:56-03:00,2025-05-05 10:00:56-03:00,ChIJiQd-Zi_NvJURuaUyM_jyr6A,UNKNOWN,0 days 00:17:00,2025-05,0,False,"-34.7037857°, -58.3827698°",-34.7037857,-58.3827698
2025-05-05 10:16:03-03:00,2025-05-05 10:39:03-03:00,ChIJf7aONkjNvJURrAIeUyaagWQ,Casa gonza,0 days 00:23:00,2025-05,0,False,"-34.7177795°, -58.3806658°",-34.7177795,-58.3806658
2025-05-05 11:22:40-03:00,2025-05-05 12:21:21-03:00,ChIJ2dhA_a0yo5URZUwj1HX3BlE,UNKNOWN,0 days 00:58:41,2025-05,0,False,"-34.7228927°, -58.3661852°",-34.7228927,-58.3661852
2025-05-05 12:35:48-03:00,2025-05-05 14:16:16-03:00,ChIJ6We3NT3NvJUR91g3Rv4Idik,UNKNOWN,0 days 01:40:28,2025-05,0,False,"-34.7107913°, -58.3925716°",-34.7107913,-58.3925716
2025-05-05 15:04:35-03:00,2025-05-05 15:24:35-03:00,ChIJY2j9U8LKvJURCgcaSIg11PM,UNKNOWN,0 days 00:20:00,2025-05,0,False,"-34.6075353°, -58.3918213°",-34.6075353,-58.3918213
2025-05-05 15:24:35-03:00,2025-05-05 16:39:46-03:00,ChIJb0CFq8bKvJURv8LyVyUqkvE,Restaurantes Av Corrientes,0 days 01:15:11,2025-05,0,False,"-34.6039881°, -58.3885934°",-34.6039881,-58.3885934
2025-05-05 16:41:25-03:00,2025-05-05 17:03:44-03:00,ChIJDUULRsfKvJURBCI9LipS9pM,UNKNOWN,0 days 00:22:19,2025-05,0,False,"-34.5997024°, -58.3880219°",-34.5997024,-58.3880219
2025-05-05 18:30:26-03:00,2025-05-05 19:24:33-03:00,ChIJ2dhA_a0yo5URZUwj1HX3BlE,UNKNOWN,0 days 00:54:07,2025-05,0,False,"-34.7228927°, -58.3661852°",-34.7228927,-58.3661852
2025-05-05 19:28:21-03:00,2025-05-05 20:51:35-03:00,ChIJf7aONkjNvJURrAIeUyaagWQ,Casa gonza,0 days 01:23:14,2025-05,0,False,"-34.7177795°, -58.3806658°",-34.7177795,-58.3806658
2025-05-05 20:58:22-03:00,2025-05-05 21:25:43-03:00,ChIJ6We3NT3NvJUR91g3Rv4Idik,UNKNOWN,0 days 00:27:21,2025-05,0,False,"-34.7107913°, -58.3925716°",-34.7107913,-58.3925716
2025-05-05 21:30:28-03:00,2025-05-05 21:48:10-03:00,ChIJzZnZQCLNvJURqLLk5fKg0mk,UNKNOWN,0 days 00:17:42,2025-05,0,False,"-34.70675°, -58.39278°",-34.70675,-58.39278
2025-05-05 21:55:44-03:00,2025-05-06 10:35:50-03:00,ChIJdRmmBA_NvJUROcvrtFw5aqI,INFERRED_HOME,0 days 12:40:06,2025-05,0,False,"-34.7172142°, -58.4094648°",-34.7172142,-58.4094648
2025-05-06 11:18:51-03:00,2025-05-06 11:30:57-03:00,ChIJC-COMCjLvJURvGt0t-UtDkY,UNKNOWN,0 days 00:12:06,2025-05,1,False,"-34.6181098°, -58.3815559°",-34.6181098,-58.3815559
2025-05-06 11:34:57-03:00,2025-05-06 13:21:20-03:00,ChIJozcskDQ1o5UR5Oc85yFQ8lE,Trabajo BBVA,0 days 01:46:23,2025-05,1,False,"-34.5975104°, -58.3700036°",-34.5975104,-58.3700036
2025-05-06 13:47:53-03:00,2025-05-06 16:16:21-03:00,ChIJ1WvoxM3KvJURaJFpWZzt2gM,SEARCHED_ADDRESS,0 days 02:28:28,2025-05,1,False,"-34.6043743°, -58.3767386°",-34.6043743,-58.3767386
2025-05-06 18:10:14-03:00,2025-05-06 18:25:40-03:00,ChIJU5c6YiPNvJURrn0-EHUqGjE,UNKNOWN,0 days 00:15:26,2025-05,1,False,"-34.707541°, -58.3889359°",-34.707541,-58.3889359
2025-05-06 18:44:33-03:00,2025-05-06 19:54:24-03:00,ChIJ6We3NT3NvJUR91g3Rv4Idik,UNKNOWN,0 days 01:09:51,2025-05,1,False,"-34.7107913°, -58.3925716°",-34.7107913,-58.3925716
2025-05-06 20:10:19-03:00,2025-05-07 09:34:18-03:00,ChIJdRmmBA_NvJUROcvrtFw5aqI,INFERRED_HOME,0 days 13:23:59,2025-05,1,False,"-34.7172142°, -58.4094648°",-34.7172142,-58.4094648
2025-05-07 09:42:12-03:00,2025-05-07 09:58:26-03:00,ChIJ6We3NT3NvJUR91g3Rv4Idik,UNKNOWN,0 days 00:16:14,2025-05,2,False,"-34.7107913°, -58.3925716°",-34.7107913,-58.3925716
2025-05-07 10:37:29-03:00,2025-05-07 11:47:24-03:00,ChIJY77HqTPNvJURmL_UpluoL6A,Casa gonza,0 days 01:09:55,2025-05,2,False,"-34.7180308°, -58.3805357°",-34.7180308,-58.3805357
2025-05-07 11:55:29-03:00,2025-05-07 14:22:18-03:00,ChIJ6We3NT3NvJUR91g3Rv4Idik,UNKNOWN,0 days 02:26:49,2025-05,2,False,"-34.7107913°, -58.3925716°",-34.7107913,-58.3925716
2025-05-07 15:04:38-03:00,2025-05-07 16:19:41-03:00,ChIJIxYSMMbKvJURqZGJyCpvOFM,Trabajo Teatro Colon,0 days 01:15:03,2025-05,2,False,"-34.601152°, -58.3833278°",-34.601152,-58.3833278
2025-05-07 16:57:15-03:00,2025-05-07 18:04:49-03:00,ChIJPbtP4lfKvJURDPKYCQYlUnw,WORK,0 days 01:07:34,2025-05,2,False,"-34.5437271°, -58.5171915°",-34.5437271,-58.5171915
2025-05-07 19:06:22-03:00,2025-05-07 22:21:29-03:00,ChIJdRmmBA_NvJUROcvrtFw5aqI,INFERRED_HOME,0 days 03:15:07,2025-05,2,False,"-34.7172142°, -58.4094648°",-34.7172142,-58.4094648
2025-05-07 22:27:28-03:00,2025-05-07 23:41:50-03:00,ChIJ6We3NT3NvJUR91g3Rv4Idik,UNKNOWN,0 days 01:14:22,2025-05,2,False,"-34.7107913°, -58.3925716°",-34.7107913,-58.3925716
2025-05-07 23:51:28-03:00,2025-05-08 11:09:18-03:00,ChIJdRmmBA_NvJUROcvrtFw5aqI,INFERRED_HOME,0 days 11:17:50,2025-05,2,False,"-34.7172142°, -58.4094648°",-34.7172142,-58.4094648
2025-05-08 12:10:00-03:00,2025-05-08 16:07:32-03:00,ChIJIxYSMMbKvJURqZGJyCpvOFM,Trabajo Teatro Colon,0 days 03:57:32,2025-05,3,False,"-34.601152°, -58.3833278°",-34.601152,-58.3833278
2025-05-08 16:36:49-03:00,2025-05-08 16:56:12-03:00,ChIJ___Pbs3KvJURJtB--4EB8xc,Trabajo Supervielle,0 days 00:19:23,2025-05,3,False,"-34.6042475°, -58.37352°",-34.6042475,-58.37352
2025-05-08 16:36:49-03:00,2025-05-08 16:41:12-03:00,ChIJSeIQb83KvJUR31HGG_vZTbI,Trabajo Supervielle,0 days 00:04:23,2025-05,3,False,"-34.6043625°, -58.3736067°",-34.6043625,-58.3736067
2025-05-08 17:01:16-03:00,2025-05-08 17:08:18-03:00,ChIJUzg-m7TKvJURFFWLi1oLlFA,UNKNOWN,0 days 00:07:02,2025-05,3,False,"-34.589821°, -58.3745173°",-34.589821,-58.3745173
2025-05-08 18:05:09-03:00,2025-05-08 18:22:59-03:00,ChIJiQDEBCPNvJUR1iaRPp6sr38,UNKNOWN,0 days 00:17:50,2025-05,3,False,"-34.7075419°, -58.3908714°",-34.7075419,-58.3908714
2025-05-08 18:26:59-03:00,2025-05-08 19:36:43-03:00,ChIJ6We3NT3NvJUR91g3Rv4Idik,UNKNOWN,0 days 01:09:44,2025-05,3,False,"-34.7107913°, -58.3925716°",-34.7107913,-58.3925716
2025-05-08 19:42:42-03:00,2025-05-08 19:59:28-03:00,ChIJiaxCaw7NvJURWGaM-OWByxk,UNKNOWN,0 days 00:16:46,2025-05,3,False,"-34.7184741°, -58.4074368°",-34.7184741,-58.4074368
2025-05-08 20:04:58-03:00,2025-05-09 09:20:27-03:00,ChIJdRmmBA_NvJUROcvrtFw5aqI,INFERRED_HOME,0 days 13:15:29,2025-05,3,False,"-34.7172142°, -58.4094648°",-34.7172142,-58.4094648
2025-05-09 09:39:00-03:00,2025-05-09 09:51:26-03:00,ChIJ6We3NT3NvJUR91g3Rv4Idik,UNKNOWN,0 days 00:12:26,2025-05,4,False,"-34.7107913°, -58.3925716°",-34.7107913,-58.3925716
2025-05-09 10:02:02-03:00,2025-05-09 10:11:11-03:00,ChIJ2dhA_a0yo5URZUwj1HX3BlE,UNKNOWN,0 days 00:09:09,2025-05,4,False,"-34.7228927°, -58.3661852°",-34.7228927,-58.3661852
2025-05-09 10:18:38-03:00,2025-05-09 10:30:49-03:00,ChIJr-wIIUrNvJURxIYbrN_Jhgw,UNKNOWN,0 days 00:12:11,2025-05,4,False,"-34.7171515°, -58.3770765°",-34.7171515,-58.3770765
2025-05-09 10:47:36-03:00,2025-05-09 10:57:37-03:00,ChIJiQDEBCPNvJUR1iaRPp6sr38,UNKNOWN,0 days 00:10:01,2025-05,4,False,"-34.7075419°, -58.3908714°",-34.7075419,-58.3908714
2025-05-09 11:24:59-03:00,2025-05-09 13:41:34-03:00,ChIJS8u27s00o5UR9dtpsV0MFkM,Trabajo Santander,0 days 02:16:35,2025-05,4,False,"-34.6238941°, -58.367137°",-34.6238941,-58.367137
2025-05-09 13:48:15-03:00,2025-05-09 14:32:53-03:00,ChIJkW4QzNI0o5UR9AGtth4HPuw,UNKNOWN,0 days 00:44:38,2025-05,4,False,"-34.6227385°, -58.3713618°",-34.6227385,-58.3713618
2025-05-09 14:59:58-03:00,2025-05-09 17:02:41-03:00,ChIJWwNBpdLKvJUR0nZKx5c7nq4,Trabajo Galicia,0 days 02:02:43,2025-05,4,False,"-34.6054579°, -58.3724473°",-34.6054579,-58.3724473
2025-05-09 17:15:48-03:00,2025-05-09 17:30:42-03:00,ChIJozcskDQ1o5UR5Oc85yFQ8lE,Trabajo BBVA,0 days 00:14:54,2025-05,4,False,"-34.5975104°, -58.3700036°",-34.5975104,-58.3700036
2025-05-09 17:38:44-03:00,2025-05-09 17:41:51-03:00,ChIJUzg-m7TKvJURFFWLi1oLlFA,UNKNOWN,0 days 00:03:07,2025-05,4,False,"-34.589821°, -58.3745173°",-34.589821,-58.3745173
2025-05-09 18:46:07-03:00,2025-05-09 19:29:01-03:00,ChIJ6We3NT3NvJUR91g3Rv4Idik,UNKNOWN,0 days 00:42:54,2025-05,4,False,"-34.7107913°, -58.3925716°",-34.7107913,-58.3925716
2025-05-09 19:41:16-03:00,2025-05-10 13:02:09-03:00,ChIJdRmmBA_NvJUROcvrtFw5aqI,INFERRED_HOME,0 days 17:20:53,2025-05,4,False,"-34.7172142°, -58.4094648°",-34.7172142,-58.4094648
2025-05-10 13:07:23-03:00,2025-05-10 14:24:14-03:00,ChIJD8SQF5DNvJURNtxm8W6eG0I,Barberia,0 days 01:16:51,2025-05,5,True,"-34.7072503°, -58.3956021°",-34.7072503,-58.3956021
2025-05-10 14:35:01-03:00,2025-05-10 15:18:28-03:00,ChIJa9k_n1rMvJURmFjEVhsJ6zE,Casa abuelos,0 days 00:43:27,2025-05,5,True,"-34.7000175°, -58.4272267°",-34.7000175,-58.4272267
2025-05-10 15:29:54-03:00,2025-05-10 15:59:45-03:00,ChIJjcSrNkjNvJURpDQjsnEYj8Q,Casa gonza,0 days 00:29:51,2025-05,5,True,"-34.7176552°, -58.3806677°",-34.7176552,-58.3806677
2025-05-10 16:08:53-03:00,2025-05-10 17:03:59-03:00,ChIJdRmmBA_NvJUROcvrtFw5aqI,INFERRED_HOME,0 days 00:55:06,2025-05,5,True,"-34.7172142°, -58.4094648°",-34.7172142,-58.4094648
2025-05-10 17:09:08-03:00,2025-05-10 19:16:34-03:00,ChIJVVWZNj3NvJURjDDe_95taLE,UNKNOWN,0 days 02:07:26,2025-05,5,True,"-34.7105962°, -58.3928391°",-34.7105962,-58.3928391
2025-05-10 19:18:36-03:00,2025-05-10 19:44:04-03:00,ChIJNbXbI73NvJURbkjgbwirQAA,Bares Lanusita,0 days 00:25:28,2025-05,5,True,"-34.703328°, -58.3916723°",-34.703328,-58.3916723
2025-05-10 19:50:55-03:00,2025-05-10 19:59:57-03:00,ChIJD5qobDHNvJURHlQyxe5vrrM,UNKNOWN,0 days 00:09:02,2025-05,5,True,"-34.7096933°, -58.3788491°",-34.7096933,-58.3788491
2025-05-10 20:13:20-03:00,2025-05-11 03:18:08-03:00,ChIJ4f09BKoyo5URRI4Km8H2xVY,Casa pablo,0 days 07:04:48,2025-05,5,True,"-34.7321423°, -58.3664323°",-34.7321423,-58.3664323
2025-05-11 03:32:47-03:00,2025-05-11 18:35:08-03:00,ChIJdRmmBA_NvJUROcvrtFw5aqI,INFERRED_HOME,0 days 15:02:21,2025-05,6,True,"-34.7172142°, -58.4094648°",-34.7172142,-58.4094648
2025-05-11 18:41:13-03:00,2025-05-11 18:57:44-03:00,ChIJ6We3NT3NvJUR91g3Rv4Idik,UNKNOWN,0 days 00:16:31,2025-05,6,True,"-34.7107913°, -58.3925716°",-34.7107913,-58.3925716
2025-05-11 18:57:44-03:00,2025-05-11 19:13:18-03:00,ChIJiQDEBCPNvJUR1iaRPp6sr38,UNKNOWN,0 days 00:15:34,2025-05,6,True,"-34.7075419°, -58.3908714°",-34.7075419,-58.3908714
2025-05-11 19:22:52-03:00,2025-05-12 11:04:57-03:00,ChIJdRmmBA_NvJUROcvrtFw5aqI,INFERRED_HOME,0 days 15:42:05,2025-05,6,True,"-34.7172142°, -58.4094648°",-34.7172142,-58.4094648
2025-05-12 12:04:11-03:00,2025-05-12 14:41:59-03:00,ChIJIxYSMMbKvJURqZGJyCpvOFM,Trabajo Teatro Colon,0 days 02:37:48,2025-05,0,False,"-34.601152°, -58.3833278°",-34.601152,-58.3833278
2025-05-12 14:41:59-03:00,2025-05-12 15:09:07-03:00,ChIJiaHxJ8bKvJURXZQ0dg7Bdbg,Trabajo Teatro Colon,0 days 00:27:08,2025-05,0,False,"-34.6010789°, -58.3831346°",-34.6010789,-58.3831346
2025-05-12 15:32:43-03:00,2025-05-12 17:11:59-03:00,ChIJU3a7EZi3vJURCphtwoPxfYs,UNKNOWN,0 days 01:39:16,2025-05,0,False,"-34.5330434°, -58.4688428°",-34.5330434,-58.4688428
2025-05-12 17:42:51-03:00,2025-05-12 17:52:58-03:00,ChIJO5OvTjDLvJURn--oIpRP89Q,UNKNOWN,0 days 00:10:07,2025-05,0,False,"-34.6282493°, -58.3804909°",-34.6282493,-58.3804909
2025-05-12 18:14:57-03:00,2025-05-12 19:17:50-03:00,ChIJ6We3NT3NvJUR91g3Rv4Idik,UNKNOWN,0 days 01:02:53,2025-05,0,False,"-34.7107913°, -58.3925716°",-34.7107913,-58.3925716
2025-05-12 19:26:12-03:00,2025-05-12 19:34:35-03:00,ChIJiQDEBCPNvJUR1iaRPp6sr38,UNKNOWN,0 days 00:08:23,2025-05,0,False,"-34.7075419°, -58.3908714°",-34.7075419,-58.3908714
2025-05-12 19:45:05-03:00,2025-05-13 10:59:47-03:00,ChIJdRmmBA_NvJUROcvrtFw5aqI,INFERRED_HOME,0 days 15:14:42,2025-05,0,False,"-34.7172142°, -58.4094648°",-34.7172142,-58.4094648
2025-05-13 12:10:23-03:00,2025-05-13 14:20:13-03:00,ChIJ-5b1MtLKvJUR_MRYyAEgpow,UNKNOWN,0 days 02:09:50,2025-05,1,False,"-34.6083322°, -58.3766457°",-34.6083322,-58.3766457
2025-05-13 12:14:38-03:00,2025-05-13 14:20:13-03:00,ChIJAxcRzNPKvJURdTfUenR6Yxg,UNKNOWN,0 days 02:05:35,2025-05,1,False,"-34.6085502°, -58.3766474°",-34.6085502,-58.3766474
2025-05-13 14:37:34-03:00,2025-05-13 15:03:10-03:00,ChIJ4TjCscjKvJUR7lVEfGJJHIs,UNKNOWN,0 days 00:25:36,2025-05,1,False,"-34.6022368°, -58.3825282°",-34.6022368,-58.3825282
2025-05-13 15:28:09-03:00,2025-05-13 17:04:17-03:00,ChIJozcskDQ1o5UR5Oc85yFQ8lE,Trabajo BBVA,0 days 01:36:08,2025-05,1,False,"-34.5975104°, -58.3700036°",-34.5975104,-58.3700036
2025-05-13 18:29:16-03:00,2025-05-13 18:56:57-03:00,ChIJ6We3NT3NvJUR91g3Rv4Idik,UNKNOWN,0 days 00:27:41,2025-05,1,False,"-34.7107913°, -58.3925716°",-34.7107913,-58.3925716
2025-05-13 19:10:39-03:00,2025-05-14 09:16:17-03:00,ChIJdRmmBA_NvJUROcvrtFw5aqI,INFERRED_HOME,0 days 14:05:38,2025-05,1,False,"-34.7172142°, -58.4094648°",-34.7172142,-58.4094648
2025-05-14 10:28:15-03:00,2025-05-14 12:47:24-03:00,ChIJ6Rz5V83KvJURBsOLp0LTx-8,Trabajo Supervielle,0 days 02:19:09,2025-05,2,False,"-34.6048485°, -58.3724472°",-34.6048485,-58.3724472
2025-05-14 12:53:15-03:00,2025-05-14 13:26:56-03:00,ChIJTSsxGTM1o5UR4oT6JUqoa1g,UNKNOWN,0 days 00:33:41,2025-05,2,False,"-34.6012081°, -58.3697565°",-34.6012081,-58.3697565
2025-05-14 13:43:17-03:00,2025-05-14 15:59:02-03:00,ChIJ5TzWetLKvJURxzt1cDvPF-k,UNKNOWN,0 days 02:15:45,2025-05,2,False,"-34.6060778°, -58.3750133°",-34.6060778,-58.3750133
2025-05-14 13:43:17-03:00,2025-05-14 13:51:26-03:00,ChIJ8XX5ZNLKvJURhBlONCcgvEo,Trabajo ICBC,0 days 00:08:09,2025-05,2,False,"-34.6062556°, -58.3749899°",-34.6062556,-58.3749899
2025-05-14 14:06:00-03:00,2025-05-14 15:19:04-03:00,ChIJPS2oWi-1vJURqibnrmJx_yg,UNKNOWN,0 days 01:13:04,2025-05,2,False,"-34.6060581°, -58.3749897°",-34.6060581,-58.3749897
2025-05-14 15:31:57-03:00,2025-05-14 15:45:24-03:00,ChIJ78DDADHLvJURiYIvUAClLyY,UNKNOWN,0 days 00:13:27,2025-05,2,False,"-34.6061687°, -58.3737847°",-34.6061687,-58.3737847
2025-05-14 15:45:55-03:00,2025-05-14 15:57:49-03:00,ChIJPS2oWi-1vJURqibnrmJx_yg,UNKNOWN,0 days 00:11:54,2025-05,2,False,"-34.6060581°, -58.3749897°",-34.6060581,-58.3749897
2025-05-14 16:12:43-03:00,2025-05-14 16:28:47-03:00,ChIJozcskDQ1o5UR5Oc85yFQ8lE,Trabajo BBVA,0 days 00:16:04,2025-05,2,False,"-34.5975104°, -58.3700036°",-34.5975104,-58.3700036
2025-05-14 17:49:21-03:00,2025-05-15 09:08:09-03:00,ChIJdRmmBA_NvJUROcvrtFw5aqI,INFERRED_HOME,0 days 15:18:48,2025-05,2,False,"-34.7172142°, -58.4094648°",-34.7172142,-58.4094648
2025-05-15 09:14:12-03:00,2025-05-15 09:19:53-03:00,ChIJMzGlxw_NvJUR0UobwG_mK24,UNKNOWN,0 days 00:05:41,2025-05,3,False,"-34.7162°, -58.40728°",-34.7162,-58.40728
2025-05-15 10:10:02-03:00,2025-05-15 10:22:43-03:00,ChIJL5KVAc_KvJURm6eBv9TCt4E,UNKNOWN,0 days 00:12:41,2025-05,3,False,"-34.6044707°, -58.3801163°",-34.6044707,-58.3801163
2025-05-15 10:32:23-03:00,2025-05-15 11:18:37-03:00,ChIJ1WvoxM3KvJURaJFpWZzt2gM,SEARCHED_ADDRESS,0 days 00:46:14,2025-05,3,False,"-34.6043743°, -58.3767386°",-34.6043743,-58.3767386
2025-05-15 11:35:07-03:00,2025-05-15 12:33:36-03:00,ChIJuZ28VzU1o5UR3yrH7JyU3FM,Trabajo Macro,0 days 00:58:29,2025-05,3,False,"-34.5940986°, -58.3717793°",-34.5940986,-58.3717793
2025-05-15 12:42:50-03:00,2025-05-15 13:50:32-03:00,ChIJozcskDQ1o5UR5Oc85yFQ8lE,Trabajo BBVA,0 days 01:07:42,2025-05,3,False,"-34.5975104°, -58.3700036°",-34.5975104,-58.3700036
2025-05-15 14:18:07-03:00,2025-05-15 14:34:15-03:00,ChIJIxYSMMbKvJURqZGJyCpvOFM,Trabajo Teatro Colon,0 days 00:16:08,2025-05,3,False,"-34.601152°, -58.3833278°",-34.601152,-58.3833278
2025-05-15 15:09:56-03:00,2025-05-15 15:48:12-03:00,ChIJs_g5SO-1vJUR8CQBMOXbtFc,UNKNOWN,0 days 00:38:16,2025-05,3,False,"-34.5827853°, -58.4501344°",-34.5827853,-58.4501344
2025-05-15 16:14:33-03:00,2025-05-15 16:36:05-03:00,ChIJiaHxJ8bKvJURXZQ0dg7Bdbg,Trabajo Teatro Colon,0 days 00:21:32,2025-05,3,False,"-34.6010789°, -58.3831346°",-34.6010789,-58.3831346
2025-05-15 17:41:16-03:00,2025-05-15 17:49:39-03:00,ChIJN3IXdzXNvJURD_r13_vOb3s,UNKNOWN,0 days 00:08:23,2025-05,3,False,"-34.7141606°, -58.3742713°",-34.7141606,-58.3742713
2025-05-15 18:00:29-03:00,2025-05-15 23:26:55-03:00,ChIJ4f09BKoyo5URRI4Km8H2xVY,Casa pablo,0 days 05:26:26,2025-05,3,False,"-34.7321423°, -58.3664323°",-34.7321423,-58.3664323
2025-05-15 23:46:00-03:00,2025-05-16 11:21:14-03:00,ChIJdRmmBA_NvJUROcvrtFw5aqI,INFERRED_HOME,0 days 11:35:14,2025-05,3,False,"-34.7172142°, -58.4094648°",-34.7172142,-58.4094648
2025-05-16 11:51:57-03:00,2025-05-16 11:55:26-03:00,ChIJiQDEBCPNvJUR1iaRPp6sr38,UNKNOWN,0 days 00:03:29,2025-05,4,False,"-34.7075419°, -58.3908714°",-34.7075419,-58.3908714
2025-05-16 12:12:52-03:00,2025-05-16 13:09:30-03:00,ChIJ6We3NT3NvJUR91g3Rv4Idik,UNKNOWN,0 days 00:56:38,2025-05,4,False,"-34.7107913°, -58.3925716°",-34.7107913,-58.3925716
2025-05-16 13:56:00-03:00,2025-05-16 15:55:56-03:00,ChIJgWdTK0rLvJUR8U_7Xq3V7Bk,Trabajo Galicia,0 days 01:59:56,2025-05,4,False,"-34.605719°, -58.3722054°",-34.605719,-58.3722054
2025-05-16 15:23:21-03:00,2025-05-16 15:55:56-03:00,ChIJvy52sdLKvJURybT_N4jeNIE,Trabajo Galicia,0 days 00:32:35,2025-05,4,False,"-34.6055807°, -58.3720918°",-34.6055807,-58.3720918
2025-05-16 16:01:27-03:00,2025-05-16 16:26:03-03:00,ChIJ5TzWetLKvJURxzt1cDvPF-k,UNKNOWN,0 days 00:24:36,2025-05,4,False,"-34.6060778°, -58.3750133°",-34.6060778,-58.3750133
2025-05-16 16:01:27-03:00,2025-05-16 16:26:03-03:00,ChIJPS2oWi-1vJURqibnrmJx_yg,UNKNOWN,0 days 00:24:36,2025-05,4,False,"-34.6060581°, -58.3749897°",-34.6060581,-58.3749897
2025-05-16 16:33:21-03:00,2025-05-16 17:19:11-03:00,ChIJozcskDQ1o5UR5Oc85yFQ8lE,Trabajo BBVA,0 days 00:45:50,2025-05,4,False,"-34.5975104°, -58.3700036°",-34.5975104,-58.3700036
2025-05-16 17:30:10-03:00,2025-05-16 17:38:54-03:00,ChIJUzg-m7TKvJURFFWLi1oLlFA,UNKNOWN,0 days 00:08:44,2025-05,4,False,"-34.589821°, -58.3745173°",-34.589821,-58.3745173
2025-05-16 18:51:58-03:00,2025-05-17 13:34:43-03:00,ChIJdRmmBA_NvJUROcvrtFw5aqI,INFERRED_HOME,0 days 18:42:45,2025-05,4,False,"-34.7172142°, -58.4094648°",-34.7172142,-58.4094648
2025-05-17 13:51:42-03:00,2025-05-17 14:54:22-03:00,ChIJD8SQF5DNvJURNtxm8W6eG0I,Barberia,0 days 01:02:40,2025-05,5,True,"-34.7072503°, -58.3956021°",-34.7072503,-58.3956021
2025-05-17 14:56:23-03:00,2025-05-17 15:07:14-03:00,ChIJiQDEBCPNvJUR1iaRPp6sr38,UNKNOWN,0 days 00:10:51,2025-05,5,True,"-34.7075419°, -58.3908714°",-34.7075419,-58.3908714
2025-05-17 15:20:47-03:00,2025-05-18 13:25:40-03:00,ChIJdRmmBA_NvJUROcvrtFw5aqI,INFERRED_HOME,0 days 22:04:53,2025-05,5,True,"-34.7172142°, -58.4094648°",-34.7172142,-58.4094648
2025-05-18 13:28:19-03:00,2025-05-18 15:01:58-03:00,ChIJkdw6HQLNvJUR81fj9CcjkkU,UNKNOWN,0 days 01:33:39,2025-05,6,True,"-34.7062954°, -58.4114818°",-34.7062954,-58.4114818
2025-05-18 15:06:01-03:00,2025-05-18 15:13:38-03:00,ChIJ0zCeOf_NvJUR7ab_WFlqMPU,UNKNOWN,0 days 00:07:37,2025-05,6,True,"-34.7055046°, -58.4051805°",-34.7055046,-58.4051805
2025-05-18 15:25:59-03:00,2025-05-18 15:50:02-03:00,ChIJf7aONkjNvJURrAIeUyaagWQ,Casa gonza,0 days 00:24:03,2025-05,6,True,"-34.7177795°, -58.3806658°",-34.7177795,-58.3806658
2025-05-18 16:01:36-03:00,2025-05-18 16:33:59-03:00,ChIJIT8H-EvNvJURwcLFGzV2iwI,UNKNOWN,0 days 00:32:23,2025-05,6,True,"-34.7205059°, -58.3767934°",-34.7205059,-58.3767934
2025-05-18 16:37:50-03:00,2025-05-18 19:18:11-03:00,ChIJf7aONkjNvJURrAIeUyaagWQ,Casa gonza,0 days 02:40:21,2025-05,6,True,"-34.7177795°, -58.3806658°",-34.7177795,-58.3806658
2025-05-18 19:36:12-03:00,2025-05-18 20:00:14-03:00,ChIJdRmmBA_NvJUROcvrtFw5aqI,INFERRED_HOME,0 days 00:24:02,2025-05,6,True,"-34.7172142°, -58.4094648°",-34.7172142,-58.4094648
2025-05-18 20:40:30-03:00,2025-05-18 21:53:11-03:00,ChIJT-ybv9LKvJURHb0Ku5piHEA,Trabajo Galicia,0 days 01:12:41,2025-05,6,True,"-34.6058223°, -58.3726811°",-34.6058223,-58.3726811
2025-05-18 22:21:48-03:00,2025-05-19 08:48:40-03:00,ChIJdRmmBA_NvJUROcvrtFw5aqI,INFERRED_HOME,0 days 10:26:52,2025-05,6,True,"-34.7172142°, -58.4094648°",-34.7172142,-58.4094648
2025-05-19 09:41:29-03:00,2025-05-19 09:47:00-03:00,ChIJyxtpW87KvJUR5pfzPCoA5dg,UNKNOWN,0 days 00:05:31,2025-05,0,False,"-34.6048381°, -58.379465°",-34.6048381,-58.379465
2025-05-19 09:54:05-03:00,2025-05-19 17:25:19-03:00,ChIJT-ybv9LKvJURHb0Ku5piHEA,Trabajo Galicia,0 days 07:31:14,2025-05,0,False,"-34.6058223°, -58.3726811°",-34.6058223,-58.3726811
2025-05-19 19:01:25-03:00,2025-05-20 08:52:20-03:00,ChIJdRmmBA_NvJUROcvrtFw5aqI,INFERRED_HOME,0 days 13:50:55,2025-05,0,False,"-34.7172142°, -58.4094648°",-34.7172142,-58.4094648
2025-05-20 09:53:27-03:00,2025-05-20 10:39:50-03:00,ChIJIxYSMMbKvJURqZGJyCpvOFM,Trabajo Teatro Colon,0 days 00:46:23,2025-05,1,False,"-34.601152°, -58.3833278°",-34.601152,-58.3833278
2025-05-20 10:56:24-03:00,2025-05-20 11:58:46-03:00,ChIJ-5b1MtLKvJUR_MRYyAEgpow,UNKNOWN,0 days 01:02:22,2025-05,1,False,"-34.6083322°, -58.3766457°",-34.6083322,-58.3766457
2025-05-20 10:56:24-03:00,2025-05-20 11:01:20-03:00,ChIJAxcRzNPKvJURdTfUenR6Yxg,UNKNOWN,0 days 00:04:56,2025-05,1,False,"-34.6085502°, -58.3766474°",-34.6085502,-58.3766474
2025-05-20 11:03:20-03:00,2025-05-20 11:57:23-03:00,ChIJuTw-M9LKvJURV_SgLnGHQJQ,UNKNOWN,0 days 00:54:03,2025-05,1,False,"-34.6083221°, -58.376667°",-34.6083221,-58.376667
2025-05-20 12:02:30-03:00,2025-05-20 12:24:01-03:00,ChIJwYgY6dLKvJURRGVEQaerEyA,UNKNOWN,0 days 00:21:31,2025-05,1,False,"-34.6069572°, -58.373416°",-34.6069572,-58.373416
2025-05-20 12:27:45-03:00,2025-05-20 13:02:12-03:00,ChIJ6UXWTy01o5URRRYeyMZm_QI,Trabajo Columbia,0 days 00:34:27,2025-05,1,False,"-34.6047587°, -58.3711958°",-34.6047587,-58.3711958
2025-05-20 13:27:40-03:00,2025-05-20 15:10:58-03:00,ChIJuZ28VzU1o5UR3yrH7JyU3FM,Trabajo Macro,0 days 01:43:18,2025-05,1,False,"-34.5940986°, -58.3717793°",-34.5940986,-58.3717793
2025-05-20 15:34:31-03:00,2025-05-20 16:41:54-03:00,ChIJk8GIYAjLvJURT2jfEJYBIGI,UNKNOWN,0 days 01:07:23,2025-05,1,False,"-34.6036651°, -58.377891°",-34.6036651,-58.377891
2025-05-20 16:49:18-03:00,2025-05-20 18:00:06-03:00,ChIJiaHxJ8bKvJURXZQ0dg7Bdbg,Trabajo Teatro Colon,0 days 01:10:48,2025-05,1,False,"-34.6010789°, -58.3831346°",-34.6010789,-58.3831346
2025-05-20 18:47:18-03:00,2025-05-20 19:00:27-03:00,ChIJiQDEBCPNvJUR1iaRPp6sr38,UNKNOWN,0 days 00:13:09,2025-05,1,False,"-34.7075419°, -58.3908714°",-34.7075419,-58.3908714
2025-05-20 19:16:50-03:00,2025-05-20 20:14:20-03:00,ChIJf7aONkjNvJURrAIeUyaagWQ,Casa gonza,0 days 00:57:30,2025-05,1,False,"-34.7177795°, -58.3806658°",-34.7177795,-58.3806658
2025-05-20 20:32:13-03:00,2025-05-21 09:22:41-03:00,ChIJdRmmBA_NvJUROcvrtFw5aqI,INFERRED_HOME,0 days 12:50:28,2025-05,1,False,"-34.7172142°, -58.4094648°",-34.7172142,-58.4094648
2025-05-21 10:25:21-03:00,2025-05-21 11:19:01-03:00,ChIJWwNBpdLKvJUR0nZKx5c7nq4,Trabajo Galicia,0 days 00:53:40,2025-05,2,False,"-34.6054579°, -58.3724473°",-34.6054579,-58.3724473
2025-05-21 11:34:12-03:00,2025-05-21 13:50:15-03:00,ChIJozcskDQ1o5UR5Oc85yFQ8lE,Trabajo BBVA,0 days 02:16:03,2025-05,2,False,"-34.5975104°, -58.3700036°",-34.5975104,-58.3700036
2025-05-21 13:56:45-03:00,2025-05-21 14:22:47-03:00,ChIJZaGbuczKvJURT4aOkGURcaI,UNKNOWN,0 days 00:26:02,2025-05,2,False,"-34.6007586°, -58.3724185°",-34.6007586,-58.3724185
2025-05-21 14:32:50-03:00,2025-05-21 15:00:45-03:00,ChIJ___Pbs3KvJURJtB--4EB8xc,Trabajo Supervielle,0 days 00:27:55,2025-05,2,False,"-34.6042475°, -58.37352°",-34.6042475,-58.37352
2025-05-21 14:32:50-03:00,2025-05-21 14:58:59-03:00,ChIJSeIQb83KvJUR31HGG_vZTbI,Trabajo Supervielle,0 days 00:26:09,2025-05,2,False,"-34.6043625°, -58.3736067°",-34.6043625,-58.3736067
2025-05-21 15:02:27-03:00,2025-05-21 15:47:22-03:00,ChIJk8GIYAjLvJURT2jfEJYBIGI,UNKNOWN,0 days 00:44:55,2025-05,2,False,"-34.6036651°, -58.377891°",-34.6036651,-58.377891
2025-05-21 15:04:17-03:00,2025-05-21 15:45:47-03:00,ChIJN8zYg87KvJURfbfngMaS8_g,UNKNOWN,0 days 00:41:30,2025-05,2,False,"-34.6035901°, -58.3775817°",-34.6035901,-58.3775817
2025-05-21 15:47:22-03:00,2025-05-21 15:54:28-03:00,ChIJSTGS6M7KvJURVD_z8YjvcIc,UNKNOWN,0 days 00:07:06,2025-05,2,False,"-34.603305°, -58.379438°",-34.603305,-58.379438
2025-05-21 16:02:34-03:00,2025-05-21 18:00:20-03:00,ChIJIxYSMMbKvJURqZGJyCpvOFM,Trabajo Teatro Colon,0 days 01:57:46,2025-05,2,False,"-34.601152°, -58.3833278°",-34.601152,-58.3833278
2025-05-21 19:00:10-03:00,2025-05-22 13:14:00-03:00,ChIJdRmmBA_NvJUROcvrtFw5aqI,INFERRED_HOME,0 days 18:13:50,2025-05,2,False,"-34.7172142°, -58.4094648°",-34.7172142,-58.4094648
2025-05-22 14:11:13-03:00,2025-05-22 17:07:15-03:00,ChIJIxYSMMbKvJURqZGJyCpvOFM,Trabajo Teatro Colon,0 days 02:56:02,2025-05,3,False,"-34.601152°, -58.3833278°",-34.601152,-58.3833278
2025-05-22 18:03:40-03:00,2025-05-22 18:05:28-03:00,ChIJiQDEBCPNvJUR1iaRPp6sr38,UNKNOWN,0 days 00:01:48,2025-05,3,False,"-34.7075419°, -58.3908714°",-34.7075419,-58.3908714
2025-05-22 18:20:08-03:00,2025-05-22 21:04:59-03:00,ChIJdRmmBA_NvJUROcvrtFw5aqI,INFERRED_HOME,0 days 02:44:51,2025-05,3,False,"-34.7172142°, -58.4094648°",-34.7172142,-58.4094648
2025-05-22 21:25:20-03:00,2025-05-23 00:29:54-03:00,ChIJt6mvqZrMvJURwEflIsBKbSQ,Casa madre,0 days 03:04:34,2025-05,3,False,"-34.673936°, -58.4054231°",-34.673936,-58.4054231
2025-05-23 00:39:40-03:00,2025-05-23 08:09:39-03:00,ChIJdRmmBA_NvJUROcvrtFw5aqI,INFERRED_HOME,0 days 07:29:59,2025-05,4,False,"-34.7172142°, -58.4094648°",-34.7172142,-58.4094648
2025-05-23 08:37:57-03:00,2025-05-23 08:51:52-03:00,ChIJLbwJk5XNvJUR-EENUL2B24w,UNKNOWN,0 days 00:13:55,2025-05,4,False,"-34.7072317°, -58.454745°",-34.7072317,-58.454745
2025-05-23 09:59:59-03:00,2025-05-23 10:12:14-03:00,ChIJPbtP4lfKvJURDPKYCQYlUnw,WORK,0 days 00:12:15,2025-05,4,False,"-34.5437271°, -58.5171915°",-34.5437271,-58.5171915
2025-05-23 11:03:26-03:00,2025-05-23 11:30:17-03:00,ChIJdRmmBA_NvJUROcvrtFw5aqI,INFERRED_HOME,0 days 00:26:51,2025-05,4,False,"-34.7172142°, -58.4094648°",-34.7172142,-58.4094648
2025-05-23 11:55:22-03:00,2025-05-23 12:03:13-03:00,ChIJO5OvTjDLvJURn--oIpRP89Q,UNKNOWN,0 days 00:07:51,2025-05,4,False,"-34.6282493°, -58.3804909°",-34.6282493,-58.3804909
2025-05-23 12:03:13-03:00,2025-05-23 13:18:16-03:00,ChIJTan6eanLvJURuUIJCSLkP-I,UNKNOWN,0 days 01:15:03,2025-05,4,False,"-34.6282921°, -58.3908752°",-34.6282921,-58.3908752
2025-05-23 13:39:39-03:00,2025-05-23 15:02:19-03:00,ChIJIxYSMMbKvJURqZGJyCpvOFM,Trabajo Teatro Colon,0 days 01:22:40,2025-05,4,False,"-34.601152°, -58.3833278°",-34.601152,-58.3833278
2025-05-23 15:32:49-03:00,2025-05-23 16:42:54-03:00,ChIJU3a7EZi3vJURCphtwoPxfYs,UNKNOWN,0 days 01:10:05,2025-05,4,False,"-34.5330434°, -58.4688428°",-34.5330434,-58.4688428
2025-05-23 17:05:13-03:00,2025-05-23 17:56:51-03:00,ChIJozcskDQ1o5UR5Oc85yFQ8lE,Trabajo BBVA,0 days 00:51:38,2025-05,4,False,"-34.5975104°, -58.3700036°",-34.5975104,-58.3700036
2025-05-23 18:42:09-03:00,2025-05-23 20:05:50-03:00,ChIJf7aONkjNvJURrAIeUyaagWQ,Casa gonza,0 days 01:23:41,2025-05,4,False,"-34.7177795°, -58.3806658°",-34.7177795,-58.3806658
2025-05-23 20:14:41-03:00,2025-05-23 20:49:11-03:00,ChIJ4f09BKoyo5URRI4Km8H2xVY,Casa pablo,0 days 00:34:30,2025-05,4,False,"-34.7321423°, -58.3664323°",-34.7321423,-58.3664323
2025-05-23 21:02:42-03:00,2025-05-23 21:22:35-03:00,ChIJzzTZP0bNvJURReR99PSgROw,UNKNOWN,0 days 00:19:53,2025-05,4,False,"-34.7118796°, -58.3880599°",-34.7118796,-58.3880599
2025-05-23 21:45:53-03:00,2025-05-24 00:05:57-03:00,ChIJ82zSNSDNvJURrmVwXbm3KHI,Bares Lanusita,0 days 02:20:04,2025-05,4,False,"-34.7026415°, -58.3931525°",-34.7026415,-58.3931525
2025-05-24 00:31:32-03:00,2025-05-24 13:35:26-03:00,ChIJdRmmBA_NvJUROcvrtFw5aqI,INFERRED_HOME,0 days 13:03:54,2025-05,5,True,"-34.7172142°, -58.4094648°",-34.7172142,-58.4094648
2025-05-24 13:47:18-03:00,2025-05-25 15:51:22-03:00,ChIJdRmmBA_NvJUROcvrtFw5aqI,INFERRED_HOME,1 days 02:04:04,2025-05,5,True,"-34.7172142°, -58.4094648°",-34.7172142,-58.4094648
2025-05-25 16:09:24-03:00,2025-05-25 17:23:46-03:00,ChIJvz7XXCczo5UR77oWy5Ylur4,UNKNOWN,0 days 01:14:22,2025-05,6,True,"-34.6891366°, -58.3558804°",-34.6891366,-58.3558804
2025-05-25 17:46:55-03:00,2025-05-25 19:04:40-03:00,ChIJXx79V9vKvJURS2GosE58c8w,UNKNOWN,0 days 01:17:45,2025-05,6,True,"-34.6083667°, -58.3722832°",-34.6083667,-58.3722832
2025-05-25 19:37:00-03:00,2025-05-26 10:38:27-03:00,ChIJdRmmBA_NvJUROcvrtFw5aqI,INFERRED_HOME,0 days 15:01:27,2025-05,6,True,"-34.7172142°, -58.4094648°",-34.7172142,-58.4094648
2025-05-26 11:42:45-03:00,2025-05-26 14:48:26-03:00,ChIJIxYSMMbKvJURqZGJyCpvOFM,Trabajo Teatro Colon,0 days 03:05:41,2025-05,0,False,"-34.601152°, -58.3833278°",-34.601152,-58.3833278
2025-05-26 14:58:18-03:00,2025-05-26 16:02:11-03:00,ChIJWwNBpdLKvJUR0nZKx5c7nq4,Trabajo Galicia,0 days 01:03:53,2025-05,0,False,"-34.6054579°, -58.3724473°",-34.6054579,-58.3724473
2025-05-26 14:59:38-03:00,2025-05-26 15:53:27-03:00,ChIJPaop8M3KvJURbpDWE-rnX6c,Trabajo Galicia,0 days 00:53:49,2025-05,0,False,"-34.6058223°, -58.3726811°",-34.6058223,-58.3726811
2025-05-26 16:11:40-03:00,2025-05-26 16:21:01-03:00,ChIJuZ28VzU1o5UR3yrH7JyU3FM,Trabajo Macro,0 days 00:09:21,2025-05,0,False,"-34.5940986°, -58.3717793°",-34.5940986,-58.3717793
2025-05-26 16:31:45-03:00,2025-05-26 16:58:26-03:00,ChIJS8u27s00o5UR9dtpsV0MFkM,Trabajo Santander,0 days 00:26:41,2025-05,0,False,"-34.6238941°, -58.367137°",-34.6238941,-58.367137
2025-05-26 17:15:08-03:00,2025-05-26 17:50:11-03:00,ChIJ19kvqVkyo5URAacA5RlQKSA,Casa tio,0 days 00:35:03,2025-05,0,False,"-34.6922666°, -58.3227343°",-34.6922666,-58.3227343
2025-05-26 18:14:32-03:00,2025-05-26 19:17:37-03:00,ChIJ4f09BKoyo5URRI4Km8H2xVY,Casa pablo,0 days 01:03:05,2025-05,0,False,"-34.7321423°, -58.3664323°",-34.7321423,-58.3664323
2025-05-26 19:38:22-03:00,2025-05-27 09:56:57-03:00,ChIJdRmmBA_NvJUROcvrtFw5aqI,INFERRED_HOME,0 days 14:18:35,2025-05,0,False,"-34.7172142°, -58.4094648°",-34.7172142,-58.4094648
2025-05-27 11:02:22-03:00,2025-05-27 11:08:26-03:00,ChIJIxYSMMbKvJURqZGJyCpvOFM,Trabajo Teatro Colon,0 days 00:06:04,2025-05,1,False,"-34.601152°, -58.3833278°",-34.601152,-58.3833278
2025-05-27 11:20:39-03:00,2025-05-27 13:12:00-03:00,ChIJ___Pbs3KvJURJtB--4EB8xc,Trabajo Supervielle,0 days 01:51:21,2025-05,1,False,"-34.6042475°, -58.37352°",-34.6042475,-58.37352
2025-05-27 11:20:39-03:00,2025-05-27 13:11:27-03:00,ChIJSeIQb83KvJUR31HGG_vZTbI,Trabajo Supervielle,0 days 01:50:48,2025-05,1,False,"-34.6043625°, -58.3736067°",-34.6043625,-58.3736067
2025-05-27 13:15:04-03:00,2025-05-27 14:27:07-03:00,ChIJW6GqFtPKvJURxFBzSZVSjLM,UNKNOWN,0 days 01:12:03,2025-05,1,False,"-34.6041968°, -58.3715435°",-34.6041968,-58.3715435
2025-05-27 14:39:34-03:00,2025-05-27 16:35:44-03:00,ChIJIxYSMMbKvJURqZGJyCpvOFM,Trabajo Teatro Colon,0 days 01:56:10,2025-05,1,False,"-34.601152°, -58.3833278°",-34.601152,-58.3833278
2025-05-27 16:47:43-03:00,2025-05-27 17:27:11-03:00,ChIJS8u27s00o5UR9dtpsV0MFkM,Trabajo Santander,0 days 00:39:28,2025-05,1,False,"-34.6238941°, -58.367137°",-34.6238941,-58.367137
2025-05-27 17:55:12-03:00,2025-05-27 19:47:48-03:00,ChIJZx0Vv2bJvJURnOgIJXfvXyU,UNKNOWN,0 days 01:52:36,2025-05,1,False,"-34.6596056°, -58.4679756°",-34.6596056,-58.4679756
2025-05-27 18:17:34-03:00,2025-05-27 18:23:10-03:00,ChIJy-h7rpXJvJURE5eQMvENhF4,UNKNOWN,0 days 00:05:36,2025-05,1,False,"-34.6591756°, -58.467277°",-34.6591756,-58.467277
2025-05-27 20:11:32-03:00,2025-05-28 10:20:05-03:00,ChIJdRmmBA_NvJUROcvrtFw5aqI,INFERRED_HOME,0 days 14:08:33,2025-05,1,False,"-34.7172142°, -58.4094648°",-34.7172142,-58.4094648
2025-05-28 11:26:19-03:00,2025-05-28 11:46:17-03:00,ChIJIxYSMMbKvJURqZGJyCpvOFM,Trabajo Teatro Colon,0 days 00:19:58,2025-05,2,False,"-34.601152°, -58.3833278°",-34.601152,-58.3833278
2025-05-28 12:01:53-03:00,2025-05-28 15:47:22-03:00,ChIJuZ28VzU1o5UR3yrH7JyU3FM,Trabajo Macro,0 days 03:45:29,2025-05,2,False,"-34.5940986°, -58.3717793°",-34.5940986,-58.3717793
2025-05-28 16:44:26-03:00,2025-05-28 17:55:58-03:00,ChIJt7S9jc7KvJURKxSfAlOXQYM,UNKNOWN,0 days 01:11:32,2025-05,2,False,"-34.603636°, -58.3785832°",-34.603636,-58.3785832
2025-05-28 19:12:26-03:00,2025-05-29 08:46:48-03:00,ChIJdRmmBA_NvJUROcvrtFw5aqI,INFERRED_HOME,0 days 13:34:22,2025-05,2,False,"-34.7172142°, -58.4094648°",-34.7172142,-58.4094648
2025-05-29 09:27:02-03:00,2025-05-29 10:27:11-03:00,ChIJv4SYfqHUvJURQRSaFjPEblc,UNKNOWN,0 days 01:00:09,2025-05,3,False,"-34.8251151°, -58.3913165°",-34.8251151,-58.3913165
2025-05-29 11:07:35-03:00,2025-05-29 11:36:26-03:00,ChIJF4ImnN_MvJURDnl0dZvW07E,UNKNOWN,0 days 00:28:51,2025-05,3,False,"-34.69912°, -58.39195°",-34.69912,-58.39195
2025-05-29 11:59:53-03:00,2025-05-29 15:40:32-03:00,ChIJTan6eanLvJURuUIJCSLkP-I,UNKNOWN,0 days 03:40:39,2025-05,3,False,"-34.6282921°, -58.3908752°",-34.6282921,-58.3908752
2025-05-29 16:14:02-03:00,2025-05-29 16:34:00-03:00,ChIJuZ28VzU1o5UR3yrH7JyU3FM,Trabajo Macro,0 days 00:19:58,2025-05,3,False,"-34.5940986°, -58.3717793°",-34.5940986,-58.3717793
2025-05-29 16:46:59-03:00,2025-05-29 18:26:48-03:00,ChIJP5wypcbKvJURmATq7KDIEYE,Restaurantes Av Corrientes,0 days 01:39:49,2025-05,3,False,"-34.603666°, -58.3879592°",-34.603666,-58.3879592
2025-05-29 19:36:30-03:00,2025-05-30 10:35:33-03:00,ChIJdRmmBA_NvJUROcvrtFw5aqI,INFERRED_HOME,0 days 14:59:03,2025-05,3,False,"-34.7172142°, -58.4094648°",-34.7172142,-58.4094648
2025-05-30 10:55:57-03:00,2025-05-30 11:31:21-03:00,ChIJZx0Vv2bJvJURnOgIJXfvXyU,UNKNOWN,0 days 00:35:24,2025-05,4,False,"-34.6596056°, -58.4679756°",-34.6596056,-58.4679756
2025-05-30 11:54:50-03:00,2025-05-30 12:17:46-03:00,ChIJPbtP4lfKvJURDPKYCQYlUnw,WORK,0 days 00:22:56,2025-05,4,False,"-34.5437271°, -58.5171915°",-34.5437271,-58.5171915
2025-05-30 13:55:36-03:00,2025-05-30 16:36:37-03:00,ChIJtXFgB83KvJURiaM06_PxOEA,UNKNOWN,0 days 02:41:01,2025-05,4,False,"-34.6033°, -58.37453°",-34.6033,-58.37453
2025-05-30 16:36:37-03:00,2025-05-30 17:14:28-03:00,ChIJ___Pbs3KvJURJtB--4EB8xc,Trabajo Supervielle,0 days 00:37:51,2025-05,4,False,"-34.6042475°, -58.37352°",-34.6042475,-58.37352
2025-05-30 16:40:42-03:00,2025-05-30 17:14:28-03:00,ChIJSeIQb83KvJUR31HGG_vZTbI,Trabajo Supervielle,0 days 00:33:46,2025-05,4,False,"-34.6043625°, -58.3736067°",-34.6043625,-58.3736067
2025-05-30 17:31:56-03:00,2025-05-30 17:39:08-03:00,ChIJUzg-m7TKvJURFFWLi1oLlFA,UNKNOWN,0 days 00:07:12,2025-05,4,False,"-34.589821°, -58.3745173°",-34.589821,-58.3745173
2025-05-30 19:00:42-03:00,2025-05-31 13:27:26-03:00,ChIJdRmmBA_NvJUROcvrtFw5aqI,INFERRED_HOME,0 days 18:26:44,2025-05,4,False,"-34.7172142°, -58.4094648°",-34.7172142,-58.4094648
2025-05-31 13:44:19-03:00,2025-05-31 14:20:09-03:00,ChIJD8SQF5DNvJURNtxm8W6eG0I,Barberia,0 days 00:35:50,2025-05,5,True,"-34.7072503°, -58.3956021°",-34.7072503,-58.3956021
2025-05-31 14:33:14-03:00,2025-05-31 17:26:47-03:00,ChIJefKcn1rMvJURX5zewOyLl4I,Casa abuelos,0 days 02:53:33,2025-05,5,True,"-34.7001003°, -58.4272879°",-34.7001003,-58.4272879
2025-05-31 17:36:04-03:00,2025-06-02 11:51:48-03:00,ChIJdRmmBA_NvJUROcvrtFw5aqI,INFERRED_HOME,1 days 18:15:44,2025-05,5,True,"-34.7172142°, -58.4094648°",-34.7172142,-58.4094648
2025-06-02 12:49:55-03:00,2025-06-02 13:55:55-03:00,ChIJIxYSMMbKvJURqZGJyCpvOFM,Trabajo Teatro Colon,0 days 01:06:00,2025-06,0,False,"-34.601152°, -58.3833278°",-34.601152,-58.3833278
2025-06-02 14:07:30-03:00,2025-06-02 15:03:57-03:00,ChIJocgARc3KvJURnPRTacWXgyw,Trabajo Supervielle,0 days 00:56:27,2025-06,0,False,"-34.604063°, -58.3726415°",-34.604063,-58.3726415
2025-06-02 14:46:54-03:00,2025-06-02 15:03:57-03:00,ChIJ4TGkXM3KvJURpbvUE5llvJE,Trabajo Supervielle,0 days 00:17:03,2025-06,0,False,"-34.6042478°, -58.3724722°",-34.6042478,-58.3724722
2025-06-02 15:07:57-03:00,2025-06-02 16:18:16-03:00,ChIJKWhO6MjKvJURw4ntKq5W_7E,UNKNOWN,0 days 01:10:19,2025-06,0,False,"-34.6074014°, -58.3723446°",-34.6074014,-58.3723446
2025-06-02 16:22:16-03:00,2025-06-02 16:59:34-03:00,ChIJ___Pbs3KvJURJtB--4EB8xc,Trabajo Supervielle,0 days 00:37:18,2025-06,0,False,"-34.6042475°, -58.37352°",-34.6042475,-58.37352
2025-06-02 16:22:16-03:00,2025-06-02 16:58:47-03:00,ChIJSeIQb83KvJUR31HGG_vZTbI,Trabajo Supervielle,0 days 00:36:31,2025-06,0,False,"-34.6043625°, -58.3736067°",-34.6043625,-58.3736067
2025-06-02 17:08:10-03:00,2025-06-02 17:17:04-03:00,ChIJUzg-m7TKvJURFFWLi1oLlFA,UNKNOWN,0 days 00:08:54,2025-06,0,False,"-34.589821°, -58.3745173°",-34.589821,-58.3745173
2025-06-02 18:34:08-03:00,2025-06-03 10:18:31-03:00,ChIJdRmmBA_NvJUROcvrtFw5aqI,INFERRED_HOME,0 days 15:44:23,2025-06,0,False,"-34.7172142°, -58.4094648°",-34.7172142,-58.4094648
2025-06-03 10:25:06-03:00,2025-06-03 10:33:51-03:00,ChIJMzGlxw_NvJUR0UobwG_mK24,UNKNOWN,0 days 00:08:45,2025-06,1,False,"-34.7162°, -58.40728°",-34.7162,-58.40728
2025-06-03 11:18:44-03:00,2025-06-03 12:02:53-03:00,ChIJIxYSMMbKvJURqZGJyCpvOFM,Trabajo Teatro Colon,0 days 00:44:09,2025-06,1,False,"-34.601152°, -58.3833278°",-34.601152,-58.3833278
2025-06-03 12:12:45-03:00,2025-06-03 12:14:37-03:00,ChIJ63CXLczKvJUR2tVmAr22lbY,UNKNOWN,0 days 00:01:52,2025-06,1,False,"-34.6032039°, -58.37691°",-34.6032039,-58.37691
2025-06-03 12:14:37-03:00,2025-06-03 12:49:35-03:00,ChIJ1WvoxM3KvJURaJFpWZzt2gM,SEARCHED_ADDRESS,0 days 00:34:58,2025-06,1,False,"-34.6043743°, -58.3767386°",-34.6043743,-58.3767386
2025-06-03 13:02:08-03:00,2025-06-03 15:04:26-03:00,ChIJIxYSMMbKvJURqZGJyCpvOFM,Trabajo Teatro Colon,0 days 02:02:18,2025-06,1,False,"-34.601152°, -58.3833278°",-34.601152,-58.3833278
2025-06-03 15:15:44-03:00,2025-06-03 16:15:09-03:00,ChIJuZ28VzU1o5UR3yrH7JyU3FM,Trabajo Macro,0 days 00:59:25,2025-06,1,False,"-34.5940986°, -58.3717793°",-34.5940986,-58.3717793
2025-06-03 16:21:02-03:00,2025-06-03 16:30:28-03:00,ChIJUzg-m7TKvJURFFWLi1oLlFA,UNKNOWN,0 days 00:09:26,2025-06,1,False,"-34.589821°, -58.3745173°",-34.589821,-58.3745173
2025-06-03 17:40:45-03:00,2025-06-04 10:54:33-03:00,ChIJdRmmBA_NvJUROcvrtFw5aqI,INFERRED_HOME,0 days 17:13:48,2025-06,1,False,"-34.7172142°, -58.4094648°",-34.7172142,-58.4094648
2025-06-04 12:06:12-03:00,2025-06-04 12:48:43-03:00,ChIJy2BOQC01o5URXFyV9srDs4g,Trabajo Columbia,0 days 00:42:31,2025-06,2,False,"-34.6053533°, -58.3713811°",-34.6053533,-58.3713811
2025-06-04 12:08:12-03:00,2025-06-04 12:44:08-03:00,ChIJR6JlWM3KvJURZnkignJSQvs,Trabajo Columbia,0 days 00:35:56,2025-06,2,False,"-34.6053215°, -58.3712088°",-34.6053215,-58.3712088
2025-06-04 12:50:43-03:00,2025-06-04 15:07:16-03:00,ChIJWwNBpdLKvJUR0nZKx5c7nq4,Trabajo Galicia,0 days 02:16:33,2025-06,2,False,"-34.6054579°, -58.3724473°",-34.6054579,-58.3724473
2025-06-04 13:02:53-03:00,2025-06-04 15:02:07-03:00,ChIJPaop8M3KvJURbpDWE-rnX6c,Trabajo Galicia,0 days 01:59:14,2025-06,2,False,"-34.6058223°, -58.3726811°",-34.6058223,-58.3726811
2025-06-04 15:16:23-03:00,2025-06-04 16:08:55-03:00,ChIJl380VXrLvJURB9EwV6zsaUE,UNKNOWN,0 days 00:52:32,2025-06,2,False,"-34.6033175°, -58.3777068°",-34.6033175,-58.3777068
2025-06-04 16:16:56-03:00,2025-06-04 16:27:54-03:00,ChIJIxYSMMbKvJURqZGJyCpvOFM,Trabajo Teatro Colon,0 days 00:10:58,2025-06,2,False,"-34.601152°, -58.3833278°",-34.601152,-58.3833278
2025-06-04 17:10:32-03:00,2025-06-04 17:19:58-03:00,ChIJiQDEBCPNvJUR1iaRPp6sr38,UNKNOWN,0 days 00:09:26,2025-06,2,False,"-34.7075567°, -58.3908743°",-34.7075567,-58.3908743
2025-06-04 17:24:27-03:00,2025-06-04 18:35:49-03:00,ChIJ6We3NT3NvJUR91g3Rv4Idik,UNKNOWN,0 days 01:11:22,2025-06,2,False,"-34.7107913°, -58.3925716°",-34.7107913,-58.3925716
2025-06-04 18:54:12-03:00,2025-06-05 09:44:54-03:00,ChIJdRmmBA_NvJUROcvrtFw5aqI,INFERRED_HOME,0 days 14:50:42,2025-06,2,False,"-34.7172142°, -58.4094648°",-34.7172142,-58.4094648
2025-06-05 11:13:58-03:00,2025-06-05 12:49:41-03:00,ChIJuZ28VzU1o5UR3yrH7JyU3FM,Trabajo Macro,0 days 01:35:43,2025-06,3,False,"-34.5940986°, -58.3717793°",-34.5940986,-58.3717793
2025-06-05 13:11:21-03:00,2025-06-05 13:39:04-03:00,ChIJKyzoRS01o5URxY4l0iCdu7I,Trabajo Columbia,0 days 00:27:43,2025-06,3,False,"-34.6052778°, -58.3708333°",-34.6052778,-58.3708333
2025-06-05 13:11:21-03:00,2025-06-05 13:39:04-03:00,ChIJYzmPTy01o5URVHM001Eb5QY,Trabajo Columbia,0 days 00:27:43,2025-06,3,False,"-34.6053094°, -58.37084°",-34.6053094,-58.37084
2025-06-05 13:39:04-03:00,2025-06-05 16:32:51-03:00,ChIJAbKio4PLvJUR_b12PG-f6h0,Trabajo Galicia,0 days 02:53:47,2025-06,3,False,"-34.6063119°, -58.373434°",-34.6063119,-58.373434
2025-06-05 13:39:04-03:00,2025-06-05 14:15:16-03:00,ChIJeUQSVw3LvJURb3VlD4dceEM,Trabajo Galicia,0 days 00:36:12,2025-06,3,False,"-34.6063119°, -58.373434°",-34.6063119,-58.373434
2025-06-05 16:42:16-03:00,2025-06-05 16:50:32-03:00,ChIJAYdZgzI1o5URUlEv3u3nFP8,UNKNOWN,0 days 00:08:16,2025-06,3,False,"-34.6036119°, -58.3697291°",-34.6036119,-58.3697291
2025-06-05 16:55:51-03:00,2025-06-05 17:05:14-03:00,ChIJUzg-m7TKvJURFFWLi1oLlFA,UNKNOWN,0 days 00:09:23,2025-06,3,False,"-34.589821°, -58.3745173°",-34.589821,-58.3745173
2025-06-05 18:20:14-03:00,2025-06-06 10:04:15-03:00,ChIJdRmmBA_NvJUROcvrtFw5aqI,INFERRED_HOME,0 days 15:44:01,2025-06,3,False,"-34.7172142°, -58.4094648°",-34.7172142,-58.4094648
2025-06-06 11:03:53-03:00,2025-06-06 14:37:35-03:00,ChIJIxYSMMbKvJURqZGJyCpvOFM,Trabajo Teatro Colon,0 days 03:33:42,2025-06,4,False,"-34.601152°, -58.3833278°",-34.601152,-58.3833278
2025-06-06 14:51:53-03:00,2025-06-06 15:05:10-03:00,ChIJeZBdPczKvJUR0HBJJSy2NiI,UNKNOWN,0 days 00:13:17,2025-06,4,False,"-34.6022372°, -58.3764792°",-34.6022372,-58.3764792
2025-06-06 15:20:04-03:00,2025-06-06 16:01:17-03:00,ChIJozcskDQ1o5UR5Oc85yFQ8lE,Trabajo BBVA,0 days 00:41:13,2025-06,4,False,"-34.5975104°, -58.3700036°",-34.5975104,-58.3700036
2025-06-06 16:05:18-03:00,2025-06-06 16:44:57-03:00,ChIJuZ28VzU1o5UR3yrH7JyU3FM,Trabajo Macro,0 days 00:39:39,2025-06,4,False,"-34.5940986°, -58.3717793°",-34.5940986,-58.3717793
2025-06-06 16:49:09-03:00,2025-06-06 16:53:09-03:00,ChIJUzg-m7TKvJURFFWLi1oLlFA,UNKNOWN,0 days 00:04:00,2025-06,4,False,"-34.589821°, -58.3745173°",-34.589821,-58.3745173
2025-06-06 18:13:03-03:00,2025-06-07 14:04:38-03:00,ChIJdRmmBA_NvJUROcvrtFw5aqI,INFERRED_HOME,0 days 19:51:35,2025-06,4,False,"-34.7172142°, -58.4094648°",-34.7172142,-58.4094648
2025-06-07 14:05:45-03:00,2025-06-07 14:49:31-03:00,ChIJD8SQF5DNvJURNtxm8W6eG0I,Barberia,0 days 00:43:46,2025-06,5,True,"-34.7072503°, -58.3956021°",-34.7072503,-58.3956021
2025-06-07 15:22:01-03:00,2025-06-07 17:22:22-03:00,ChIJefKcn1rMvJURX5zewOyLl4I,Casa abuelos,0 days 02:00:21,2025-06,5,True,"-34.7001003°, -58.4272879°",-34.7001003,-58.4272879
2025-06-07 17:22:22-03:00,2025-06-08 17:00:48-03:00,ChIJdRmmBA_NvJUROcvrtFw5aqI,INFERRED_HOME,0 days 23:38:26,2025-06,5,True,"-34.7172142°, -58.4094648°",-34.7172142,-58.4094648
2025-06-08 17:14:35-03:00,2025-06-08 19:55:44-03:00,ChIJsaEXlWnNvJURFPyuo5Dmfew,Bares Lanusita,0 days 02:41:09,2025-06,6,True,"-34.7043361°, -58.3933773°",-34.7043361,-58.3933773
2025-06-08 19:55:44-03:00,2025-06-09 09:44:50-03:00,ChIJdRmmBA_NvJUROcvrtFw5aqI,INFERRED_HOME,0 days 13:49:06,2025-06,6,True,"-34.7172142°, -58.4094648°",-34.7172142,-58.4094648
2025-06-09 10:43:15-03:00,2025-06-09 12:16:31-03:00,ChIJT-ybv9LKvJURHb0Ku5piHEA,Trabajo Galicia,0 days 01:33:16,2025-06,0,False,"-34.6058223°, -58.3726811°",-34.6058223,-58.3726811
2025-06-09 12:16:31-03:00,2025-06-09 12:40:15-03:00,ChIJeZBdPczKvJUR0HBJJSy2NiI,UNKNOWN,0 days 00:23:44,2025-06,0,False,"-34.6022372°, -58.3764792°",-34.6022372,-58.3764792
2025-06-09 12:52:15-03:00,2025-06-09 16:50:00-03:00,ChIJIxYSMMbKvJURqZGJyCpvOFM,Trabajo Teatro Colon,0 days 03:57:45,2025-06,0,False,"-34.601152°, -58.3833278°",-34.601152,-58.3833278
2025-06-09 17:49:51-03:00,2025-06-10 10:50:47-03:00,ChIJdRmmBA_NvJUROcvrtFw5aqI,INFERRED_HOME,0 days 17:00:56,2025-06,0,False,"-34.7172142°, -58.4094648°",-34.7172142,-58.4094648
2025-06-10 11:05:14-03:00,2025-06-10 11:18:29-03:00,ChIJiQDEBCPNvJUR1iaRPp6sr38,UNKNOWN,0 days 00:13:15,2025-06,1,False,"-34.7075567°, -58.3908743°",-34.7075567,-58.3908743
2025-06-10 11:37:18-03:00,2025-06-10 12:18:39-03:00,ChIJO5OvTjDLvJURn--oIpRP89Q,UNKNOWN,0 days 00:41:21,2025-06,1,False,"-34.6282493°, -58.3804909°",-34.6282493,-58.3804909
2025-06-10 12:24:40-03:00,2025-06-10 13:59:03-03:00,ChIJS8u27s00o5UR9dtpsV0MFkM,Trabajo Santander,0 days 01:34:23,2025-06,1,False,"-34.6238941°, -58.367137°",-34.6238941,-58.367137
2025-06-10 14:22:49-03:00,2025-06-10 16:05:27-03:00,ChIJiaHxJ8bKvJURXZQ0dg7Bdbg,Trabajo Teatro Colon,0 days 01:42:38,2025-06,1,False,"-34.6010789°, -58.3831346°",-34.6010789,-58.3831346
2025-06-10 17:01:07-03:00,2025-06-10 22:18:29-03:00,ChIJdRmmBA_NvJUROcvrtFw5aqI,INFERRED_HOME,0 days 05:17:22,2025-06,1,False,"-34.7172142°, -58.4094648°",-34.7172142,-58.4094648
2025-06-10 22:52:46-03:00,2025-06-10 23:23:49-03:00,ChIJIxYSMMbKvJURqZGJyCpvOFM,Trabajo Teatro Colon,0 days 00:31:03,2025-06,1,False,"-34.601152°, -58.3833278°",-34.601152,-58.3833278
2025-06-10 23:45:50-03:00,2025-06-11 10:49:52-03:00,ChIJdRmmBA_NvJUROcvrtFw5aqI,INFERRED_HOME,0 days 11:04:02,2025-06,1,False,"-34.7172142°, -58.4094648°",-34.7172142,-58.4094648
2025-06-11 11:43:06-03:00,2025-06-11 15:13:49-03:00,ChIJuZ28VzU1o5UR3yrH7JyU3FM,Trabajo Macro,0 days 03:30:43,2025-06,2,False,"-34.5940986°, -58.3717793°",-34.5940986,-58.3717793
2025-06-11 15:20:41-03:00,2025-06-11 16:33:43-03:00,ChIJozcskDQ1o5UR5Oc85yFQ8lE,Trabajo BBVA,0 days 01:13:02,2025-06,2,False,"-34.5975104°, -58.3700036°",-34.5975104,-58.3700036
2025-06-11 15:45:51-03:00,2025-06-11 16:22:46-03:00,ChIJNQWOvzQ1o5URDBWv93Fy7E8,Trabajo BBVA,0 days 00:36:55,2025-06,2,False,"-34.5980091°, -58.3703613°",-34.5980091,-58.3703613
2025-06-11 18:08:51-03:00,2025-06-12 09:19:45-03:00,ChIJdRmmBA_NvJUROcvrtFw5aqI,INFERRED_HOME,0 days 15:10:54,2025-06,2,False,"-34.7172142°, -58.4094648°",-34.7172142,-58.4094648
2025-06-12 09:19:45-03:00,2025-06-12 09:31:32-03:00,ChIJMzGlxw_NvJUR0UobwG_mK24,UNKNOWN,0 days 00:11:47,2025-06,3,False,"-34.7162°, -58.40728°",-34.7162,-58.40728
2025-06-12 10:37:59-03:00,2025-06-12 12:26:19-03:00,ChIJozcskDQ1o5UR5Oc85yFQ8lE,Trabajo BBVA,0 days 01:48:20,2025-06,3,False,"-34.5975104°, -58.3700036°",-34.5975104,-58.3700036
2025-06-12 12:38:58-03:00,2025-06-12 12:44:11-03:00,ChIJT4Ux0NLKvJURaCmj-8kWn14,Trabajo Galicia,0 days 00:05:13,2025-06,3,False,"-34.6064809°, -58.37203°",-34.6064809,-58.37203
2025-06-12 13:03:16-03:00,2025-06-12 15:53:14-03:00,ChIJIxYSMMbKvJURqZGJyCpvOFM,Trabajo Teatro Colon,0 days 02:49:58,2025-06,3,False,"-34.601152°, -58.3833278°",-34.601152,-58.3833278
2025-06-12 16:10:23-03:00,2025-06-12 17:00:14-03:00,ChIJXx79V9vKvJURS2GosE58c8w,UNKNOWN,0 days 00:49:51,2025-06,3,False,"-34.6083667°, -58.3722832°",-34.6083667,-58.3722832
2025-06-12 17:21:00-03:00,2025-06-12 17:26:25-03:00,ChIJUzg-m7TKvJURFFWLi1oLlFA,UNKNOWN,0 days 00:05:25,2025-06,3,False,"-34.589821°, -58.3745173°",-34.589821,-58.3745173
2025-06-12 18:47:29-03:00,2025-06-12 22:15:57-03:00,ChIJdRmmBA_NvJUROcvrtFw5aqI,INFERRED_HOME,0 days 03:28:28,2025-06,3,False,"-34.7172142°, -58.4094648°",-34.7172142,-58.4094648
2025-06-12 22:22:31-03:00,2025-06-12 22:26:33-03:00,ChIJiQDEBCPNvJUR1iaRPp6sr38,UNKNOWN,0 days 00:04:02,2025-06,3,False,"-34.7075567°, -58.3908743°",-34.7075567,-58.3908743
2025-06-12 22:41:07-03:00,2025-06-13 00:12:51-03:00,ChIJt6mvqZrMvJURwEflIsBKbSQ,Casa madre,0 days 01:31:44,2025-06,3,False,"-34.673936°, -58.4054231°",-34.673936,-58.4054231
2025-06-13 00:12:51-03:00,2025-06-13 08:03:12-03:00,ChIJdRmmBA_NvJUROcvrtFw5aqI,INFERRED_HOME,0 days 07:50:21,2025-06,4,False,"-34.7172142°, -58.4094648°",-34.7172142,-58.4094648
2025-06-13 09:42:09-03:00,2025-06-13 12:24:17-03:00,ChIJPbtP4lfKvJURDPKYCQYlUnw,WORK,0 days 02:42:08,2025-06,4,False,"-34.5436434°, -58.5172221°",-34.5436434,-58.5172221
2025-06-13 13:49:45-03:00,2025-06-13 15:38:38-03:00,ChIJIxYSMMbKvJURqZGJyCpvOFM,Trabajo Teatro Colon,0 days 01:48:53,2025-06,4,False,"-34.601152°, -58.3833278°",-34.601152,-58.3833278
2025-06-13 16:03:29-03:00,2025-06-13 16:34:31-03:00,ChIJt7S9jc7KvJURKxSfAlOXQYM,UNKNOWN,0 days 00:31:02,2025-06,4,False,"-34.603636°, -58.3785832°",-34.603636,-58.3785832
2025-06-13 16:43:07-03:00,2025-06-13 17:55:29-03:00,ChIJ8biosyw1o5URnEjH7AYBR4M,UNKNOWN,0 days 01:12:22,2025-06,4,False,"-34.6087°, -58.37149°",-34.6087,-58.37149
2025-06-13 18:19:11-03:00,2025-06-13 18:33:13-03:00,ChIJUzg-m7TKvJURFFWLi1oLlFA,UNKNOWN,0 days 00:14:02,2025-06,4,False,"-34.589821°, -58.3745173°",-34.589821,-58.3745173
2025-06-13 19:40:04-03:00,2025-06-14 13:46:00-03:00,ChIJdRmmBA_NvJUROcvrtFw5aqI,INFERRED_HOME,0 days 18:05:56,2025-06,4,False,"-34.7172142°, -58.4094648°",-34.7172142,-58.4094648
2025-06-14 13:58:27-03:00,2025-06-14 15:00:57-03:00,ChIJD8SQF5DNvJURNtxm8W6eG0I,Barberia,0 days 01:02:30,2025-06,5,True,"-34.7072503°, -58.3956021°",-34.7072503,-58.3956021
2025-06-14 15:00:57-03:00,2025-06-14 15:12:35-03:00,ChIJzZnZQCLNvJURqLLk5fKg0mk,UNKNOWN,0 days 00:11:38,2025-06,5,True,"-34.70675°, -58.39278°",-34.70675,-58.39278
2025-06-14 15:18:44-03:00,2025-06-15 12:04:10-03:00,ChIJdRmmBA_NvJUROcvrtFw5aqI,INFERRED_HOME,0 days 20:45:26,2025-06,5,True,"-34.7172142°, -58.4094648°",-34.7172142,-58.4094648
2025-06-15 12:05:29-03:00,2025-06-15 14:39:00-03:00,ChIJzfj9khLNvJUR1kujk8iMDEA,UNKNOWN,0 days 02:33:31,2025-06,6,True,"-34.7221603°, -58.4048347°",-34.7221603,-58.4048347
2025-06-15 12:05:29-03:00,2025-06-15 14:39:00-03:00,ChIJY6F85RLNvJURlLoiqySiMKQ,UNKNOWN,0 days 02:33:31,2025-06,6,True,"-34.7216199°, -58.4037619°",-34.7216199,-58.4037619
2025-06-15 14:51:33-03:00,2025-06-15 21:53:09-03:00,ChIJdRmmBA_NvJUROcvrtFw5aqI,INFERRED_HOME,0 days 07:01:36,2025-06,6,True,"-34.7172142°, -58.4094648°",-34.7172142,-58.4094648
2025-06-15 22:29:56-03:00,2025-06-16 12:33:33-03:00,ChIJtzTsS7U0o5URVC57d4pc-5w,UNKNOWN,0 days 14:03:37,2025-06,6,True,"-34.6353492°, -58.371384°",-34.6353492,-58.371384
2025-06-16 13:06:57-03:00,2025-06-16 13:13:53-03:00,ChIJw8yfLEXMvJUR1gwgcEQqYOA,Casa abuelos,0 days 00:06:56,2025-06,0,False,"-34.6985171°, -58.4285442°",-34.6985171,-58.4285442
2025-06-16 13:19:53-03:00,2025-06-16 16:25:33-03:00,ChIJc76vqlrMvJUR2rFJ_9-mceM,Casa abuelos,0 days 03:05:40,2025-06,0,False,"-34.70057°, -58.42861°",-34.70057,-58.42861
2025-06-16 16:37:04-03:00,2025-06-17 09:55:43-03:00,ChIJdRmmBA_NvJUROcvrtFw5aqI,INFERRED_HOME,0 days 17:18:39,2025-06,0,False,"-34.7172142°, -58.4094648°",-34.7172142,-58.4094648
2025-06-17 11:36:46-03:00,2025-06-17 12:42:22-03:00,ChIJHfhHd7_KvJURzEfRu0enItg,UNKNOWN,0 days 01:05:36,2025-06,1,False,"-34.5998079°, -58.3912415°",-34.5998079,-58.3912415
2025-06-17 12:57:00-03:00,2025-06-17 13:38:53-03:00,ChIJ5TzWetLKvJURxzt1cDvPF-k,UNKNOWN,0 days 00:41:53,2025-06,1,False,"-34.6060778°, -58.3750133°",-34.6060778,-58.3750133
2025-06-17 12:57:00-03:00,2025-06-17 13:03:25-03:00,ChIJ8XX5ZNLKvJURhBlONCcgvEo,Trabajo ICBC,0 days 00:06:25,2025-06,1,False,"-34.6062556°, -58.3749899°",-34.6062556,-58.3749899
2025-06-17 13:07:08-03:00,2025-06-17 13:38:53-03:00,ChIJ78DDADHLvJURiYIvUAClLyY,UNKNOWN,0 days 00:31:45,2025-06,1,False,"-34.6061687°, -58.3737847°",-34.6061687,-58.3737847
2025-06-17 13:38:53-03:00,2025-06-17 13:56:21-03:00,ChIJ6UXWTy01o5URRRYeyMZm_QI,Trabajo Columbia,0 days 00:17:28,2025-06,1,False,"-34.6047587°, -58.3711958°",-34.6047587,-58.3711958
2025-06-17 14:09:03-03:00,2025-06-17 14:45:04-03:00,ChIJc7-x9tLKvJUR6wkVpplFL9c,Trabajo ICBC,0 days 00:36:01,2025-06,1,False,"-34.6068722°, -58.3743955°",-34.6068722,-58.3743955
2025-06-17 14:46:24-03:00,2025-06-17 16:04:40-03:00,ChIJ-5b1MtLKvJUR_MRYyAEgpow,UNKNOWN,0 days 01:18:16,2025-06,1,False,"-34.6083322°, -58.3766457°",-34.6083322,-58.3766457
2025-06-17 14:46:24-03:00,2025-06-17 16:04:40-03:00,ChIJAxcRzNPKvJURdTfUenR6Yxg,UNKNOWN,0 days 01:18:16,2025-06,1,False,"-34.6085502°, -58.3766474°",-34.6085502,-58.3766474
2025-06-17 16:21:08-03:00,2025-06-17 16:28:52-03:00,ChIJUzg-m7TKvJURFFWLi1oLlFA,UNKNOWN,0 days 00:07:44,2025-06,1,False,"-34.589821°, -58.3745173°",-34.589821,-58.3745173
2025-06-17 17:39:14-03:00,2025-06-18 09:26:08-03:00,ChIJdRmmBA_NvJUROcvrtFw5aqI,INFERRED_HOME,0 days 15:46:54,2025-06,1,False,"-34.7172142°, -58.4094648°",-34.7172142,-58.4094648
2025-06-18 09:49:00-03:00,2025-06-18 09:54:07-03:00,ChIJiQDEBCPNvJUR1iaRPp6sr38,UNKNOWN,0 days 00:05:07,2025-06,2,False,"-34.7075567°, -58.3908743°",-34.7075567,-58.3908743
2025-06-18 10:16:35-03:00,2025-06-18 10:21:05-03:00,ChIJC-COMCjLvJURvGt0t-UtDkY,UNKNOWN,0 days 00:04:30,2025-06,2,False,"-34.6179521°, -58.3815784°",-34.6179521,-58.3815784
2025-06-18 10:36:15-03:00,2025-06-18 12:50:27-03:00,ChIJPeR729LKvJURUvVGCV7i2rQ,Trabajo Galicia,0 days 02:14:12,2025-06,2,False,"-34.6064033°, -58.3733386°",-34.6064033,-58.3733386
2025-06-18 12:57:25-03:00,2025-06-18 13:58:02-03:00,ChIJ5TzWetLKvJURxzt1cDvPF-k,UNKNOWN,0 days 01:00:37,2025-06,2,False,"-34.6060778°, -58.3750133°",-34.6060778,-58.3750133
2025-06-18 12:57:25-03:00,2025-06-18 13:09:18-03:00,ChIJ8XX5ZNLKvJURhBlONCcgvEo,Trabajo ICBC,0 days 00:11:53,2025-06,2,False,"-34.6062556°, -58.3749899°",-34.6062556,-58.3749899
2025-06-18 13:10:15-03:00,2025-06-18 13:58:02-03:00,ChIJu4ubkdLKvJUReCD5EvsEjMU,UNKNOWN,0 days 00:47:47,2025-06,2,False,"-34.6060581°, -58.3749897°",-34.6060581,-58.3749897
2025-06-18 14:19:25-03:00,2025-06-18 14:50:38-03:00,ChIJTSsxGTM1o5UR4oT6JUqoa1g,UNKNOWN,0 days 00:31:13,2025-06,2,False,"-34.6012081°, -58.3697565°",-34.6012081,-58.3697565
2025-06-18 15:04:49-03:00,2025-06-18 15:30:41-03:00,ChIJd6gcms7KvJURnDt3x5VLm54,UNKNOWN,0 days 00:25:52,2025-06,2,False,"-34.6030182°, -58.377952°",-34.6030182,-58.377952
2025-06-18 15:48:37-03:00,2025-06-18 17:01:01-03:00,ChIJr_waC8vKvJURnJ45T8-lU40,UNKNOWN,0 days 01:12:24,2025-06,2,False,"-34.5992496°, -58.3747789°",-34.5992496,-58.3747789
2025-06-18 15:48:37-03:00,2025-06-18 16:01:15-03:00,ChIJjccZaMzKvJURgNXHTITudk4,UNKNOWN,0 days 00:12:38,2025-06,2,False,"-34.5995961°, -58.3752693°",-34.5995961,-58.3752693
2025-06-18 16:06:02-03:00,2025-06-18 16:14:43-03:00,ChIJ0y-hd8vKvJURmCZCOz4X3e4,UNKNOWN,0 days 00:08:41,2025-06,2,False,"-34.5996551°, -58.3743786°",-34.5996551,-58.3743786
2025-06-18 16:16:55-03:00,2025-06-18 16:53:50-03:00,ChIJv4lMZBjLvJURJ-Hn21x76XI,UNKNOWN,0 days 00:36:55,2025-06,2,False,"-34.5988142°, -58.3753074°",-34.5988142,-58.3753074
2025-06-18 18:04:00-03:00,2025-06-19 09:55:38-03:00,ChIJdRmmBA_NvJUROcvrtFw5aqI,INFERRED_HOME,0 days 15:51:38,2025-06,2,False,"-34.7172142°, -58.4094648°",-34.7172142,-58.4094648
2025-06-19 11:05:47-03:00,2025-06-19 13:48:40-03:00,ChIJuZ28VzU1o5UR3yrH7JyU3FM,Trabajo Macro,0 days 02:42:53,2025-06,3,False,"-34.5940986°, -58.3717793°",-34.5940986,-58.3717793
2025-06-19 13:59:25-03:00,2025-06-19 15:12:44-03:00,ChIJozcskDQ1o5UR5Oc85yFQ8lE,Trabajo BBVA,0 days 01:13:19,2025-06,3,False,"-34.5975104°, -58.3700036°",-34.5975104,-58.3700036
2025-06-19 15:16:36-03:00,2025-06-19 15:43:50-03:00,ChIJlWIqu8zKvJURz40NYbdKDHo,UNKNOWN,0 days 00:27:14,2025-06,3,False,"-34.6005322°, -58.371004°",-34.6005322,-58.371004
2025-06-19 15:53:26-03:00,2025-06-19 17:29:55-03:00,ChIJAbKio4PLvJUR_b12PG-f6h0,Trabajo Galicia,0 days 01:36:29,2025-06,3,False,"-34.6063119°, -58.373434°",-34.6063119,-58.373434
2025-06-19 17:35:35-03:00,2025-06-19 17:38:26-03:00,ChIJM8WPcNPKvJURBgbvcN8-nPg,UNKNOWN,0 days 00:02:51,2025-06,3,False,"-34.60958°, -58.37405°",-34.60958,-58.37405
2025-06-19 17:52:18-03:00,2025-06-19 17:57:36-03:00,ChIJUzg-m7TKvJURFFWLi1oLlFA,UNKNOWN,0 days 00:05:18,2025-06,3,False,"-34.589821°, -58.3745173°",-34.589821,-58.3745173
2025-06-19 19:16:16-03:00,2025-06-19 21:55:09-03:00,ChIJdRmmBA_NvJUROcvrtFw5aqI,INFERRED_HOME,0 days 02:38:53,2025-06,3,False,"-34.7172142°, -58.4094648°",-34.7172142,-58.4094648
2025-06-19 22:12:34-03:00,2025-06-19 22:33:17-03:00,ChIJiQDEBCPNvJUR1iaRPp6sr38,UNKNOWN,0 days 00:20:43,2025-06,3,False,"-34.7075567°, -58.3908743°",-34.7075567,-58.3908743
2025-06-19 22:53:30-03:00,2025-06-20 01:15:18-03:00,ChIJt6mvqZrMvJURwEflIsBKbSQ,Casa madre,0 days 02:21:48,2025-06,3,False,"-34.673936°, -58.4054231°",-34.673936,-58.4054231
2025-06-20 01:31:38-03:00,2025-06-20 11:54:10-03:00,ChIJdRmmBA_NvJUROcvrtFw5aqI,INFERRED_HOME,0 days 10:22:32,2025-06,4,False,"-34.7172142°, -58.4094648°",-34.7172142,-58.4094648
2025-06-20 11:55:34-03:00,2025-06-20 12:12:59-03:00,ChIJod24JQ7NvJURhERyxJTxKfQ,UNKNOWN,0 days 00:17:25,2025-06,4,False,"-34.7173693°, -58.4062157°",-34.7173693,-58.4062157
2025-06-20 12:19:10-03:00,2025-06-20 21:32:41-03:00,ChIJdRmmBA_NvJUROcvrtFw5aqI,INFERRED_HOME,0 days 09:13:31,2025-06,4,False,"-34.7172142°, -58.4094648°",-34.7172142,-58.4094648
2025-06-20 21:40:04-03:00,2025-06-21 04:01:14-03:00,ChIJBV7lDabNvJURPum679KDbXQ,UNKNOWN,0 days 06:21:10,2025-06,4,False,"-34.7118845°, -58.388054°",-34.7118845,-58.388054
2025-06-21 04:14:21-03:00,2025-06-21 13:50:56-03:00,ChIJdRmmBA_NvJUROcvrtFw5aqI,INFERRED_HOME,0 days 09:36:35,2025-06,5,True,"-34.7172142°, -58.4094648°",-34.7172142,-58.4094648
2025-06-21 18:00:13-03:00,2025-06-22 17:17:24-03:00,ChIJdRmmBA_NvJUROcvrtFw5aqI,INFERRED_HOME,0 days 23:17:11,2025-06,5,True,"-34.7172142°, -58.4094648°",-34.7172142,-58.4094648
2025-06-22 17:31:11-03:00,2025-06-22 18:11:02-03:00,ChIJ-Y94UV7MvJURH6zYGyyS6G0,UNKNOWN,0 days 00:39:51,2025-06,6,True,"-34.6909627°, -58.4198285°",-34.6909627,-58.4198285
2025-06-22 18:36:20-03:00,2025-06-23 10:25:24-03:00,ChIJdRmmBA_NvJUROcvrtFw5aqI,INFERRED_HOME,0 days 15:49:04,2025-06,6,True,"-34.7172142°, -58.4094648°",-34.7172142,-58.4094648
2025-06-23 10:36:28-03:00,2025-06-23 10:42:28-03:00,ChIJMzGlxw_NvJUR0UobwG_mK24,UNKNOWN,0 days 00:06:00,2025-06,0,False,"-34.7162°, -58.40728°",-34.7162,-58.40728
2025-06-23 11:36:46-03:00,2025-06-23 13:20:19-03:00,ChIJIxYSMMbKvJURqZGJyCpvOFM,Trabajo Teatro Colon,0 days 01:43:33,2025-06,0,False,"-34.601152°, -58.3833278°",-34.601152,-58.3833278
2025-06-23 13:31:57-03:00,2025-06-23 16:45:33-03:00,ChIJIxYSMMbKvJURqZGJyCpvOFM,Trabajo Teatro Colon,0 days 03:13:36,2025-06,0,False,"-34.601152°, -58.3833278°",-34.601152,-58.3833278
2025-06-23 18:03:31-03:00,2025-06-24 08:35:00-03:00,ChIJdRmmBA_NvJUROcvrtFw5aqI,INFERRED_HOME,0 days 14:31:29,2025-06,0,False,"-34.7172142°, -58.4094648°",-34.7172142,-58.4094648
2025-06-24 09:37:52-03:00,2025-06-24 09:39:52-03:00,ChIJL5KVAc_KvJURm6eBv9TCt4E,UNKNOWN,0 days 00:02:00,2025-06,1,False,"-34.6044707°, -58.3801163°",-34.6044707,-58.3801163
2025-06-24 09:48:06-03:00,2025-06-24 12:19:08-03:00,ChIJH5qger_KvJURGG0fnQ_e1pM,UNKNOWN,0 days 02:31:02,2025-06,1,False,"-34.5997458°, -58.390965°",-34.5997458,-58.390965
2025-06-24 12:43:20-03:00,2025-06-24 15:05:06-03:00,ChIJozcskDQ1o5UR5Oc85yFQ8lE,Trabajo BBVA,0 days 02:21:46,2025-06,1,False,"-34.5975104°, -58.3700036°",-34.5975104,-58.3700036
2025-06-24 15:22:18-03:00,2025-06-24 16:27:22-03:00,ChIJWwNBpdLKvJUR0nZKx5c7nq4,Trabajo Galicia,0 days 01:05:04,2025-06,1,False,"-34.6054579°, -58.3724473°",-34.6054579,-58.3724473
2025-06-24 15:22:18-03:00,2025-06-24 16:20:37-03:00,ChIJPaop8M3KvJURbpDWE-rnX6c,Trabajo Galicia,0 days 00:58:19,2025-06,1,False,"-34.6058223°, -58.3726811°",-34.6058223,-58.3726811
2025-06-24 18:12:47-03:00,2025-06-24 18:18:36-03:00,ChIJod24JQ7NvJURhERyxJTxKfQ,UNKNOWN,0 days 00:05:49,2025-06,1,False,"-34.7173693°, -58.4062157°",-34.7173693,-58.4062157
2025-06-24 18:23:44-03:00,2025-06-25 11:17:33-03:00,ChIJdRmmBA_NvJUROcvrtFw5aqI,INFERRED_HOME,0 days 16:53:49,2025-06,1,False,"-34.7172142°, -58.4094648°",-34.7172142,-58.4094648
2025-06-25 11:21:55-03:00,2025-06-25 11:29:57-03:00,ChIJMzGlxw_NvJUR0UobwG_mK24,UNKNOWN,0 days 00:08:02,2025-06,2,False,"-34.7162°, -58.40728°",-34.7162,-58.40728
2025-06-25 12:33:00-03:00,2025-06-25 14:05:44-03:00,ChIJ___Pbs3KvJURJtB--4EB8xc,Trabajo Supervielle,0 days 01:32:44,2025-06,2,False,"-34.6042475°, -58.37352°",-34.6042475,-58.37352
2025-06-25 12:33:00-03:00,2025-06-25 13:31:10-03:00,ChIJSeIQb83KvJUR31HGG_vZTbI,Trabajo Supervielle,0 days 00:58:10,2025-06,2,False,"-34.6043625°, -58.3736067°",-34.6043625,-58.3736067
2025-06-25 14:09:29-03:00,2025-06-25 14:46:11-03:00,ChIJ6UXWTy01o5URRRYeyMZm_QI,Trabajo Columbia,0 days 00:36:42,2025-06,2,False,"-34.6047587°, -58.3711958°",-34.6047587,-58.3711958
2025-06-25 14:53:47-03:00,2025-06-25 15:56:36-03:00,ChIJ-5b1MtLKvJUR_MRYyAEgpow,UNKNOWN,0 days 01:02:49,2025-06,2,False,"-34.6083322°, -58.3766457°",-34.6083322,-58.3766457
2025-06-25 14:53:47-03:00,2025-06-25 15:56:36-03:00,ChIJAxcRzNPKvJURdTfUenR6Yxg,UNKNOWN,0 days 01:02:49,2025-06,2,False,"-34.6085502°, -58.3766474°",-34.6085502,-58.3766474
2025-06-25 16:02:07-03:00,2025-06-25 16:12:59-03:00,ChIJM8WPcNPKvJURBgbvcN8-nPg,UNKNOWN,0 days 00:10:52,2025-06,2,False,"-34.60958°, -58.37405°",-34.60958,-58.37405
2025-06-25 16:22:25-03:00,2025-06-25 17:09:53-03:00,ChIJuZ28VzU1o5UR3yrH7JyU3FM,Trabajo Macro,0 days 00:47:28,2025-06,2,False,"-34.5940986°, -58.3717793°",-34.5940986,-58.3717793
2025-06-25 17:16:34-03:00,2025-06-25 17:30:28-03:00,ChIJUzg-m7TKvJURFFWLi1oLlFA,UNKNOWN,0 days 00:13:54,2025-06,2,False,"-34.589821°, -58.3745173°",-34.589821,-58.3745173
2025-06-25 18:43:56-03:00,2025-06-26 10:12:22-03:00,ChIJdRmmBA_NvJUROcvrtFw5aqI,INFERRED_HOME,0 days 15:28:26,2025-06,2,False,"-34.7172142°, -58.4094648°",-34.7172142,-58.4094648
2025-06-26 10:20:23-03:00,2025-06-26 10:29:31-03:00,ChIJMzGlxw_NvJUR0UobwG_mK24,UNKNOWN,0 days 00:09:08,2025-06,3,False,"-34.7162°, -58.40728°",-34.7162,-58.40728
2025-06-26 11:37:01-03:00,2025-06-26 12:46:46-03:00,ChIJuZ28VzU1o5UR3yrH7JyU3FM,Trabajo Macro,0 days 01:09:45,2025-06,3,False,"-34.5940986°, -58.3717793°",-34.5940986,-58.3717793
2025-06-26 13:10:24-03:00,2025-06-26 13:17:50-03:00,ChIJq3_2Z9LKvJURNjKEBk3F_P0,Trabajo ICBC,0 days 00:07:26,2025-06,3,False,"-34.6068101°, -58.375115°",-34.6068101,-58.375115
2025-06-26 13:22:40-03:00,2025-06-26 14:23:32-03:00,ChIJ0y3PVmXLvJURLQ9QJvnOQSU,UNKNOWN,0 days 01:00:52,2025-06,3,False,"-34.6036376°, -58.378275°",-34.6036376,-58.378275
2025-06-26 14:33:07-03:00,2025-06-26 15:01:17-03:00,ChIJIxYSMMbKvJURqZGJyCpvOFM,Trabajo Teatro Colon,0 days 00:28:10,2025-06,3,False,"-34.601152°, -58.3833278°",-34.601152,-58.3833278
2025-06-26 15:19:44-03:00,2025-06-26 15:46:34-03:00,ChIJR1tvl5DKvJURCNrXrDI6zC4,UNKNOWN,0 days 00:26:50,2025-06,3,False,"-34.5941066°, -58.4020485°",-34.5941066,-58.4020485
2025-06-26 16:04:15-03:00,2025-06-26 16:40:26-03:00,ChIJIxYSMMbKvJURqZGJyCpvOFM,Trabajo Teatro Colon,0 days 00:36:11,2025-06,3,False,"-34.601152°, -58.3833278°",-34.601152,-58.3833278
2025-06-26 17:43:21-03:00,2025-06-27 11:42:22-03:00,ChIJdRmmBA_NvJUROcvrtFw5aqI,INFERRED_HOME,0 days 17:59:01,2025-06,3,False,"-34.7172142°, -58.4094648°",-34.7172142,-58.4094648
2025-06-27 12:06:04-03:00,2025-06-27 12:21:23-03:00,ChIJXcKOJDQzo5URu8Fm7pohjEM,Alto Avellaneda,0 days 00:15:19,2025-06,4,False,"-34.6754783°, -58.367457°",-34.6754783,-58.367457
2025-06-27 12:50:05-03:00,2025-06-27 13:25:36-03:00,ChIJIRWq0oPKvJURoBsCDf5Bqcc,UNKNOWN,0 days 00:35:31,2025-06,4,False,"-34.5884018°, -58.4107373°",-34.5884018,-58.4107373
2025-06-27 12:52:46-03:00,2025-06-27 13:25:36-03:00,ChIJoYu1IVvLvJURGumIGnomnxk,UNKNOWN,0 days 00:32:50,2025-06,4,False,"-34.5881465°, -58.409887°",-34.5881465,-58.409887
2025-06-27 13:37:36-03:00,2025-06-27 15:41:55-03:00,ChIJIxYSMMbKvJURqZGJyCpvOFM,Trabajo Teatro Colon,0 days 02:04:19,2025-06,4,False,"-34.601152°, -58.3833278°",-34.601152,-58.3833278
2025-06-27 15:50:10-03:00,2025-06-27 16:20:52-03:00,ChIJNzP5YXvLvJURQRUBgC4w4cc,UNKNOWN,0 days 00:30:42,2025-06,4,False,"-34.5991885°, -58.3810681°",-34.5991885,-58.3810681
2025-06-27 16:22:34-03:00,2025-06-27 17:32:24-03:00,ChIJIxYSMMbKvJURqZGJyCpvOFM,Trabajo Teatro Colon,0 days 01:09:50,2025-06,4,False,"-34.601152°, -58.3833278°",-34.601152,-58.3833278
2025-06-27 18:04:57-03:00,2025-06-27 18:11:45-03:00,ChIJiQDEBCPNvJUR1iaRPp6sr38,UNKNOWN,0 days 00:06:48,2025-06,4,False,"-34.7075567°, -58.3908743°",-34.7075567,-58.3908743
2025-06-27 18:23:48-03:00,2025-06-28 13:45:52-03:00,ChIJdRmmBA_NvJUROcvrtFw5aqI,INFERRED_HOME,0 days 19:22:04,2025-06,4,False,"-34.7172142°, -58.4094648°",-34.7172142,-58.4094648
2025-06-28 13:52:39-03:00,2025-06-28 14:40:49-03:00,ChIJD8SQF5DNvJURNtxm8W6eG0I,Barberia,0 days 00:48:10,2025-06,5,True,"-34.7072503°, -58.3956021°",-34.7072503,-58.3956021
2025-06-28 14:51:07-03:00,2025-06-28 16:48:22-03:00,ChIJefKcn1rMvJURX5zewOyLl4I,Casa abuelos,0 days 01:57:15,2025-06,5,True,"-34.7001003°, -58.4272879°",-34.7001003,-58.4272879
2025-06-28 17:08:34-03:00,2025-06-28 17:57:36-03:00,ChIJI5SVpafOvJURDfMwWlIKxnY,UNKNOWN,0 days 00:49:02,2025-06,5,True,"-34.6933402°, -58.4652687°",-34.6933402,-58.4652687
2025-06-28 18:33:43-03:00,2025-06-28 22:24:08-03:00,ChIJ6ZckKe6wvJURKPVHh-URpvk,Unicenter,0 days 03:50:25,2025-06,5,True,"-34.5086035°, -58.5231694°",-34.5086035,-58.5231694
2025-06-28 18:33:43-03:00,2025-06-28 22:24:08-03:00,ChIJD5Ao3PGwvJURy5vWbS2FIPc,Unicenter,0 days 03:50:25,2025-06,5,True,"-34.5089714°, -58.523881°",-34.5089714,-58.523881
2025-06-28 22:55:49-03:00,2025-06-29 16:28:12-03:00,ChIJdRmmBA_NvJUROcvrtFw5aqI,INFERRED_HOME,0 days 17:32:23,2025-06,5,True,"-34.7172142°, -58.4094648°",-34.7172142,-58.4094648
2025-06-29 16:52:42-03:00,2025-06-29 17:30:13-03:00,ChIJh_p5l8PKvJURdh1EIx9K0bs,UNKNOWN,0 days 00:37:31,2025-06,6,True,"-34.606711°, -58.390033°",-34.606711,-58.390033
2025-06-29 17:57:22-03:00,2025-06-30 11:08:44-03:00,ChIJdRmmBA_NvJUROcvrtFw5aqI,INFERRED_HOME,0 days 17:11:22,2025-06,6,True,"-34.7172142°, -58.4094648°",-34.7172142,-58.4094648
2025-06-30 12:07:29-03:00,2025-06-30 17:12:08-03:00,ChIJiaHxJ8bKvJURXZQ0dg7Bdbg,Trabajo Teatro Colon,0 days 05:04:39,2025-06,0,False,"-34.6010789°, -58.3831346°",-34.6010789,-58.3831346
2025-06-30 18:16:20-03:00,2025-07-01 10:49:39-03:00,ChIJdRmmBA_NvJUROcvrtFw5aqI,INFERRED_HOME,0 days 16:33:19,2025-06,0,False,"-34.7172142°, -58.4094648°",-34.7172142,-58.4094648
2025-07-01 11:56:43-03:00,2025-07-01 14:41:53-03:00,ChIJWwNBpdLKvJUR0nZKx5c7nq4,Trabajo Galicia,0 days 02:45:10,2025-07,1,False,"-34.6054579°, -58.3724473°",-34.6054579,-58.3724473
2025-07-01 11:59:46-03:00,2025-07-01 13:38:29-03:00,ChIJPaop8M3KvJURbpDWE-rnX6c,Trabajo Galicia,0 days 01:38:43,2025-07,1,False,"-34.6058223°, -58.3726811°",-34.6058223,-58.3726811
2025-07-01 14:54:43-03:00,2025-07-01 15:08:55-03:00,ChIJWwNBpdLKvJUR0nZKx5c7nq4,Trabajo Galicia,0 days 00:14:12,2025-07,1,False,"-34.6054579°, -58.3724473°",-34.6054579,-58.3724473
2025-07-01 14:56:08-03:00,2025-07-01 15:04:30-03:00,ChIJPaop8M3KvJURbpDWE-rnX6c,Trabajo Galicia,0 days 00:08:22,2025-07,1,False,"-34.6058223°, -58.3726811°",-34.6058223,-58.3726811
2025-07-01 16:00:38-03:00,2025-07-01 16:07:09-03:00,ChIJiQDEBCPNvJUR1iaRPp6sr38,UNKNOWN,0 days 00:06:31,2025-07,1,False,"-34.7075567°, -58.3908743°",-34.7075567,-58.3908743
2025-07-01 16:19:39-03:00,2025-07-01 17:22:37-03:00,ChIJdRmmBA_NvJUROcvrtFw5aqI,INFERRED_HOME,0 days 01:02:58,2025-07,1,False,"-34.7172142°, -58.4094648°",-34.7172142,-58.4094648
2025-07-01 17:44:50-03:00,2025-07-01 20:07:03-03:00,ChIJZx0Vv2bJvJURnOgIJXfvXyU,UNKNOWN,0 days 02:22:13,2025-07,1,False,"-34.6596056°, -58.4679756°",-34.6596056,-58.4679756
2025-07-01 20:21:35-03:00,2025-07-02 10:51:30-03:00,ChIJdRmmBA_NvJUROcvrtFw5aqI,INFERRED_HOME,0 days 14:29:55,2025-07,1,False,"-34.7172142°, -58.4094648°",-34.7172142,-58.4094648
2025-07-02 11:52:00-03:00,2025-07-02 13:46:31-03:00,ChIJIxYSMMbKvJURqZGJyCpvOFM,Trabajo Teatro Colon,0 days 01:54:31,2025-07,2,False,"-34.601152°, -58.3833278°",-34.601152,-58.3833278
2025-07-02 14:04:37-03:00,2025-07-02 14:23:52-03:00,ChIJ___Pbs3KvJURJtB--4EB8xc,Trabajo Supervielle,0 days 00:19:15,2025-07,2,False,"-34.6042475°, -58.37352°",-34.6042475,-58.37352
2025-07-02 14:07:57-03:00,2025-07-02 14:23:52-03:00,ChIJSeIQb83KvJUR31HGG_vZTbI,Trabajo Supervielle,0 days 00:15:55,2025-07,2,False,"-34.6043625°, -58.3736067°",-34.6043625,-58.3736067
2025-07-02 14:23:52-03:00,2025-07-02 17:50:08-03:00,ChIJT-ybv9LKvJURHb0Ku5piHEA,Trabajo Galicia,0 days 03:26:16,2025-07,2,False,"-34.6058223°, -58.3726811°",-34.6058223,-58.3726811
2025-07-02 19:25:36-03:00,2025-07-03 11:31:44-03:00,ChIJdRmmBA_NvJUROcvrtFw5aqI,INFERRED_HOME,0 days 16:06:08,2025-07,2,False,"-34.7172142°, -58.4094648°",-34.7172142,-58.4094648
2025-07-03 11:35:30-03:00,2025-07-03 11:43:06-03:00,ChIJMzGlxw_NvJUR0UobwG_mK24,UNKNOWN,0 days 00:07:36,2025-07,3,False,"-34.7162°, -58.40728°",-34.7162,-58.40728
2025-07-03 12:49:57-03:00,2025-07-03 15:01:40-03:00,ChIJIxYSMMbKvJURqZGJyCpvOFM,Trabajo Teatro Colon,0 days 02:11:43,2025-07,3,False,"-34.601152°, -58.3833278°",-34.601152,-58.3833278
2025-07-03 15:12:14-03:00,2025-07-03 15:38:17-03:00,ChIJc7-x9tLKvJUR6wkVpplFL9c,Trabajo ICBC,0 days 00:26:03,2025-07,3,False,"-34.6068722°, -58.3743955°",-34.6068722,-58.3743955
2025-07-03 15:50:26-03:00,2025-07-03 17:16:09-03:00,ChIJuZ28VzU1o5UR3yrH7JyU3FM,Trabajo Macro,0 days 01:25:43,2025-07,3,False,"-34.5940986°, -58.3717793°",-34.5940986,-58.3717793
2025-07-03 17:20:09-03:00,2025-07-03 17:29:45-03:00,ChIJUzg-m7TKvJURFFWLi1oLlFA,UNKNOWN,0 days 00:09:36,2025-07,3,False,"-34.59115°, -58.37468°",-34.59115,-58.37468
2025-07-03 18:50:41-03:00,2025-07-04 10:40:50-03:00,ChIJdRmmBA_NvJUROcvrtFw5aqI,INFERRED_HOME,0 days 15:50:09,2025-07,3,False,"-34.7172142°, -58.4094648°",-34.7172142,-58.4094648
2025-07-04 10:48:39-03:00,2025-07-04 10:53:12-03:00,ChIJMzGlxw_NvJUR0UobwG_mK24,UNKNOWN,0 days 00:04:33,2025-07,4,False,"-34.7162°, -58.40728°",-34.7162,-58.40728
2025-07-04 11:47:26-03:00,2025-07-04 13:48:55-03:00,ChIJIxYSMMbKvJURqZGJyCpvOFM,Trabajo Teatro Colon,0 days 02:01:29,2025-07,4,False,"-34.601152°, -58.3833278°",-34.601152,-58.3833278
2025-07-04 14:27:19-03:00,2025-07-04 15:02:31-03:00,ChIJScS2rNPKvJURqUhz-Av9Y3A,UNKNOWN,0 days 00:35:12,2025-07,4,False,"-34.608153°, -58.3750744°",-34.608153,-58.3750744
2025-07-04 15:05:10-03:00,2025-07-04 19:53:56-03:00,ChIJT-ybv9LKvJURHb0Ku5piHEA,Trabajo Galicia,0 days 04:48:46,2025-07,4,False,"-34.6058223°, -58.3726811°",-34.6058223,-58.3726811
2025-07-04 20:29:46-03:00,2025-07-05 13:41:45-03:00,ChIJdRmmBA_NvJUROcvrtFw5aqI,INFERRED_HOME,0 days 17:11:59,2025-07,4,False,"-34.7172142°, -58.4094648°",-34.7172142,-58.4094648
2025-07-05 13:47:21-03:00,2025-07-05 15:08:20-03:00,ChIJD8SQF5DNvJURNtxm8W6eG0I,Barberia,0 days 01:20:59,2025-07,5,True,"-34.7072503°, -58.3956021°",-34.7072503,-58.3956021
2025-07-05 15:18:45-03:00,2025-07-05 18:34:00-03:00,ChIJc76vqlrMvJUR2rFJ_9-mceM,Casa abuelos,0 days 03:15:15,2025-07,5,True,"-34.70057°, -58.42861°",-34.70057,-58.42861
2025-07-05 18:40:01-03:00,2025-07-05 22:07:33-03:00,ChIJdRmmBA_NvJUROcvrtFw5aqI,INFERRED_HOME,0 days 03:27:32,2025-07,5,True,"-34.7172142°, -58.4094648°",-34.7172142,-58.4094648
2025-07-05 22:32:03-03:00,2025-07-06 00:38:20-03:00,ChIJOx5ViAq3vJURZ5W96e2DtXY,UNKNOWN,0 days 02:06:17,2025-07,5,True,"-34.765857°, -58.4021431°",-34.765857,-58.4021431
2025-07-05 22:36:15-03:00,2025-07-05 22:41:27-03:00,ChIJtZIxkwrTvJURNfKYR0FGqaE,UNKNOWN,0 days 00:05:12,2025-07,5,True,"-34.765644°, -58.4026412°",-34.765644,-58.4026412
2025-07-05 22:43:19-03:00,2025-07-05 23:55:24-03:00,ChIJcYx2FkvTvJURs-SE5NUI9Kw,UNKNOWN,0 days 01:12:05,2025-07,5,True,"-34.7660167°, -58.4022772°",-34.7660167,-58.4022772
2025-07-06 00:00:24-03:00,2025-07-06 00:38:20-03:00,ChIJpYSxC-vSvJURIr_aCeGKsnQ,UNKNOWN,0 days 00:37:56,2025-07,6,True,"-34.7660344°, -58.4025519°",-34.7660344,-58.4025519
2025-07-06 00:50:36-03:00,2025-07-07 12:02:34-03:00,ChIJdRmmBA_NvJUROcvrtFw5aqI,INFERRED_HOME,1 days 11:11:58,2025-07,6,True,"-34.7172142°, -58.4094648°",-34.7172142,-58.4094648
2025-07-07 13:04:04-03:00,2025-07-07 22:19:55-03:00,ChIJT-ybv9LKvJURHb0Ku5piHEA,Trabajo Galicia,0 days 09:15:51,2025-07,0,False,"-34.6058223°, -58.3726811°",-34.6058223,-58.3726811
2025-07-07 22:46:26-03:00,2025-07-08 01:14:13-03:00,ChIJt6mvqZrMvJURwEflIsBKbSQ,Casa madre,0 days 02:27:47,2025-07,0,False,"-34.673936°, -58.4054231°",-34.673936,-58.4054231
2025-07-08 01:35:35-03:00,2025-07-08 11:23:22-03:00,ChIJdRmmBA_NvJUROcvrtFw5aqI,INFERRED_HOME,0 days 09:47:47,2025-07,1,False,"-34.7172142°, -58.4094648°",-34.7172142,-58.4094648
2025-07-08 11:27:22-03:00,2025-07-08 11:32:08-03:00,ChIJrw867Q7NvJUR2_z7EyN-Qck,UNKNOWN,0 days 00:04:46,2025-07,1,False,"-34.7188036°, -58.4096209°",-34.7188036,-58.4096209
2025-07-08 13:26:22-03:00,2025-07-08 13:45:58-03:00,ChIJ0cqfXNLKvJURgw9OkOOpQ-4,Trabajo ICBC,0 days 00:19:36,2025-07,1,False,"-34.6073455°, -58.3753146°",-34.6073455,-58.3753146
2025-07-08 13:26:22-03:00,2025-07-08 13:45:58-03:00,ChIJ0VVkW9LKvJURj7D4QdU42jQ,Trabajo ICBC,0 days 00:19:36,2025-07,1,False,"-34.6073484°, -58.3751216°",-34.6073484,-58.3751216
2025-07-08 13:49:56-03:00,2025-07-08 20:25:07-03:00,ChIJT-ybv9LKvJURHb0Ku5piHEA,Trabajo Galicia,0 days 06:35:11,2025-07,1,False,"-34.6058223°, -58.3726811°",-34.6058223,-58.3726811
2025-07-08 21:09:14-03:00,2025-07-09 12:42:23-03:00,ChIJdRmmBA_NvJUROcvrtFw5aqI,INFERRED_HOME,0 days 15:33:09,2025-07,1,False,"-34.7172142°, -58.4094648°",-34.7172142,-58.4094648
2025-07-09 12:46:23-03:00,2025-07-09 12:51:24-03:00,ChIJrw867Q7NvJUR2_z7EyN-Qck,UNKNOWN,0 days 00:05:01,2025-07,2,False,"-34.7188036°, -58.4096209°",-34.7188036,-58.4096209
2025-07-09 14:04:08-03:00,2025-07-09 16:46:09-03:00,ChIJm6a5K2HKvJURAD6K0Ngl2Os,SEARCHED_ADDRESS,0 days 02:42:01,2025-07,2,False,"-34.6066007°, -58.4227894°",-34.6066007,-58.4227894
2025-07-09 17:11:20-03:00,2025-07-09 17:18:21-03:00,ChIJEXu8qu0yo5URJ5phD0W-xdY,UNKNOWN,0 days 00:07:01,2025-07,2,False,"-34.7025862°, -58.3402421°",-34.7025862,-58.3402421
2025-07-09 17:27:27-03:00,2025-07-09 17:55:08-03:00,ChIJ5zQgH6oyo5UR1ZFL3oUlYgc,Casa pablo,0 days 00:27:41,2025-07,2,False,"-34.7314837°, -58.3661421°",-34.7314837,-58.3661421
2025-07-09 18:12:55-03:00,2025-07-10 11:46:57-03:00,ChIJdRmmBA_NvJUROcvrtFw5aqI,INFERRED_HOME,0 days 17:34:02,2025-07,2,False,"-34.7172142°, -58.4094648°",-34.7172142,-58.4094648
2025-07-10 11:49:45-03:00,2025-07-10 11:56:07-03:00,ChIJMzGlxw_NvJUR0UobwG_mK24,UNKNOWN,0 days 00:06:22,2025-07,3,False,"-34.7162°, -58.40728°",-34.7162,-58.40728
2025-07-10 12:52:02-03:00,2025-07-10 15:54:22-03:00,ChIJT-ybv9LKvJURHb0Ku5piHEA,Trabajo Galicia,0 days 03:02:20,2025-07,3,False,"-34.6058223°, -58.3726811°",-34.6058223,-58.3726811
2025-07-10 17:25:45-03:00,2025-07-10 18:55:29-03:00,ChIJdRmmBA_NvJUROcvrtFw5aqI,INFERRED_HOME,0 days 01:29:44,2025-07,3,False,"-34.7172142°, -58.4094648°",-34.7172142,-58.4094648
2025-07-10 19:31:32-03:00,2025-07-10 22:08:49-03:00,ChIJZx0Vv2bJvJURnOgIJXfvXyU,UNKNOWN,0 days 02:37:17,2025-07,3,False,"-34.6596056°, -58.4679756°",-34.6596056,-58.4679756
2025-07-10 22:24:02-03:00,2025-07-11 09:29:10-03:00,ChIJdRmmBA_NvJUROcvrtFw5aqI,INFERRED_HOME,0 days 11:05:08,2025-07,3,False,"-34.7172142°, -58.4094648°",-34.7172142,-58.4094648
2025-07-11 10:36:39-03:00,2025-07-11 12:38:01-03:00,ChIJT-ybv9LKvJURHb0Ku5piHEA,Trabajo Galicia,0 days 02:01:22,2025-07,4,False,"-34.6058223°, -58.3726811°",-34.6058223,-58.3726811
2025-07-11 12:38:01-03:00,2025-07-11 12:52:33-03:00,ChIJ6UXWTy01o5URRRYeyMZm_QI,Trabajo Columbia,0 days 00:14:32,2025-07,4,False,"-34.6047587°, -58.3711958°",-34.6047587,-58.3711958
2025-07-11 13:08:18-03:00,2025-07-11 14:04:48-03:00,ChIJt7S9jc7KvJURKxSfAlOXQYM,UNKNOWN,0 days 00:56:30,2025-07,4,False,"-34.603636°, -58.3785832°",-34.603636,-58.3785832
2025-07-11 14:14:01-03:00,2025-07-11 15:35:25-03:00,ChIJPeR729LKvJURUvVGCV7i2rQ,Trabajo Galicia,0 days 01:21:24,2025-07,4,False,"-34.6064033°, -58.3733386°",-34.6064033,-58.3733386
2025-07-11 15:39:22-03:00,2025-07-11 17:44:28-03:00,ChIJWwNBpdLKvJUR0nZKx5c7nq4,Trabajo Galicia,0 days 02:05:06,2025-07,4,False,"-34.6054579°, -58.3724473°",-34.6054579,-58.3724473
2025-07-11 16:17:38-03:00,2025-07-11 17:41:53-03:00,ChIJPaop8M3KvJURbpDWE-rnX6c,Trabajo Galicia,0 days 01:24:15,2025-07,4,False,"-34.6058223°, -58.3726811°",-34.6058223,-58.3726811
2025-07-11 17:44:28-03:00,2025-07-11 17:51:57-03:00,ChIJ6UXWTy01o5URRRYeyMZm_QI,Trabajo Columbia,0 days 00:07:29,2025-07,4,False,"-34.6047587°, -58.3711958°",-34.6047587,-58.3711958
2025-07-11 17:57:46-03:00,2025-07-11 18:06:12-03:00,ChIJUzg-m7TKvJURFFWLi1oLlFA,UNKNOWN,0 days 00:08:26,2025-07,4,False,"-34.59115°, -58.37468°",-34.59115,-58.37468
2025-07-11 19:30:41-03:00,2025-07-12 13:36:46-03:00,ChIJdRmmBA_NvJUROcvrtFw5aqI,INFERRED_HOME,0 days 18:06:05,2025-07,4,False,"-34.7172142°, -58.4094648°",-34.7172142,-58.4094648
2025-07-12 13:42:02-03:00,2025-07-12 15:00:15-03:00,ChIJD8SQF5DNvJURNtxm8W6eG0I,Barberia,0 days 01:18:13,2025-07,5,True,"-34.7072503°, -58.3956021°",-34.7072503,-58.3956021
2025-07-12 15:10:39-03:00,2025-07-12 20:16:00-03:00,ChIJc76vqlrMvJUR2rFJ_9-mceM,Casa abuelos,0 days 05:05:21,2025-07,5,True,"-34.70057°, -58.42861°",-34.70057,-58.42861
2025-07-12 20:21:32-03:00,2025-07-13 15:17:27-03:00,ChIJdRmmBA_NvJUROcvrtFw5aqI,INFERRED_HOME,0 days 18:55:55,2025-07,5,True,"-34.7172142°, -58.4094648°",-34.7172142,-58.4094648
2025-07-13 15:47:33-03:00,2025-07-13 18:12:18-03:00,ChIJfZcKszIro5URgS2TOe3ksZ8,UNKNOWN,0 days 02:24:45,2025-07,6,True,"-34.8408726°, -58.3718955°",-34.8408726,-58.3718955
2025-07-13 18:49:33-03:00,2025-07-14 08:35:09-03:00,ChIJdRmmBA_NvJUROcvrtFw5aqI,INFERRED_HOME,0 days 13:45:36,2025-07,6,True,"-34.7172142°, -58.4094648°",-34.7172142,-58.4094648
2025-07-14 08:37:09-03:00,2025-07-14 08:48:32-03:00,ChIJMzGlxw_NvJUR0UobwG_mK24,UNKNOWN,0 days 00:11:23,2025-07,0,False,"-34.7162°, -58.40728°",-34.7162,-58.40728
2025-07-14 09:42:57-03:00,2025-07-14 11:09:29-03:00,ChIJ1WvoxM3KvJURaJFpWZzt2gM,SEARCHED_ADDRESS,0 days 01:26:32,2025-07,0,False,"-34.6043743°, -58.3767386°",-34.6043743,-58.3767386
2025-07-14 11:21:16-03:00,2025-07-14 13:34:09-03:00,ChIJuZ28VzU1o5UR3yrH7JyU3FM,Trabajo Macro,0 days 02:12:53,2025-07,0,False,"-34.5940986°, -58.3717793°",-34.5940986,-58.3717793
2025-07-14 13:47:15-03:00,2025-07-14 14:14:42-03:00,ChIJozcskDQ1o5UR5Oc85yFQ8lE,Trabajo BBVA,0 days 00:27:27,2025-07,0,False,"-34.5975104°, -58.3700036°",-34.5975104,-58.3700036
2025-07-14 14:17:29-03:00,2025-07-14 14:38:35-03:00,ChIJlWIqu8zKvJURz40NYbdKDHo,UNKNOWN,0 days 00:21:06,2025-07,0,False,"-34.6005322°, -58.371004°",-34.6005322,-58.371004
2025-07-14 14:51:17-03:00,2025-07-14 19:51:38-03:00,ChIJT-ybv9LKvJURHb0Ku5piHEA,Trabajo Galicia,0 days 05:00:21,2025-07,0,False,"-34.6058223°, -58.3726811°",-34.6058223,-58.3726811
2025-07-14 20:30:54-03:00,2025-07-15 11:13:24-03:00,ChIJdRmmBA_NvJUROcvrtFw5aqI,INFERRED_HOME,0 days 14:42:30,2025-07,0,False,"-34.7172142°, -58.4094648°",-34.7172142,-58.4094648
2025-07-15 12:15:49-03:00,2025-07-15 14:50:04-03:00,ChIJ86f0t9LKvJURCM3mzhm31tE,Trabajo Galicia,0 days 02:34:15,2025-07,1,False,"-34.6059111°, -58.3724347°",-34.6059111,-58.3724347
2025-07-15 14:50:04-03:00,2025-07-15 15:08:53-03:00,ChIJ6UXWTy01o5URRRYeyMZm_QI,Trabajo Columbia,0 days 00:18:49,2025-07,1,False,"-34.6047587°, -58.3711958°",-34.6047587,-58.3711958
2025-07-15 15:08:53-03:00,2025-07-15 20:04:35-03:00,ChIJ86f0t9LKvJURCM3mzhm31tE,Trabajo Galicia,0 days 04:55:42,2025-07,1,False,"-34.6059111°, -58.3724347°",-34.6059111,-58.3724347
2025-07-15 20:38:43-03:00,2025-07-16 08:00:29-03:00,ChIJiaxCaw7NvJURWGaM-OWByxk,UNKNOWN,0 days 11:21:46,2025-07,1,False,"-34.7184741°, -58.4074368°",-34.7184741,-58.4074368
2025-07-16 08:25:04-03:00,2025-07-16 08:36:07-03:00,ChIJLbwJk5XNvJUR-EENUL2B24w,UNKNOWN,0 days 00:11:03,2025-07,2,False,"-34.7072317°, -58.454745°",-34.7072317,-58.454745
2025-07-16 09:45:11-03:00,2025-07-16 10:31:03-03:00,ChIJPbtP4lfKvJURDPKYCQYlUnw,WORK,0 days 00:45:52,2025-07,2,False,"-34.5436434°, -58.5172221°",-34.5436434,-58.5172221
2025-07-16 11:22:08-03:00,2025-07-16 12:56:11-03:00,ChIJozcskDQ1o5UR5Oc85yFQ8lE,Trabajo BBVA,0 days 01:34:03,2025-07,2,False,"-34.5975104°, -58.3700036°",-34.5975104,-58.3700036
2025-07-16 13:07:02-03:00,2025-07-16 13:14:09-03:00,ChIJIxYSMMbKvJURqZGJyCpvOFM,Trabajo Teatro Colon,0 days 00:07:07,2025-07,2,False,"-34.601152°, -58.3833278°",-34.601152,-58.3833278
2025-07-16 13:36:39-03:00,2025-07-16 15:28:58-03:00,ChIJ1WvoxM3KvJURaJFpWZzt2gM,SEARCHED_ADDRESS,0 days 01:52:19,2025-07,2,False,"-34.6043743°, -58.3767386°",-34.6043743,-58.3767386
2025-07-16 15:42:18-03:00,2025-07-16 15:54:58-03:00,ChIJXx79V9vKvJURS2GosE58c8w,UNKNOWN,0 days 00:12:40,2025-07,2,False,"-34.6083667°, -58.3722832°",-34.6083667,-58.3722832
2025-07-16 16:30:32-03:00,2025-07-16 16:37:00-03:00,ChIJA88E1OvMvJUROqFHxykJc2Q,UNKNOWN,0 days 00:06:28,2025-07,2,False,"-34.686363°, -58.3977145°",-34.686363,-58.3977145
2025-07-16 16:59:19-03:00,2025-07-16 19:10:10-03:00,ChIJhdlv2VDMvJURYv7_9Rnc7Dk,UNKNOWN,0 days 02:10:51,2025-07,2,False,"-34.7015408°, -58.4239748°",-34.7015408,-58.4239748
2025-07-16 19:19:55-03:00,2025-07-16 19:53:39-03:00,ChIJdRmmBA_NvJUROcvrtFw5aqI,INFERRED_HOME,0 days 00:33:44,2025-07,2,False,"-34.7172142°, -58.4094648°",-34.7172142,-58.4094648
2025-07-16 20:13:51-03:00,2025-07-16 23:11:23-03:00,ChIJt6mvqZrMvJURwEflIsBKbSQ,Casa madre,0 days 02:57:32,2025-07,2,False,"-34.673936°, -58.4054231°",-34.673936,-58.4054231
2025-07-16 23:32:43-03:00,2025-07-17 10:36:18-03:00,ChIJdRmmBA_NvJUROcvrtFw5aqI,INFERRED_HOME,0 days 11:03:35,2025-07,2,False,"-34.7172142°, -58.4094648°",-34.7172142,-58.4094648
2025-07-17 11:02:34-03:00,2025-07-17 11:34:21-03:00,ChIJf0f4uF3LvJURvk1sWrwu24k,UNKNOWN,0 days 00:31:47,2025-07,3,False,"-34.665468°, -58.389706°",-34.665468,-58.389706
2025-07-17 11:38:05-03:00,2025-07-17 11:43:10-03:00,ChIJifB2bREzo5URyOKHLgssVCs,UNKNOWN,0 days 00:05:05,2025-07,3,False,"-34.6699531°, -58.3898271°",-34.6699531,-58.3898271
2025-07-17 12:13:53-03:00,2025-07-17 12:28:49-03:00,ChIJozcskDQ1o5UR5Oc85yFQ8lE,Trabajo BBVA,0 days 00:14:56,2025-07,3,False,"-34.5975104°, -58.3700036°",-34.5975104,-58.3700036
2025-07-17 12:28:49-03:00,2025-07-17 14:07:18-03:00,ChIJuZ28VzU1o5UR3yrH7JyU3FM,Trabajo Macro,0 days 01:38:29,2025-07,3,False,"-34.5940986°, -58.3717793°",-34.5940986,-58.3717793
2025-07-17 14:35:19-03:00,2025-07-17 16:49:32-03:00,ChIJt6bcA5C1vJURRD5e4nJ0cF0,UNKNOWN,0 days 02:14:13,2025-07,3,False,"-34.5809531°, -58.4295925°",-34.5809531,-58.4295925
2025-07-17 17:25:15-03:00,2025-07-17 19:01:10-03:00,ChIJ6UXWTy01o5URRRYeyMZm_QI,Trabajo Columbia,0 days 01:35:55,2025-07,3,False,"-34.6047587°, -58.3711958°",-34.6047587,-58.3711958
2025-07-17 19:01:10-03:00,2025-07-17 20:18:50-03:00,ChIJuZ28VzU1o5UR3yrH7JyU3FM,Trabajo Macro,0 days 01:17:40,2025-07,3,False,"-34.5940986°, -58.3717793°",-34.5940986,-58.3717793
2025-07-17 21:21:15-03:00,2025-07-18 10:56:51-03:00,ChIJdRmmBA_NvJUROcvrtFw5aqI,INFERRED_HOME,0 days 13:35:36,2025-07,3,False,"-34.7172142°, -58.4094648°",-34.7172142,-58.4094648
2025-07-18 11:39:47-03:00,2025-07-18 12:11:47-03:00,ChIJ___Pbs3KvJURJtB--4EB8xc,Trabajo Supervielle,0 days 00:32:00,2025-07,4,False,"-34.6042475°, -58.37352°",-34.6042475,-58.37352
2025-07-18 11:39:47-03:00,2025-07-18 12:08:14-03:00,ChIJSeIQb83KvJUR31HGG_vZTbI,Trabajo Supervielle,0 days 00:28:27,2025-07,4,False,"-34.6043625°, -58.3736067°",-34.6043625,-58.3736067
2025-07-18 12:16:55-03:00,2025-07-18 12:59:24-03:00,ChIJt7S9jc7KvJURKxSfAlOXQYM,UNKNOWN,0 days 00:42:29,2025-07,4,False,"-34.603636°, -58.3785832°",-34.603636,-58.3785832
2025-07-18 13:13:21-03:00,2025-07-18 13:44:51-03:00,ChIJozcskDQ1o5UR5Oc85yFQ8lE,Trabajo BBVA,0 days 00:31:30,2025-07,4,False,"-34.5975104°, -58.3700036°",-34.5975104,-58.3700036
2025-07-18 13:59:48-03:00,2025-07-18 18:39:35-03:00,ChIJ86f0t9LKvJURCM3mzhm31tE,Trabajo Galicia,0 days 04:39:47,2025-07,4,False,"-34.6059012°, -58.372595°",-34.6059012,-58.372595
2025-07-18 18:41:35-03:00,2025-07-18 18:49:17-03:00,ChIJO1v_Ps3KvJURjk5mJmZJVHI,Trabajo Supervielle,0 days 00:07:42,2025-07,4,False,"-34.6033709°, -58.3729465°",-34.6033709,-58.3729465
2025-07-18 20:12:15-03:00,2025-07-19 13:50:19-03:00,ChIJdRmmBA_NvJUROcvrtFw5aqI,INFERRED_HOME,0 days 17:38:04,2025-07,4,False,"-34.7172142°, -58.4094648°",-34.7172142,-58.4094648
2025-07-19 14:00:46-03:00,2025-07-19 17:10:29-03:00,ChIJc76vqlrMvJUR2rFJ_9-mceM,Casa abuelos,0 days 03:09:43,2025-07,5,True,"-34.70057°, -58.42861°",-34.70057,-58.42861
2025-07-19 17:19:26-03:00,2025-07-19 18:16:10-03:00,ChIJD8SQF5DNvJURNtxm8W6eG0I,Barberia,0 days 00:56:44,2025-07,5,True,"-34.7072503°, -58.3956021°",-34.7072503,-58.3956021
2025-07-19 18:24:03-03:00,2025-07-20 03:09:15-03:00,ChIJdRmmBA_NvJUROcvrtFw5aqI,INFERRED_HOME,0 days 08:45:12,2025-07,5,True,"-34.7172142°, -58.4094648°",-34.7172142,-58.4094648
2025-07-20 03:19:45-03:00,2025-07-20 03:26:03-03:00,ChIJr-wIIUrNvJURxIYbrN_Jhgw,UNKNOWN,0 days 00:06:18,2025-07,6,True,"-34.7171515°, -58.3770765°",-34.7171515,-58.3770765
2025-07-20 03:41:27-03:00,2025-07-20 06:28:08-03:00,ChIJTcG7SqLSvJUR9tTTHX-BbBY,SEARCHED_ADDRESS,0 days 02:46:41,2025-07,6,True,"-34.7460767°, -58.3916908°",-34.7460767,-58.3916908
2025-07-20 07:26:13-03:00,2025-07-20 18:54:43-03:00,ChIJiaxCaw7NvJURWGaM-OWByxk,UNKNOWN,0 days 11:28:30,2025-07,6,True,"-34.7184741°, -58.4074368°",-34.7184741,-58.4074368
2025-07-20 19:02:44-03:00,2025-07-20 19:09:34-03:00,ChIJrw867Q7NvJUR2_z7EyN-Qck,UNKNOWN,0 days 00:06:50,2025-07,6,True,"-34.7188036°, -58.4096209°",-34.7188036,-58.4096209
2025-07-20 19:13:41-03:00,2025-07-21 09:45:58-03:00,ChIJdRmmBA_NvJUROcvrtFw5aqI,INFERRED_HOME,0 days 14:32:17,2025-07,6,True,"-34.7172142°, -58.4094648°",-34.7172142,-58.4094648
2025-07-21 10:46:03-03:00,2025-07-21 12:19:06-03:00,ChIJ86f0t9LKvJURCM3mzhm31tE,Trabajo Galicia,0 days 01:33:03,2025-07,0,False,"-34.6059012°, -58.372595°",-34.6059012,-58.372595
2025-07-21 12:36:13-03:00,2025-07-21 13:23:51-03:00,ChIJ6UXWTy01o5URRRYeyMZm_QI,Trabajo Columbia,0 days 00:47:38,2025-07,0,False,"-34.6047587°, -58.3711958°",-34.6047587,-58.3711958
2025-07-21 13:23:51-03:00,2025-07-21 19:14:00-03:00,ChIJWwNBpdLKvJUR0nZKx5c7nq4,Trabajo Galicia,0 days 05:50:09,2025-07,0,False,"-34.6054579°, -58.3724473°",-34.6054579,-58.3724473
2025-07-21 14:26:27-03:00,2025-07-21 19:14:00-03:00,ChIJPaop8M3KvJURbpDWE-rnX6c,Trabajo Galicia,0 days 04:47:33,2025-07,0,False,"-34.6058223°, -58.3726811°",-34.6058223,-58.3726811
2025-07-21 19:18:01-03:00,2025-07-21 19:24:08-03:00,ChIJ___Pbs3KvJURJtB--4EB8xc,Trabajo Supervielle,0 days 00:06:07,2025-07,0,False,"-34.6042475°, -58.37352°",-34.6042475,-58.37352
2025-07-21 19:19:38-03:00,2025-07-21 19:24:08-03:00,ChIJSeIQb83KvJUR31HGG_vZTbI,Trabajo Supervielle,0 days 00:04:30,2025-07,0,False,"-34.6043625°, -58.3736067°",-34.6043625,-58.3736067
2025-07-21 19:57:57-03:00,2025-07-22 08:51:01-03:00,ChIJdRmmBA_NvJUROcvrtFw5aqI,INFERRED_HOME,0 days 12:53:04,2025-07,0,False,"-34.7172142°, -58.4094648°",-34.7172142,-58.4094648
2025-07-22 09:38:08-03:00,2025-07-22 10:49:13-03:00,ChIJPbtP4lfKvJURDPKYCQYlUnw,WORK,0 days 01:11:05,2025-07,1,False,"-34.5436434°, -58.5172221°",-34.5436434,-58.5172221
2025-07-22 11:16:20-03:00,2025-07-22 13:17:13-03:00,ChIJIxYSMMbKvJURqZGJyCpvOFM,Trabajo Teatro Colon,0 days 02:00:53,2025-07,1,False,"-34.601152°, -58.3833278°",-34.601152,-58.3833278
2025-07-22 13:29:04-03:00,2025-07-22 13:42:07-03:00,ChIJCyI2zjI1o5URNzLRi28Xx9g,UNKNOWN,0 days 00:13:03,2025-07,1,False,"-34.6055413°, -58.3738174°",-34.6055413,-58.3738174
2025-07-22 13:42:07-03:00,2025-07-22 14:00:23-03:00,ChIJO1v_Ps3KvJURjk5mJmZJVHI,Trabajo Supervielle,0 days 00:18:16,2025-07,1,False,"-34.6033709°, -58.3729465°",-34.6033709,-58.3729465
2025-07-22 13:47:16-03:00,2025-07-22 13:57:26-03:00,ChIJeTdNkV3LvJURsaP3ccpASAs,Trabajo Supervielle,0 days 00:10:10,2025-07,1,False,"-34.603424°, -58.3731043°",-34.603424,-58.3731043
2025-07-22 14:03:31-03:00,2025-07-22 18:02:35-03:00,ChIJ86f0t9LKvJURCM3mzhm31tE,Trabajo Galicia,0 days 03:59:04,2025-07,1,False,"-34.6059012°, -58.372595°",-34.6059012,-58.372595
2025-07-22 18:05:22-03:00,2025-07-22 18:10:34-03:00,ChIJ___Pbs3KvJURJtB--4EB8xc,Trabajo Supervielle,0 days 00:05:12,2025-07,1,False,"-34.6042475°, -58.37352°",-34.6042475,-58.37352
2025-07-22 19:00:11-03:00,2025-07-22 19:04:50-03:00,ChIJ9w8uoqkyo5URZzNS4Wpd-5U,UNKNOWN,0 days 00:04:39,2025-07,1,False,"-34.7298008°, -58.3642194°",-34.7298008,-58.3642194
2025-07-22 19:08:35-03:00,2025-07-22 23:20:35-03:00,ChIJ4f09BKoyo5URRI4Km8H2xVY,Casa pablo,0 days 04:12:00,2025-07,1,False,"-34.7321423°, -58.3664323°",-34.7321423,-58.3664323
2025-07-22 23:37:46-03:00,2025-07-23 09:23:41-03:00,ChIJdRmmBA_NvJUROcvrtFw5aqI,INFERRED_HOME,0 days 09:45:55,2025-07,1,False,"-34.7172142°, -58.4094648°",-34.7172142,-58.4094648
2025-07-23 10:16:56-03:00,2025-07-23 10:59:00-03:00,ChIJPbtP4lfKvJURDPKYCQYlUnw,WORK,0 days 00:42:04,2025-07,2,False,"-34.5436434°, -58.5172221°",-34.5436434,-58.5172221
2025-07-23 11:26:40-03:00,2025-07-23 13:52:57-03:00,ChIJgWdTK0rLvJUR8U_7Xq3V7Bk,Trabajo Galicia,0 days 02:26:17,2025-07,2,False,"-34.605719°, -58.3722054°",-34.605719,-58.3722054
2025-07-23 13:56:58-03:00,2025-07-23 14:28:55-03:00,ChIJ6UXWTy01o5URRRYeyMZm_QI,Trabajo Columbia,0 days 00:31:57,2025-07,2,False,"-34.6047587°, -58.3711958°",-34.6047587,-58.3711958
2025-07-23 14:43:37-03:00,2025-07-23 15:17:27-03:00,ChIJA24geKzKvJURm5fJv82WTHI,UNKNOWN,0 days 00:33:50,2025-07,2,False,"-34.5807818°, -58.3761458°",-34.5807818,-58.3761458
2025-07-23 15:32:28-03:00,2025-07-23 18:15:30-03:00,ChIJ86f0t9LKvJURCM3mzhm31tE,Trabajo Galicia,0 days 02:43:02,2025-07,2,False,"-34.6059012°, -58.372595°",-34.6059012,-58.372595
2025-07-23 18:29:42-03:00,2025-07-23 18:31:42-03:00,ChIJUzg-m7TKvJURFFWLi1oLlFA,UNKNOWN,0 days 00:02:00,2025-07,2,False,"-34.59115°, -58.37468°",-34.59115,-58.37468
2025-07-23 19:42:12-03:00,2025-07-24 11:51:48-03:00,ChIJdRmmBA_NvJUROcvrtFw5aqI,INFERRED_HOME,0 days 16:09:36,2025-07,2,False,"-34.7172142°, -58.4094648°",-34.7172142,-58.4094648
2025-07-24 11:57:27-03:00,2025-07-24 12:01:27-03:00,ChIJMzGlxw_NvJUR0UobwG_mK24,UNKNOWN,0 days 00:04:00,2025-07,3,False,"-34.7162°, -58.40728°",-34.7162,-58.40728
2025-07-24 13:01:43-03:00,2025-07-24 14:05:07-03:00,ChIJgWdTK0rLvJUR8U_7Xq3V7Bk,Trabajo Galicia,0 days 01:03:24,2025-07,3,False,"-34.605719°, -58.3722054°",-34.605719,-58.3722054
2025-07-24 14:13:57-03:00,2025-07-24 14:32:15-03:00,ChIJlWIqu8zKvJURz40NYbdKDHo,UNKNOWN,0 days 00:18:18,2025-07,3,False,"-34.6005322°, -58.371004°",-34.6005322,-58.371004
2025-07-24 14:42:03-03:00,2025-07-24 17:51:35-03:00,ChIJ86f0t9LKvJURCM3mzhm31tE,Trabajo Galicia,0 days 03:09:32,2025-07,3,False,"-34.6059012°, -58.372595°",-34.6059012,-58.372595
2025-07-24 17:56:06-03:00,2025-07-24 18:06:45-03:00,ChIJKyzoRS01o5URxY4l0iCdu7I,Trabajo Columbia,0 days 00:10:39,2025-07,3,False,"-34.6052778°, -58.3708333°",-34.6052778,-58.3708333
2025-07-24 19:00:43-03:00,2025-07-25 11:01:40-03:00,ChIJdRmmBA_NvJUROcvrtFw5aqI,INFERRED_HOME,0 days 16:00:57,2025-07,3,False,"-34.7172142°, -58.4094648°",-34.7172142,-58.4094648
2025-07-25 12:08:34-03:00,2025-07-25 13:46:39-03:00,ChIJCyI2zjI1o5URNzLRi28Xx9g,UNKNOWN,0 days 01:38:05,2025-07,4,False,"-34.6055413°, -58.3738174°",-34.6055413,-58.3738174
2025-07-25 13:59:53-03:00,2025-07-25 15:54:22-03:00,ChIJ86f0t9LKvJURCM3mzhm31tE,Trabajo Galicia,0 days 01:54:29,2025-07,4,False,"-34.6059012°, -58.372595°",-34.6059012,-58.372595
2025-07-25 15:59:40-03:00,2025-07-25 16:12:08-03:00,ChIJ6UXWTy01o5URRRYeyMZm_QI,Trabajo Columbia,0 days 00:12:28,2025-07,4,False,"-34.6047587°, -58.3711958°",-34.6047587,-58.3711958
2025-07-25 16:18:43-03:00,2025-07-25 16:27:58-03:00,ChIJUzg-m7TKvJURFFWLi1oLlFA,UNKNOWN,0 days 00:09:15,2025-07,4,False,"-34.59115°, -58.37468°",-34.59115,-58.37468
2025-07-25 17:36:26-03:00,2025-07-26 14:01:40-03:00,ChIJdRmmBA_NvJUROcvrtFw5aqI,INFERRED_HOME,0 days 20:25:14,2025-07,4,False,"-34.7172142°, -58.4094648°",-34.7172142,-58.4094648
2025-07-26 14:09:33-03:00,2025-07-26 17:45:26-03:00,ChIJc76vqlrMvJUR2rFJ_9-mceM,Casa abuelos,0 days 03:35:53,2025-07,5,True,"-34.70057°, -58.42861°",-34.70057,-58.42861
2025-07-26 17:56:33-03:00,2025-07-26 18:47:02-03:00,ChIJD8SQF5DNvJURNtxm8W6eG0I,Barberia,0 days 00:50:29,2025-07,5,True,"-34.7072503°, -58.3956021°",-34.7072503,-58.3956021
2025-07-26 18:53:43-03:00,2025-07-26 21:53:05-03:00,ChIJf7aONkjNvJURrAIeUyaagWQ,Casa gonza,0 days 02:59:22,2025-07,5,True,"-34.7177795°, -58.3806658°",-34.7177795,-58.3806658
2025-07-26 21:57:05-03:00,2025-07-27 02:49:01-03:00,ChIJYfDW8EbNvJURm0mC3aH3AV8,UNKNOWN,0 days 04:51:56,2025-07,5,True,"-34.7216008°, -58.3863394°",-34.7216008,-58.3863394
2025-07-27 02:56:56-03:00,2025-07-28 12:23:10-03:00,ChIJdRmmBA_NvJUROcvrtFw5aqI,INFERRED_HOME,1 days 09:26:14,2025-07,6,True,"-34.7172142°, -58.4094648°",-34.7172142,-58.4094648
2025-07-28 12:27:11-03:00,2025-07-28 12:35:11-03:00,ChIJMzGlxw_NvJUR0UobwG_mK24,UNKNOWN,0 days 00:08:00,2025-07,0,False,"-34.7162°, -58.40728°",-34.7162,-58.40728
2025-07-28 13:31:48-03:00,2025-07-28 18:20:19-03:00,ChIJuZ28VzU1o5UR3yrH7JyU3FM,Trabajo Macro,0 days 04:48:31,2025-07,0,False,"-34.5940986°, -58.3717793°",-34.5940986,-58.3717793
2025-07-28 19:07:09-03:00,2025-07-29 08:43:42-03:00,ChIJdRmmBA_NvJUROcvrtFw5aqI,INFERRED_HOME,0 days 13:36:33,2025-07,0,False,"-34.7172142°, -58.4094648°",-34.7172142,-58.4094648
2025-07-29 09:32:34-03:00,2025-07-29 10:07:22-03:00,ChIJPbtP4lfKvJURDPKYCQYlUnw,WORK,0 days 00:34:48,2025-07,1,False,"-34.5436434°, -58.5172221°",-34.5436434,-58.5172221
2025-07-29 10:36:25-03:00,2025-07-29 10:54:03-03:00,ChIJlQCWyPq1vJURign8DNBhtU0,UNKNOWN,0 days 00:17:38,2025-07,1,False,"-34.5895946°, -58.4515338°",-34.5895946,-58.4515338
2025-07-29 10:58:09-03:00,2025-07-29 11:18:24-03:00,ChIJH1xT-ni1vJURe-VQRHQ8kRU,UNKNOWN,0 days 00:20:15,2025-07,1,False,"-34.5917006°, -58.4474113°",-34.5917006,-58.4474113
2025-07-29 11:23:57-03:00,2025-07-29 14:29:51-03:00,ChIJPUS8JfG1vJURbJqwbzc2YwI,UNKNOWN,0 days 03:05:54,2025-07,1,False,"-34.5906829°, -58.4478454°",-34.5906829,-58.4478454
2025-07-29 15:01:27-03:00,2025-07-29 17:32:00-03:00,ChIJiaHxJ8bKvJURXZQ0dg7Bdbg,Trabajo Teatro Colon,0 days 02:30:33,2025-07,1,False,"-34.6010789°, -58.3831346°",-34.6010789,-58.3831346
2025-07-29 17:44:47-03:00,2025-07-29 18:29:08-03:00,ChIJuZ28VzU1o5UR3yrH7JyU3FM,Trabajo Macro,0 days 00:44:21,2025-07,1,False,"-34.5940986°, -58.3717793°",-34.5940986,-58.3717793
2025-07-29 19:51:44-03:00,2025-07-29 20:53:10-03:00,ChIJ8R4lFUHTvJUR2tU20ZQWac8,UNKNOWN,0 days 01:01:26,2025-07,1,False,"-34.7643153°, -58.4013754°",-34.7643153,-58.4013754
2025-07-29 21:19:55-03:00,2025-07-30 10:10:15-03:00,ChIJdRmmBA_NvJUROcvrtFw5aqI,INFERRED_HOME,0 days 12:50:20,2025-07,1,False,"-34.7172142°, -58.4094648°",-34.7172142,-58.4094648
2025-07-30 10:46:19-03:00,2025-07-30 10:55:07-03:00,ChIJIxYSMMbKvJURqZGJyCpvOFM,Trabajo Teatro Colon,0 days 00:08:48,2025-07,2,False,"-34.601152°, -58.3833278°",-34.601152,-58.3833278
2025-07-30 11:01:08-03:00,2025-07-30 11:47:52-03:00,ChIJocgARc3KvJURnPRTacWXgyw,Trabajo Supervielle,0 days 00:46:44,2025-07,2,False,"-34.604063°, -58.3726415°",-34.604063,-58.3726415
2025-07-30 11:01:08-03:00,2025-07-30 11:47:52-03:00,ChIJ4TGkXM3KvJURpbvUE5llvJE,Trabajo Supervielle,0 days 00:46:44,2025-07,2,False,"-34.6042478°, -58.3724722°",-34.6042478,-58.3724722
2025-07-30 12:11:34-03:00,2025-07-30 13:47:53-03:00,ChIJIxYSMMbKvJURqZGJyCpvOFM,Trabajo Teatro Colon,0 days 01:36:19,2025-07,2,False,"-34.601152°, -58.3833278°",-34.601152,-58.3833278
2025-07-30 14:05:56-03:00,2025-07-30 15:10:41-03:00,ChIJPeR729LKvJURUvVGCV7i2rQ,Trabajo Galicia,0 days 01:04:45,2025-07,2,False,"-34.6064033°, -58.3733386°",-34.6064033,-58.3733386
2025-07-30 15:10:41-03:00,2025-07-30 15:52:45-03:00,ChIJ31FQXtLKvJURRh-ANe18zWc,Trabajo ICBC,0 days 00:42:04,2025-07,2,False,"-34.6066665°, -58.374614°",-34.6066665,-58.374614
2025-07-30 16:08:40-03:00,2025-07-30 17:13:15-03:00,ChIJIxYSMMbKvJURqZGJyCpvOFM,Trabajo Teatro Colon,0 days 01:04:35,2025-07,2,False,"-34.601152°, -58.3833278°",-34.601152,-58.3833278
2025-07-30 17:28:52-03:00,2025-07-30 18:36:03-03:00,ChIJuZ28VzU1o5UR3yrH7JyU3FM,Trabajo Macro,0 days 01:07:11,2025-07,2,False,"-34.5940986°, -58.3717793°",-34.5940986,-58.3717793
2025-07-30 19:24:55-03:00,2025-07-30 20:01:31-03:00,ChIJS8u27s00o5UR9dtpsV0MFkM,Trabajo Santander,0 days 00:36:36,2025-07,2,False,"-34.6238941°, -58.367137°",-34.6238941,-58.367137
2025-07-30 20:42:17-03:00,2025-07-31 10:46:56-03:00,ChIJdRmmBA_NvJUROcvrtFw5aqI,INFERRED_HOME,0 days 14:04:39,2025-07,2,False,"-34.7172142°, -58.4094648°",-34.7172142,-58.4094648
2025-07-31 11:12:53-03:00,2025-07-31 11:39:51-03:00,ChIJO5OvTjDLvJURn--oIpRP89Q,UNKNOWN,0 days 00:26:58,2025-07,3,False,"-34.6283037°, -58.3805292°",-34.6283037,-58.3805292
2025-07-31 12:16:17-03:00,2025-07-31 12:28:29-03:00,ChIJPbtP4lfKvJURDPKYCQYlUnw,WORK,0 days 00:12:12,2025-07,3,False,"-34.5436434°, -58.5172221°",-34.5436434,-58.5172221
2025-07-31 13:39:01-03:00,2025-07-31 16:09:54-03:00,ChIJIxYSMMbKvJURqZGJyCpvOFM,Trabajo Teatro Colon,0 days 02:30:53,2025-07,3,False,"-34.601152°, -58.3833278°",-34.601152,-58.3833278
2025-07-31 16:32:29-03:00,2025-07-31 17:04:14-03:00,ChIJjVaRPYHKvJUR8gXDLxk5xEk,UNKNOWN,0 days 00:31:45,2025-07,3,False,"-34.5904897°, -58.4136159°",-34.5904897,-58.4136159
2025-07-31 18:35:37-03:00,2025-07-31 21:57:49-03:00,ChIJdRmmBA_NvJUROcvrtFw5aqI,INFERRED_HOME,0 days 03:22:12,2025-07,3,False,"-34.7172142°, -58.4094648°",-34.7172142,-58.4094648
2025-07-31 22:12:21-03:00,2025-07-31 23:57:15-03:00,ChIJt6mvqZrMvJURwEflIsBKbSQ,Casa madre,0 days 01:44:54,2025-07,3,False,"-34.673936°, -58.4054231°",-34.673936,-58.4054231
2025-08-01 00:10:33-03:00,2025-08-01 10:24:12-03:00,ChIJdRmmBA_NvJUROcvrtFw5aqI,INFERRED_HOME,0 days 10:13:39,2025-08,4,False,"-34.7172142°, -58.4094648°",-34.7172142,-58.4094648
2025-08-01 11:14:59-03:00,2025-08-01 11:24:38-03:00,ChIJ___Pbs3KvJURJtB--4EB8xc,Trabajo Supervielle,0 days 00:09:39,2025-08,4,False,"-34.6042475°, -58.37352°",-34.6042475,-58.37352
2025-08-01 11:14:59-03:00,2025-08-01 11:23:16-03:00,ChIJSeIQb83KvJUR31HGG_vZTbI,Trabajo Supervielle,0 days 00:08:17,2025-08,4,False,"-34.6043625°, -58.3736067°",-34.6043625,-58.3736067
2025-08-01 11:28:39-03:00,2025-08-01 12:44:22-03:00,ChIJ86f0t9LKvJURCM3mzhm31tE,Trabajo Galicia,0 days 01:15:43,2025-08,4,False,"-34.6058399°, -58.3726018°",-34.6058399,-58.3726018
2025-08-01 13:02:43-03:00,2025-08-01 13:30:12-03:00,ChIJ1WvoxM3KvJURaJFpWZzt2gM,SEARCHED_ADDRESS,0 days 00:27:29,2025-08,4,False,"-34.6043743°, -58.3767386°",-34.6043743,-58.3767386
2025-08-01 13:34:11-03:00,2025-08-01 13:42:05-03:00,ChIJ___Pbs3KvJURJtB--4EB8xc,Trabajo Supervielle,0 days 00:07:54,2025-08,4,False,"-34.6042475°, -58.37352°",-34.6042475,-58.37352
2025-08-01 13:35:26-03:00,2025-08-01 13:39:33-03:00,ChIJSeIQb83KvJUR31HGG_vZTbI,Trabajo Supervielle,0 days 00:04:07,2025-08,4,False,"-34.6043625°, -58.3736067°",-34.6043625,-58.3736067
2025-08-01 13:56:23-03:00,2025-08-01 14:02:56-03:00,ChIJIxYSMMbKvJURqZGJyCpvOFM,Trabajo Teatro Colon,0 days 00:06:33,2025-08,4,False,"-34.601152°, -58.3833278°",-34.601152,-58.3833278
2025-08-01 14:17:09-03:00,2025-08-01 14:37:49-03:00,ChIJozcskDQ1o5UR5Oc85yFQ8lE,Trabajo BBVA,0 days 00:20:40,2025-08,4,False,"-34.5975104°, -58.3700036°",-34.5975104,-58.3700036
2025-08-01 14:37:49-03:00,2025-08-01 17:02:31-03:00,ChIJuZ28VzU1o5UR3yrH7JyU3FM,Trabajo Macro,0 days 02:24:42,2025-08,4,False,"-34.5940986°, -58.3717793°",-34.5940986,-58.3717793
2025-08-01 18:07:08-03:00,2025-08-01 18:12:20-03:00,ChIJu0ixG7syo5URrk-f1i1OTkI,UNKNOWN,0 days 00:05:12,2025-08,4,False,"-34.7177955°, -58.3577999°",-34.7177955,-58.3577999
2025-08-01 18:17:49-03:00,2025-08-01 18:24:47-03:00,ChIJq-WcK7Ayo5URcs7gOrcHDOA,UNKNOWN,0 days 00:06:58,2025-08,4,False,"-34.7213693°, -58.3629869°",-34.7213693,-58.3629869
2025-08-01 18:30:52-03:00,2025-08-01 19:17:29-03:00,ChIJ5zQgH6oyo5UR1ZFL3oUlYgc,Casa pablo,0 days 00:46:37,2025-08,4,False,"-34.7314837°, -58.3661421°",-34.7314837,-58.3661421
2025-08-01 19:39:08-03:00,2025-08-01 20:53:34-03:00,ChIJc76vqlrMvJUR2rFJ_9-mceM,Casa abuelos,0 days 01:14:26,2025-08,4,False,"-34.70057°, -58.42861°",-34.70057,-58.42861
2025-08-01 21:07:02-03:00,2025-08-02 01:17:48-03:00,ChIJdRmmBA_NvJUROcvrtFw5aqI,INFERRED_HOME,0 days 04:10:46,2025-08,4,False,"-34.7172142°, -58.4094648°",-34.7172142,-58.4094648
2025-08-02 01:45:40-03:00,2025-08-02 01:51:38-03:00,ChIJ5TzWetLKvJURxzt1cDvPF-k,UNKNOWN,0 days 00:05:58,2025-08,5,True,"-34.6060778°, -58.3750133°",-34.6060778,-58.3750133
2025-08-02 01:45:40-03:00,2025-08-02 01:51:38-03:00,ChIJu4ubkdLKvJUReCD5EvsEjMU,UNKNOWN,0 days 00:05:58,2025-08,5,True,"-34.6060581°, -58.3749897°",-34.6060581,-58.3749897
2025-08-02 01:51:38-03:00,2025-08-02 02:06:55-03:00,ChIJ86f0t9LKvJURCM3mzhm31tE,Trabajo Galicia,0 days 00:15:17,2025-08,5,True,"-34.6058399°, -58.3726018°",-34.6058399,-58.3726018
2025-08-02 02:32:05-03:00,2025-08-02 13:09:43-03:00,ChIJdRmmBA_NvJUROcvrtFw5aqI,INFERRED_HOME,0 days 10:37:38,2025-08,5,True,"-34.7172142°, -58.4094648°",-34.7172142,-58.4094648
2025-08-02 13:25:40-03:00,2025-08-02 13:31:26-03:00,ChIJt6mvqZrMvJURwEflIsBKbSQ,Casa madre,0 days 00:05:46,2025-08,5,True,"-34.673936°, -58.4054231°",-34.673936,-58.4054231
2025-08-02 13:46:09-03:00,2025-08-02 17:31:58-03:00,ChIJc76vqlrMvJUR2rFJ_9-mceM,Casa abuelos,0 days 03:45:49,2025-08,5,True,"-34.70057°, -58.42861°",-34.70057,-58.42861
2025-08-02 17:48:52-03:00,2025-08-02 18:32:04-03:00,ChIJD8SQF5DNvJURNtxm8W6eG0I,Barberia,0 days 00:43:12,2025-08,5,True,"-34.7072503°, -58.3956021°",-34.7072503,-58.3956021
2025-08-02 18:41:41-03:00,2025-08-02 20:57:57-03:00,ChIJdRmmBA_NvJUROcvrtFw5aqI,INFERRED_HOME,0 days 02:16:16,2025-08,5,True,"-34.7172142°, -58.4094648°",-34.7172142,-58.4094648
2025-08-02 21:14:44-03:00,2025-08-02 23:56:45-03:00,ChIJC-ugpI7MvJURxhkPHEaLeL4,SEARCHED_ADDRESS,0 days 02:42:01,2025-08,5,True,"-34.6800028°, -58.4105498°",-34.6800028,-58.4105498
2025-08-03 00:17:45-03:00,2025-08-03 01:09:14-03:00,ChIJTcG7SqLSvJUR9tTTHX-BbBY,SEARCHED_ADDRESS,0 days 00:51:29,2025-08,6,True,"-34.7460767°, -58.3916908°",-34.7460767,-58.3916908
2025-08-03 02:09:13-03:00,2025-08-03 06:21:37-03:00,ChIJyScznWu1vJUR0E-8rv0YLpc,UNKNOWN,0 days 04:12:24,2025-08,6,True,"-34.5647611°, -58.3995885°",-34.5647611,-58.3995885
2025-08-03 07:30:26-03:00,2025-08-03 07:32:31-03:00,ChIJiQDEBCPNvJUR1iaRPp6sr38,UNKNOWN,0 days 00:02:05,2025-08,6,True,"-34.7075567°, -58.3908743°",-34.7075567,-58.3908743
2025-08-03 08:00:18-03:00,2025-08-03 10:22:29-03:00,ChIJdRmmBA_NvJUROcvrtFw5aqI,INFERRED_HOME,0 days 02:22:11,2025-08,6,True,"-34.7172142°, -58.4094648°",-34.7172142,-58.4094648
2025-08-03 10:46:44-03:00,2025-08-03 10:53:05-03:00,ChIJt6mvqZrMvJURwEflIsBKbSQ,Casa madre,0 days 00:06:21,2025-08,6,True,"-34.673936°, -58.4054231°",-34.673936,-58.4054231
2025-08-03 13:05:34-03:00,2025-08-03 13:15:13-03:00,ChIJ7z3N-FvNvJURV8vJyTxWeLs,UNKNOWN,0 days 00:09:39,2025-08,6,True,"-34.7355742°, -58.4345036°",-34.7355742,-58.4345036
2025-08-03 13:41:02-03:00,2025-08-03 14:50:29-03:00,ChIJ_4JxIQC3vJURzE9BPlYDN_A,UNKNOWN,0 days 01:09:27,2025-08,6,True,"-34.5608639°, -58.5059436°",-34.5608639,-58.5059436
2025-08-03 15:16:46-03:00,2025-08-03 19:23:52-03:00,ChIJ6ZckKe6wvJURKPVHh-URpvk,Unicenter,0 days 04:07:06,2025-08,6,True,"-34.5086035°, -58.5231694°",-34.5086035,-58.5231694
2025-08-03 15:24:13-03:00,2025-08-03 18:10:43-03:00,ChIJD5Ao3PGwvJURy5vWbS2FIPc,Unicenter,0 days 02:46:30,2025-08,6,True,"-34.5089714°, -58.523881°",-34.5089714,-58.523881
2025-08-03 18:20:43-03:00,2025-08-03 19:08:18-03:00,ChIJiSn1RfaxvJUR3v5369YgIr0,Unicenter,0 days 00:47:35,2025-08,6,True,"-34.5081672°, -58.5237121°",-34.5081672,-58.5237121
2025-08-03 19:10:43-03:00,2025-08-03 19:23:52-03:00,ChIJD5Ao3PGwvJURy5vWbS2FIPc,Unicenter,0 days 00:13:09,2025-08,6,True,"-34.5089714°, -58.523881°",-34.5089714,-58.523881
2025-08-03 20:05:33-03:00,2025-08-04 11:22:10-03:00,ChIJdRmmBA_NvJUROcvrtFw5aqI,INFERRED_HOME,0 days 15:16:37,2025-08,6,True,"-34.7172142°, -58.4094648°",-34.7172142,-58.4094648
2025-08-04 11:59:24-03:00,2025-08-04 12:39:22-03:00,ChIJIxYSMMbKvJURqZGJyCpvOFM,Trabajo Teatro Colon,0 days 00:39:58,2025-08,0,False,"-34.601152°, -58.3833278°",-34.601152,-58.3833278
2025-08-04 13:08:55-03:00,2025-08-04 15:35:25-03:00,ChIJk3U0KS01o5URsofTDnwrNbI,Trabajo BNA,0 days 02:26:30,2025-08,0,False,"-34.6076093°, -58.3711929°",-34.6076093,-58.3711929
2025-08-04 16:04:38-03:00,2025-08-04 17:29:46-03:00,ChIJiaHxJ8bKvJURXZQ0dg7Bdbg,Trabajo Teatro Colon,0 days 01:25:08,2025-08,0,False,"-34.6010789°, -58.3831346°",-34.6010789,-58.3831346
2025-08-04 18:49:50-03:00,2025-08-05 09:11:38-03:00,ChIJdRmmBA_NvJUROcvrtFw5aqI,INFERRED_HOME,0 days 14:21:48,2025-08,0,False,"-34.7172142°, -58.4094648°",-34.7172142,-58.4094648
2025-08-05 09:55:37-03:00,2025-08-05 10:39:32-03:00,ChIJPbtP4lfKvJURDPKYCQYlUnw,WORK,0 days 00:43:55,2025-08,1,False,"-34.5436434°, -58.5172221°",-34.5436434,-58.5172221
2025-08-05 11:53:23-03:00,2025-08-05 13:18:55-03:00,ChIJIxYSMMbKvJURqZGJyCpvOFM,Trabajo Teatro Colon,0 days 01:25:32,2025-08,1,False,"-34.601152°, -58.3833278°",-34.601152,-58.3833278
2025-08-05 13:30:05-03:00,2025-08-05 15:20:33-03:00,ChIJuZ28VzU1o5UR3yrH7JyU3FM,Trabajo Macro,0 days 01:50:28,2025-08,1,False,"-34.5940986°, -58.3717793°",-34.5940986,-58.3717793
2025-08-05 16:46:51-03:00,2025-08-05 19:01:00-03:00,ChIJiaxCaw7NvJURWGaM-OWByxk,UNKNOWN,0 days 02:14:09,2025-08,1,False,"-34.7184741°, -58.4074368°",-34.7184741,-58.4074368
2025-08-05 19:20:20-03:00,2025-08-05 19:44:06-03:00,ChIJZx0Vv2bJvJURnOgIJXfvXyU,UNKNOWN,0 days 00:23:46,2025-08,1,False,"-34.6596056°, -58.4679756°",-34.6596056,-58.4679756
2025-08-05 20:01:00-03:00,2025-08-06 12:16:35-03:00,ChIJdRmmBA_NvJUROcvrtFw5aqI,INFERRED_HOME,0 days 16:15:35,2025-08,1,False,"-34.7172142°, -58.4094648°",-34.7172142,-58.4094648
2025-08-06 13:38:32-03:00,2025-08-06 14:13:27-03:00,ChIJWwNBpdLKvJUR0nZKx5c7nq4,Trabajo Galicia,0 days 00:34:55,2025-08,2,False,"-34.6054579°, -58.3724473°",-34.6054579,-58.3724473
2025-08-06 14:36:53-03:00,2025-08-06 16:07:44-03:00,ChIJuZ28VzU1o5UR3yrH7JyU3FM,Trabajo Macro,0 days 01:30:51,2025-08,2,False,"-34.5940986°, -58.3717793°",-34.5940986,-58.3717793
2025-08-06 16:34:55-03:00,2025-08-06 17:20:54-03:00,ChIJIxYSMMbKvJURqZGJyCpvOFM,Trabajo Teatro Colon,0 days 00:45:59,2025-08,2,False,"-34.601152°, -58.3833278°",-34.601152,-58.3833278
2025-08-06 18:30:56-03:00,2025-08-06 18:49:09-03:00,ChIJrw867Q7NvJUR2_z7EyN-Qck,UNKNOWN,0 days 00:18:13,2025-08,2,False,"-34.7188036°, -58.4096209°",-34.7188036,-58.4096209
2025-08-06 18:53:09-03:00,2025-08-07 09:45:56-03:00,ChIJdRmmBA_NvJUROcvrtFw5aqI,INFERRED_HOME,0 days 14:52:47,2025-08,2,False,"-34.7172142°, -58.4094648°",-34.7172142,-58.4094648
2025-08-07 09:52:40-03:00,2025-08-07 10:03:12-03:00,ChIJMzGlxw_NvJUR0UobwG_mK24,UNKNOWN,0 days 00:10:32,2025-08,3,False,"-34.7162°, -58.40728°",-34.7162,-58.40728
2025-08-07 10:17:45-03:00,2025-08-07 10:20:11-03:00,ChIJiQDEBCPNvJUR1iaRPp6sr38,UNKNOWN,0 days 00:02:26,2025-08,3,False,"-34.7075567°, -58.3908743°",-34.7075567,-58.3908743
2025-08-07 10:41:34-03:00,2025-08-07 10:55:43-03:00,ChIJO5OvTjDLvJURn--oIpRP89Q,UNKNOWN,0 days 00:14:09,2025-08,3,False,"-34.6283037°, -58.3805292°",-34.6283037,-58.3805292
2025-08-07 11:14:12-03:00,2025-08-07 14:55:33-03:00,ChIJuZ28VzU1o5UR3yrH7JyU3FM,Trabajo Macro,0 days 03:41:21,2025-08,3,False,"-34.5940986°, -58.3717793°",-34.5940986,-58.3717793
2025-08-07 15:28:45-03:00,2025-08-07 17:55:59-03:00,ChIJiaHxJ8bKvJURXZQ0dg7Bdbg,Trabajo Teatro Colon,0 days 02:27:14,2025-08,3,False,"-34.6010789°, -58.3831346°",-34.6010789,-58.3831346
2025-08-07 19:00:14-03:00,2025-08-08 12:38:43-03:00,ChIJdRmmBA_NvJUROcvrtFw5aqI,INFERRED_HOME,0 days 17:38:29,2025-08,3,False,"-34.7172142°, -58.4094648°",-34.7172142,-58.4094648
2025-08-08 13:44:10-03:00,2025-08-08 14:54:44-03:00,ChIJuZ28VzU1o5UR3yrH7JyU3FM,Trabajo Macro,0 days 01:10:34,2025-08,4,False,"-34.5940986°, -58.3717793°",-34.5940986,-58.3717793
2025-08-08 15:15:30-03:00,2025-08-08 15:25:14-03:00,ChIJ8QPQ0M7KvJUR9nL1oMo5p4o,UNKNOWN,0 days 00:09:44,2025-08,4,False,"-34.6024062°, -58.3798104°",-34.6024062,-58.3798104
2025-08-08 15:31:15-03:00,2025-08-08 17:01:33-03:00,ChIJIxYSMMbKvJURqZGJyCpvOFM,Trabajo Teatro Colon,0 days 01:30:18,2025-08,4,False,"-34.601152°, -58.3833278°",-34.601152,-58.3833278
2025-08-08 17:15:12-03:00,2025-08-08 19:38:34-03:00,ChIJ01hQWivLvJURgrAJYmqWsHE,UNKNOWN,0 days 02:23:22,2025-08,4,False,"-34.6193062°, -58.37282°",-34.6193062,-58.37282
2025-08-08 19:42:28-03:00,2025-08-08 21:37:54-03:00,ChIJHQ8Yz-c1o5UROiFa6iMeo8o,UNKNOWN,0 days 01:55:26,2025-08,4,False,"-34.6185684°, -58.371473°",-34.6185684,-58.371473
2025-08-08 22:10:01-03:00,2025-08-09 15:21:03-03:00,ChIJdRmmBA_NvJUROcvrtFw5aqI,INFERRED_HOME,0 days 17:11:02,2025-08,4,False,"-34.7172142°, -58.4094648°",-34.7172142,-58.4094648
2025-08-09 15:32:38-03:00,2025-08-09 18:09:29-03:00,ChIJc76vqlrMvJUR2rFJ_9-mceM,Casa abuelos,0 days 02:36:51,2025-08,5,True,"-34.70057°, -58.42861°",-34.70057,-58.42861
2025-08-09 18:21:42-03:00,2025-08-09 19:35:23-03:00,ChIJD8SQF5DNvJURNtxm8W6eG0I,Barberia,0 days 01:13:41,2025-08,5,True,"-34.7072503°, -58.3956021°",-34.7072503,-58.3956021
2025-08-09 19:42:39-03:00,2025-08-10 11:31:10-03:00,ChIJdRmmBA_NvJUROcvrtFw5aqI,INFERRED_HOME,0 days 15:48:31,2025-08,5,True,"-34.7172142°, -58.4094648°",-34.7172142,-58.4094648
2025-08-10 11:35:10-03:00,2025-08-10 11:38:04-03:00,ChIJrw867Q7NvJUR2_z7EyN-Qck,UNKNOWN,0 days 00:02:54,2025-08,6,True,"-34.7188036°, -58.4096209°",-34.7188036,-58.4096209
2025-08-10 11:43:31-03:00,2025-08-10 13:06:31-03:00,ChIJiaxCaw7NvJURWGaM-OWByxk,UNKNOWN,0 days 01:23:00,2025-08,6,True,"-34.7184741°, -58.4074368°",-34.7184741,-58.4074368
2025-08-10 13:12:57-03:00,2025-08-10 13:18:08-03:00,ChIJcyMjtLjNvJURRa3eAePBOy8,UNKNOWN,0 days 00:05:11,2025-08,6,True,"-34.7181771°, -58.3941314°",-34.7181771,-58.3941314
2025-08-10 13:22:48-03:00,2025-08-10 13:41:06-03:00,ChIJq9FOxLnNvJURSFfkUxPbZQw,Bares Lanusita,0 days 00:18:18,2025-08,6,True,"-34.7032958°, -58.393461°",-34.7032958,-58.393461
2025-08-10 13:53:11-03:00,2025-08-10 16:35:56-03:00,ChIJHVy47VrMvJURRG8xFxrxkrs,Casa abuelos,0 days 02:42:45,2025-08,6,True,"-34.6983604°, -58.4270401°",-34.6983604,-58.4270401
2025-08-10 17:34:05-03:00,2025-08-10 20:15:48-03:00,ChIJk6Z1EfbKvJURY1rzqXcD0I4,UNKNOWN,0 days 02:41:43,2025-08,6,True,"-34.6130782°, -58.4167116°",-34.6130782,-58.4167116
2025-08-10 20:42:22-03:00,2025-08-11 12:37:07-03:00,ChIJdRmmBA_NvJUROcvrtFw5aqI,INFERRED_HOME,0 days 15:54:45,2025-08,6,True,"-34.7172142°, -58.4094648°",-34.7172142,-58.4094648
2025-08-11 13:41:15-03:00,2025-08-11 15:50:39-03:00,ChIJ38VnINPKvJURjfoLiZAAl-Q,UNKNOWN,0 days 02:09:24,2025-08,0,False,"-34.6075716°, -58.3723604°",-34.6075716,-58.3723604
2025-08-11 15:56:37-03:00,2025-08-11 16:13:01-03:00,ChIJ___Pbs3KvJURJtB--4EB8xc,Trabajo Supervielle,0 days 00:16:24,2025-08,0,False,"-34.6042475°, -58.37352°",-34.6042475,-58.37352
2025-08-11 16:02:05-03:00,2025-08-11 16:11:13-03:00,ChIJSeIQb83KvJUR31HGG_vZTbI,Trabajo Supervielle,0 days 00:09:08,2025-08,0,False,"-34.6043625°, -58.3736067°",-34.6043625,-58.3736067
2025-08-11 16:30:32-03:00,2025-08-11 17:39:52-03:00,ChIJIxYSMMbKvJURqZGJyCpvOFM,Trabajo Teatro Colon,0 days 01:09:20,2025-08,0,False,"-34.601152°, -58.3833278°",-34.601152,-58.3833278
2025-08-11 17:52:12-03:00,2025-08-11 18:00:57-03:00,ChIJUzg-m7TKvJURFFWLi1oLlFA,UNKNOWN,0 days 00:08:45,2025-08,0,False,"-34.59115°, -58.37468°",-34.59115,-58.37468
2025-08-11 19:04:20-03:00,2025-08-11 20:22:09-03:00,ChIJiaxCaw7NvJURWGaM-OWByxk,UNKNOWN,0 days 01:17:49,2025-08,0,False,"-34.7184741°, -58.4074368°",-34.7184741,-58.4074368
2025-08-11 20:26:09-03:00,2025-08-11 20:33:25-03:00,ChIJod24JQ7NvJURhERyxJTxKfQ,UNKNOWN,0 days 00:07:16,2025-08,0,False,"-34.7173693°, -58.4062157°",-34.7173693,-58.4062157
2025-08-11 20:39:26-03:00,2025-08-12 12:10:45-03:00,ChIJdRmmBA_NvJUROcvrtFw5aqI,INFERRED_HOME,0 days 15:31:19,2025-08,0,False,"-34.7172142°, -58.4094648°",-34.7172142,-58.4094648
2025-08-12 12:15:02-03:00,2025-08-12 12:20:48-03:00,ChIJMzGlxw_NvJUR0UobwG_mK24,UNKNOWN,0 days 00:05:46,2025-08,1,False,"-34.7162°, -58.40728°",-34.7162,-58.40728
2025-08-12 13:17:28-03:00,2025-08-12 14:30:23-03:00,ChIJ38VnINPKvJURjfoLiZAAl-Q,UNKNOWN,0 days 01:12:55,2025-08,1,False,"-34.6075716°, -58.3723604°",-34.6075716,-58.3723604
2025-08-12 14:45:36-03:00,2025-08-12 16:00:19-03:00,ChIJt7S9jc7KvJURKxSfAlOXQYM,UNKNOWN,0 days 01:14:43,2025-08,1,False,"-34.603636°, -58.3785832°",-34.603636,-58.3785832
2025-08-12 16:13:35-03:00,2025-08-12 16:56:46-03:00,ChIJiaHxJ8bKvJURXZQ0dg7Bdbg,Trabajo Teatro Colon,0 days 00:43:11,2025-08,1,False,"-34.6010789°, -58.3831346°",-34.6010789,-58.3831346
2025-08-12 17:03:33-03:00,2025-08-12 17:45:50-03:00,ChIJ1WvoxM3KvJURaJFpWZzt2gM,SEARCHED_ADDRESS,0 days 00:42:17,2025-08,1,False,"-34.6043743°, -58.3767386°",-34.6043743,-58.3767386
2025-08-12 19:03:24-03:00,2025-08-13 09:24:59-03:00,ChIJ5_qqHA_NvJURsYhmhKQxDh0,UNKNOWN,0 days 14:21:35,2025-08,1,False,"-34.7172171°, -58.4094893°",-34.7172171,-58.4094893
2025-08-13 10:03:23-03:00,2025-08-13 10:21:05-03:00,ChIJIxYSMMbKvJURqZGJyCpvOFM,Trabajo Teatro Colon,0 days 00:17:42,2025-08,2,False,"-34.601152°, -58.3833278°",-34.601152,-58.3833278
2025-08-13 10:32:23-03:00,2025-08-13 11:16:34-03:00,ChIJozcskDQ1o5UR5Oc85yFQ8lE,Trabajo BBVA,0 days 00:44:11,2025-08,2,False,"-34.5975104°, -58.3700036°",-34.5975104,-58.3700036
2025-08-13 11:24:44-03:00,2025-08-13 12:55:18-03:00,ChIJuZ28VzU1o5UR3yrH7JyU3FM,Trabajo Macro,0 days 01:30:34,2025-08,2,False,"-34.5940986°, -58.3717793°",-34.5940986,-58.3717793
2025-08-13 13:22:00-03:00,2025-08-13 14:28:39-03:00,ChIJiaHxJ8bKvJURXZQ0dg7Bdbg,Trabajo Teatro Colon,0 days 01:06:39,2025-08,2,False,"-34.6010789°, -58.3831346°",-34.6010789,-58.3831346
2025-08-13 14:32:09-03:00,2025-08-13 14:49:02-03:00,ChIJL25pscXKvJURZ3947sk9Lvs,UNKNOWN,0 days 00:16:53,2025-08,2,False,"-34.6053152°, -58.38548°",-34.6053152,-58.38548
2025-08-13 14:32:09-03:00,2025-08-13 14:49:02-03:00,ChIJZUGyzQbLvJUR9FlSDNkG2Bc,UNKNOWN,0 days 00:16:53,2025-08,2,False,"-34.605308°, -58.385476°",-34.605308,-58.385476
2025-08-13 15:23:07-03:00,2025-08-13 16:34:36-03:00,ChIJIxYSMMbKvJURqZGJyCpvOFM,Trabajo Teatro Colon,0 days 01:11:29,2025-08,2,False,"-34.601152°, -58.3833278°",-34.601152,-58.3833278
2025-08-13 16:52:06-03:00,2025-08-13 17:41:20-03:00,ChIJEwbcJXfKvJURQFVywLkpl4c,UNKNOWN,0 days 00:49:14,2025-08,2,False,"-34.5960684°, -58.4312306°",-34.5960684,-58.4312306
2025-08-13 18:47:05-03:00,2025-08-14 13:27:35-03:00,ChIJ5_qqHA_NvJURsYhmhKQxDh0,UNKNOWN,0 days 18:40:30,2025-08,2,False,"-34.7172171°, -58.4094893°",-34.7172171,-58.4094893
2025-08-14 13:48:46-03:00,2025-08-14 13:52:18-03:00,ChIJiQDEBCPNvJUR1iaRPp6sr38,UNKNOWN,0 days 00:03:32,2025-08,3,False,"-34.7075567°, -58.3908743°",-34.7075567,-58.3908743
2025-08-14 14:11:39-03:00,2025-08-14 14:18:54-03:00,ChIJO5OvTjDLvJURn--oIpRP89Q,UNKNOWN,0 days 00:07:15,2025-08,3,False,"-34.6283037°, -58.3805292°",-34.6283037,-58.3805292
2025-08-14 14:36:23-03:00,2025-08-14 17:04:37-03:00,ChIJuZ28VzU1o5UR3yrH7JyU3FM,Trabajo Macro,0 days 02:28:14,2025-08,3,False,"-34.5940986°, -58.3717793°",-34.5940986,-58.3717793
2025-08-14 17:21:45-03:00,2025-08-14 17:27:55-03:00,ChIJUzg-m7TKvJURFFWLi1oLlFA,UNKNOWN,0 days 00:06:10,2025-08,3,False,"-34.59115°, -58.37468°",-34.59115,-58.37468
2025-08-14 18:49:43-03:00,2025-08-14 21:32:41-03:00,ChIJiaxCaw7NvJURWGaM-OWByxk,UNKNOWN,0 days 02:42:58,2025-08,3,False,"-34.7184741°, -58.4074368°",-34.7184741,-58.4074368
2025-08-14 21:50:22-03:00,2025-08-14 23:44:35-03:00,ChIJt6mvqZrMvJURwEflIsBKbSQ,Casa madre,0 days 01:54:13,2025-08,3,False,"-34.673936°, -58.4054231°",-34.673936,-58.4054231
2025-08-15 00:04:18-03:00,2025-08-15 17:56:46-03:00,ChIJiaxCaw7NvJURWGaM-OWByxk,UNKNOWN,0 days 17:52:28,2025-08,4,False,"-34.7184741°, -58.4074368°",-34.7184741,-58.4074368
2025-08-15 17:57:59-03:00,2025-08-15 18:06:01-03:00,ChIJrw867Q7NvJUR2_z7EyN-Qck,UNKNOWN,0 days 00:08:02,2025-08,4,False,"-34.7188036°, -58.4096209°",-34.7188036,-58.4096209
2025-08-15 18:10:12-03:00,2025-08-15 19:30:04-03:00,ChIJiaxCaw7NvJURWGaM-OWByxk,UNKNOWN,0 days 01:19:52,2025-08,4,False,"-34.7184741°, -58.4074368°",-34.7184741,-58.4074368
2025-08-15 19:35:40-03:00,2025-08-15 19:41:23-03:00,ChIJ2QIa7WnNvJURhirTtTZJSvg,UNKNOWN,0 days 00:05:43,2025-08,4,False,"-34.7267415°, -58.3958517°",-34.7267415,-58.3958517
2025-08-15 19:49:05-03:00,2025-08-15 23:21:30-03:00,ChIJ4f09BKoyo5URRI4Km8H2xVY,Casa pablo,0 days 03:32:25,2025-08,4,False,"-34.7321423°, -58.3664323°",-34.7321423,-58.3664323
2025-08-15 23:32:56-03:00,2025-08-16 13:46:06-03:00,ChIJdRmmBA_NvJUROcvrtFw5aqI,INFERRED_HOME,0 days 14:13:10,2025-08,4,False,"-34.7172142°, -58.4094648°",-34.7172142,-58.4094648
2025-08-16 13:57:44-03:00,2025-08-16 17:02:42-03:00,ChIJc76vqlrMvJUR2rFJ_9-mceM,Casa abuelos,0 days 03:04:58,2025-08,5,True,"-34.70057°, -58.42861°",-34.70057,-58.42861
2025-08-16 17:02:42-03:00,2025-08-16 17:11:03-03:00,ChIJBZiI81DMvJUR7g6IHqjwaI4,Casa abuelos,0 days 00:08:21,2025-08,5,True,"-34.7012064°, -58.4255272°",-34.7012064,-58.4255272
2025-08-16 17:11:03-03:00,2025-08-16 18:16:09-03:00,ChIJc76vqlrMvJUR2rFJ_9-mceM,Casa abuelos,0 days 01:05:06,2025-08,5,True,"-34.70057°, -58.42861°",-34.70057,-58.42861
2025-08-16 18:27:38-03:00,2025-08-16 19:16:19-03:00,ChIJD8SQF5DNvJURNtxm8W6eG0I,Barberia,0 days 00:48:41,2025-08,5,True,"-34.7072503°, -58.3956021°",-34.7072503,-58.3956021
2025-08-16 19:23:11-03:00,2025-08-18 11:32:08-03:00,ChIJdRmmBA_NvJUROcvrtFw5aqI,INFERRED_HOME,1 days 16:08:57,2025-08,5,True,"-34.7172142°, -58.4094648°",-34.7172142,-58.4094648
2025-08-18 12:41:15-03:00,2025-08-18 13:54:06-03:00,ChIJozcskDQ1o5UR5Oc85yFQ8lE,Trabajo BBVA,0 days 01:12:51,2025-08,0,False,"-34.5975104°, -58.3700036°",-34.5975104,-58.3700036
2025-08-18 14:23:41-03:00,2025-08-18 18:42:05-03:00,ChIJiaHxJ8bKvJURXZQ0dg7Bdbg,Trabajo Teatro Colon,0 days 04:18:24,2025-08,0,False,"-34.6010789°, -58.3831346°",-34.6010789,-58.3831346
2025-08-18 18:53:52-03:00,2025-08-18 19:48:32-03:00,ChIJuZ28VzU1o5UR3yrH7JyU3FM,Trabajo Macro,0 days 00:54:40,2025-08,0,False,"-34.5940986°, -58.3717793°",-34.5940986,-58.3717793
2025-08-18 20:19:58-03:00,2025-08-19 11:37:30-03:00,ChIJdRmmBA_NvJUROcvrtFw5aqI,INFERRED_HOME,0 days 15:17:32,2025-08,0,False,"-34.7172142°, -58.4094648°",-34.7172142,-58.4094648
2025-08-19 11:52:19-03:00,2025-08-19 11:59:19-03:00,ChIJiQDEBCPNvJUR1iaRPp6sr38,UNKNOWN,0 days 00:07:00,2025-08,1,False,"-34.7075567°, -58.3908743°",-34.7075567,-58.3908743
2025-08-19 12:21:31-03:00,2025-08-19 12:25:34-03:00,ChIJO5OvTjDLvJURn--oIpRP89Q,UNKNOWN,0 days 00:04:03,2025-08,1,False,"-34.6283037°, -58.3805292°",-34.6283037,-58.3805292
2025-08-19 12:43:54-03:00,2025-08-19 15:06:40-03:00,ChIJuZ28VzU1o5UR3yrH7JyU3FM,Trabajo Macro,0 days 02:22:46,2025-08,1,False,"-34.5940986°, -58.3717793°",-34.5940986,-58.3717793
2025-08-19 15:15:23-03:00,2025-08-19 18:26:33-03:00,ChIJ86f0t9LKvJURCM3mzhm31tE,Trabajo Galicia,0 days 03:11:10,2025-08,1,False,"-34.6058399°, -58.3726018°",-34.6058399,-58.3726018
2025-08-19 19:42:25-03:00,2025-08-20 12:53:24-03:00,ChIJdRmmBA_NvJUROcvrtFw5aqI,INFERRED_HOME,0 days 17:10:59,2025-08,1,False,"-34.7172142°, -58.4094648°",-34.7172142,-58.4094648
2025-08-20 13:55:16-03:00,2025-08-20 16:43:26-03:00,ChIJIxYSMMbKvJURqZGJyCpvOFM,Trabajo Teatro Colon,0 days 02:48:10,2025-08,2,False,"-34.601152°, -58.3833278°",-34.601152,-58.3833278
2025-08-20 16:55:46-03:00,2025-08-20 17:08:27-03:00,ChIJUXJyE8nKvJURdXdqNzzK0u0,UNKNOWN,0 days 00:12:41,2025-08,2,False,"-34.5999958°, -58.3787202°",-34.5999958,-58.3787202
2025-08-20 17:22:45-03:00,2025-08-20 18:38:06-03:00,ChIJuZ28VzU1o5UR3yrH7JyU3FM,Trabajo Macro,0 days 01:15:21,2025-08,2,False,"-34.5940986°, -58.3717793°",-34.5940986,-58.3717793
2025-08-20 19:26:35-03:00,2025-08-20 21:13:28-03:00,ChIJiaxCaw7NvJURWGaM-OWByxk,UNKNOWN,0 days 01:46:53,2025-08,2,False,"-34.7184741°, -58.4074368°",-34.7184741,-58.4074368
2025-08-20 21:37:21-03:00,2025-08-20 23:39:10-03:00,ChIJt6mvqZrMvJURwEflIsBKbSQ,Casa madre,0 days 02:01:49,2025-08,2,False,"-34.673936°, -58.4054231°",-34.673936,-58.4054231
2025-08-20 23:52:52-03:00,2025-08-21 13:48:04-03:00,ChIJdRmmBA_NvJUROcvrtFw5aqI,INFERRED_HOME,0 days 13:55:12,2025-08,2,False,"-34.7172142°, -58.4094648°",-34.7172142,-58.4094648
2025-08-21 15:08:56-03:00,2025-08-21 15:33:19-03:00,ChIJq-PnW0jLvJURWiPWOPGyN5I,Trabajo ICBC,0 days 00:24:23,2025-08,3,False,"-34.6076198°, -58.3742574°",-34.6076198,-58.3742574
2025-08-21 15:35:00-03:00,2025-08-21 16:31:56-03:00,ChIJT-ybv9LKvJURHb0Ku5piHEA,Trabajo Galicia,0 days 00:56:56,2025-08,3,False,"-34.6058223°, -58.3726811°",-34.6058223,-58.3726811
2025-08-21 16:46:10-03:00,2025-08-21 17:41:55-03:00,ChIJuZ28VzU1o5UR3yrH7JyU3FM,Trabajo Macro,0 days 00:55:45,2025-08,3,False,"-34.5940986°, -58.3717793°",-34.5940986,-58.3717793
2025-08-21 17:47:10-03:00,2025-08-21 17:54:04-03:00,ChIJUzg-m7TKvJURFFWLi1oLlFA,UNKNOWN,0 days 00:06:54,2025-08,3,False,"-34.59115°, -58.37468°",-34.59115,-58.37468
2025-08-21 19:09:06-03:00,2025-08-22 10:32:37-03:00,ChIJdRmmBA_NvJUROcvrtFw5aqI,INFERRED_HOME,0 days 15:23:31,2025-08,3,False,"-34.7172142°, -58.4094648°",-34.7172142,-58.4094648
2025-08-22 11:32:54-03:00,2025-08-22 12:21:58-03:00,ChIJ86f0t9LKvJURCM3mzhm31tE,Trabajo Galicia,0 days 00:49:04,2025-08,4,False,"-34.6058399°, -58.3726018°",-34.6058399,-58.3726018
2025-08-22 12:26:49-03:00,2025-08-22 13:27:53-03:00,ChIJ___Pbs3KvJURJtB--4EB8xc,Trabajo Supervielle,0 days 01:01:04,2025-08,4,False,"-34.6042475°, -58.37352°",-34.6042475,-58.37352
2025-08-22 12:26:49-03:00,2025-08-22 13:25:48-03:00,ChIJSeIQb83KvJUR31HGG_vZTbI,Trabajo Supervielle,0 days 00:58:59,2025-08,4,False,"-34.6043625°, -58.3736067°",-34.6043625,-58.3736067
2025-08-22 13:51:42-03:00,2025-08-22 16:30:09-03:00,ChIJIxYSMMbKvJURqZGJyCpvOFM,Trabajo Teatro Colon,0 days 02:38:27,2025-08,4,False,"-34.601152°, -58.3833278°",-34.601152,-58.3833278
2025-08-22 17:48:26-03:00,2025-08-22 19:22:31-03:00,ChIJBZiI81DMvJUR7g6IHqjwaI4,Casa abuelos,0 days 01:34:05,2025-08,4,False,"-34.7012064°, -58.4255272°",-34.7012064,-58.4255272
2025-08-22 19:32:37-03:00,2025-08-23 15:09:09-03:00,ChIJdRmmBA_NvJUROcvrtFw5aqI,INFERRED_HOME,0 days 19:36:32,2025-08,4,False,"-34.7172142°, -58.4094648°",-34.7172142,-58.4094648
2025-08-23 15:26:22-03:00,2025-08-23 17:48:02-03:00,ChIJc76vqlrMvJUR2rFJ_9-mceM,Casa abuelos,0 days 02:21:40,2025-08,5,True,"-34.70057°, -58.42861°",-34.70057,-58.42861
2025-08-23 17:58:06-03:00,2025-08-23 19:08:09-03:00,ChIJD8SQF5DNvJURNtxm8W6eG0I,Barberia,0 days 01:10:03,2025-08,5,True,"-34.7072503°, -58.3956021°",-34.7072503,-58.3956021
2025-08-23 19:14:25-03:00,2025-08-24 12:55:32-03:00,ChIJdRmmBA_NvJUROcvrtFw5aqI,INFERRED_HOME,0 days 17:41:07,2025-08,5,True,"-34.7172142°, -58.4094648°",-34.7172142,-58.4094648
2025-08-24 13:05:48-03:00,2025-08-24 13:16:44-03:00,ChIJq9FOxLnNvJURSFfkUxPbZQw,Bares Lanusita,0 days 00:10:56,2025-08,6,True,"-34.7032958°, -58.393461°",-34.7032958,-58.393461
2025-08-24 13:25:16-03:00,2025-08-24 18:39:17-03:00,ChIJc76vqlrMvJUR2rFJ_9-mceM,Casa abuelos,0 days 05:14:01,2025-08,6,True,"-34.70057°, -58.42861°",-34.70057,-58.42861
2025-08-24 19:06:23-03:00,2025-08-25 13:03:49-03:00,ChIJdRmmBA_NvJUROcvrtFw5aqI,INFERRED_HOME,0 days 17:57:26,2025-08,6,True,"-34.7172142°, -58.4094648°",-34.7172142,-58.4094648
2025-08-25 13:24:39-03:00,2025-08-25 13:26:55-03:00,ChIJiQDEBCPNvJUR1iaRPp6sr38,UNKNOWN,0 days 00:02:16,2025-08,0,False,"-34.7075567°, -58.3908743°",-34.7075567,-58.3908743
2025-08-25 14:09:37-03:00,2025-08-25 15:28:43-03:00,ChIJ6UXWTy01o5URRRYeyMZm_QI,Trabajo Columbia,0 days 01:19:06,2025-08,0,False,"-34.6047587°, -58.3711958°",-34.6047587,-58.3711958
2025-08-25 15:59:56-03:00,2025-08-25 18:48:56-03:00,ChIJIxYSMMbKvJURqZGJyCpvOFM,Trabajo Teatro Colon,0 days 02:49:00,2025-08,0,False,"-34.601152°, -58.3833278°",-34.601152,-58.3833278
2025-08-25 19:27:55-03:00,2025-08-26 12:04:51-03:00,ChIJdRmmBA_NvJUROcvrtFw5aqI,INFERRED_HOME,0 days 16:36:56,2025-08,0,False,"-34.7172142°, -58.4094648°",-34.7172142,-58.4094648
2025-08-26 12:27:15-03:00,2025-08-26 12:53:54-03:00,ChIJ0fqVZ7U0o5UR7UdvCYAZZQM,UNKNOWN,0 days 00:26:39,2025-08,1,False,"-34.6349115°, -58.3717347°",-34.6349115,-58.3717347
2025-08-26 12:57:05-03:00,2025-08-26 14:15:49-03:00,ChIJh4ZK0FfLvJURIjsYSB7jdIo,Casa lau,0 days 01:18:44,2025-08,1,False,"-34.6363768°, -58.3748847°",-34.6363768,-58.3748847
2025-08-26 14:21:04-03:00,2025-08-26 14:28:02-03:00,ChIJ0fqVZ7U0o5UR7UdvCYAZZQM,UNKNOWN,0 days 00:06:58,2025-08,1,False,"-34.6349115°, -58.3717347°",-34.6349115,-58.3717347
2025-08-26 14:36:16-03:00,2025-08-26 15:57:10-03:00,ChIJTan6eanLvJURuUIJCSLkP-I,UNKNOWN,0 days 01:20:54,2025-08,1,False,"-34.6282921°, -58.3908752°",-34.6282921,-58.3908752
2025-08-26 16:23:47-03:00,2025-08-26 16:27:20-03:00,ChIJsZmi8SPNvJURbRamJokCPrA,UNKNOWN,0 days 00:03:33,2025-08,1,False,"-34.7051645°, -58.3894032°",-34.7051645,-58.3894032
2025-08-26 16:50:08-03:00,2025-08-26 17:10:51-03:00,ChIJt6mvqZrMvJURwEflIsBKbSQ,Casa madre,0 days 00:20:43,2025-08,1,False,"-34.673936°, -58.4054231°",-34.673936,-58.4054231
2025-08-26 17:21:35-03:00,2025-08-26 18:36:15-03:00,ChIJhTphEeTMvJURpYLiPWrWiq4,UNKNOWN,0 days 01:14:40,2025-08,1,False,"-34.696258°, -58.4002182°",-34.696258,-58.4002182
2025-08-26 18:45:40-03:00,2025-08-26 21:13:00-03:00,ChIJt6mvqZrMvJURwEflIsBKbSQ,Casa madre,0 days 02:27:20,2025-08,1,False,"-34.673936°, -58.4054231°",-34.673936,-58.4054231
2025-08-26 21:37:09-03:00,2025-08-27 09:55:57-03:00,ChIJdRmmBA_NvJUROcvrtFw5aqI,INFERRED_HOME,0 days 12:18:48,2025-08,1,False,"-34.7172142°, -58.4094648°",-34.7172142,-58.4094648
2025-08-27 10:26:05-03:00,2025-08-27 10:32:47-03:00,ChIJiQDEBCPNvJUR1iaRPp6sr38,UNKNOWN,0 days 00:06:42,2025-08,2,False,"-34.7075567°, -58.3908743°",-34.7075567,-58.3908743
2025-08-27 10:49:16-03:00,2025-08-27 10:51:17-03:00,ChIJO5OvTjDLvJURn--oIpRP89Q,UNKNOWN,0 days 00:02:01,2025-08,2,False,"-34.6283037°, -58.3805292°",-34.6283037,-58.3805292
2025-08-27 11:08:38-03:00,2025-08-27 12:27:20-03:00,ChIJWwNBpdLKvJUR0nZKx5c7nq4,Trabajo Galicia,0 days 01:18:42,2025-08,2,False,"-34.6054579°, -58.3724473°",-34.6054579,-58.3724473
2025-08-27 11:08:38-03:00,2025-08-27 11:22:38-03:00,ChIJPaop8M3KvJURbpDWE-rnX6c,Trabajo Galicia,0 days 00:14:00,2025-08,2,False,"-34.6058223°, -58.3726811°",-34.6058223,-58.3726811
2025-08-27 12:35:16-03:00,2025-08-27 14:37:34-03:00,ChIJKWhO6MjKvJURw4ntKq5W_7E,UNKNOWN,0 days 02:02:18,2025-08,2,False,"-34.6074014°, -58.3723446°",-34.6074014,-58.3723446
2025-08-27 15:00:34-03:00,2025-08-27 17:34:51-03:00,ChIJIxYSMMbKvJURqZGJyCpvOFM,Trabajo Teatro Colon,0 days 02:34:17,2025-08,2,False,"-34.601152°, -58.3833278°",-34.601152,-58.3833278
2025-08-27 17:43:35-03:00,2025-08-27 17:53:27-03:00,ChIJUzg-m7TKvJURFFWLi1oLlFA,UNKNOWN,0 days 00:09:52,2025-08,2,False,"-34.59115°, -58.37468°",-34.59115,-58.37468
2025-08-27 19:07:59-03:00,2025-08-28 09:24:24-03:00,ChIJdRmmBA_NvJUROcvrtFw5aqI,INFERRED_HOME,0 days 14:16:25,2025-08,2,False,"-34.7172142°, -58.4094648°",-34.7172142,-58.4094648
2025-08-28 10:36:25-03:00,2025-08-28 10:42:32-03:00,ChIJ1WvoxM3KvJURaJFpWZzt2gM,SEARCHED_ADDRESS,0 days 00:06:07,2025-08,3,False,"-34.6043743°, -58.3767386°",-34.6043743,-58.3767386
2025-08-28 10:53:41-03:00,2025-08-28 11:09:41-03:00,ChIJ71b4MMTKvJURgrka3BeAhgY,UNKNOWN,0 days 00:16:00,2025-08,3,False,"-34.6046991°, -58.3862737°",-34.6046991,-58.3862737
2025-08-28 11:12:29-03:00,2025-08-28 11:30:34-03:00,ChIJ7fdXD8XKvJURUVCcqS05i2s,UNKNOWN,0 days 00:18:05,2025-08,3,False,"-34.6064163°, -58.3853439°",-34.6064163,-58.3853439
2025-08-28 11:38:32-03:00,2025-08-28 11:49:43-03:00,ChIJIxYSMMbKvJURqZGJyCpvOFM,Trabajo Teatro Colon,0 days 00:11:11,2025-08,3,False,"-34.601152°, -58.3833278°",-34.601152,-58.3833278
2025-08-28 12:16:58-03:00,2025-08-28 12:57:53-03:00,ChIJKyzoRS01o5URxY4l0iCdu7I,Trabajo Columbia,0 days 00:40:55,2025-08,3,False,"-34.6052778°, -58.3708333°",-34.6052778,-58.3708333
2025-08-28 12:16:58-03:00,2025-08-28 12:55:27-03:00,ChIJYzmPTy01o5URVHM001Eb5QY,Trabajo Columbia,0 days 00:38:29,2025-08,3,False,"-34.6053094°, -58.37084°",-34.6053094,-58.37084
2025-08-28 13:13:36-03:00,2025-08-28 13:52:32-03:00,ChIJ5TzWetLKvJURxzt1cDvPF-k,UNKNOWN,0 days 00:38:56,2025-08,3,False,"-34.6060778°, -58.3750133°",-34.6060778,-58.3750133
2025-08-28 13:13:36-03:00,2025-08-28 13:52:32-03:00,ChIJu4ubkdLKvJUReCD5EvsEjMU,UNKNOWN,0 days 00:38:56,2025-08,3,False,"-34.6060581°, -58.3749897°",-34.6060581,-58.3749897
2025-08-28 14:10:05-03:00,2025-08-28 15:47:27-03:00,ChIJozcskDQ1o5UR5Oc85yFQ8lE,Trabajo BBVA,0 days 01:37:22,2025-08,3,False,"-34.5975104°, -58.3700036°",-34.5975104,-58.3700036
2025-08-28 15:51:27-03:00,2025-08-28 16:02:31-03:00,ChIJr_waC8vKvJURnJ45T8-lU40,UNKNOWN,0 days 00:11:04,2025-08,3,False,"-34.5992496°, -58.3747789°",-34.5992496,-58.3747789
2025-08-28 15:53:27-03:00,2025-08-28 16:02:31-03:00,ChIJv4lMZBjLvJURJ-Hn21x76XI,UNKNOWN,0 days 00:09:04,2025-08,3,False,"-34.5988142°, -58.3753074°",-34.5988142,-58.3753074
2025-08-28 16:11:32-03:00,2025-08-28 17:28:57-03:00,ChIJIxYSMMbKvJURqZGJyCpvOFM,Trabajo Teatro Colon,0 days 01:17:25,2025-08,3,False,"-34.601152°, -58.3833278°",-34.601152,-58.3833278
2025-08-28 17:38:21-03:00,2025-08-28 20:49:54-03:00,ChIJuZ28VzU1o5UR3yrH7JyU3FM,Trabajo Macro,0 days 03:11:33,2025-08,3,False,"-34.5940986°, -58.3717793°",-34.5940986,-58.3717793
2025-08-28 21:32:05-03:00,2025-08-29 11:06:15-03:00,ChIJdRmmBA_NvJUROcvrtFw5aqI,INFERRED_HOME,0 days 13:34:10,2025-08,3,False,"-34.7172142°, -58.4094648°",-34.7172142,-58.4094648
2025-08-29 11:48:30-03:00,2025-08-29 12:46:15-03:00,ChIJO5OvTjDLvJURn--oIpRP89Q,UNKNOWN,0 days 00:57:45,2025-08,4,False,"-34.6283037°, -58.3805292°",-34.6283037,-58.3805292
2025-08-29 12:51:10-03:00,2025-08-29 16:07:38-03:00,ChIJTan6eanLvJURuUIJCSLkP-I,UNKNOWN,0 days 03:16:28,2025-08,4,False,"-34.6282921°, -58.3908752°",-34.6282921,-58.3908752
2025-08-29 16:28:42-03:00,2025-08-29 17:30:43-03:00,ChIJIxYSMMbKvJURqZGJyCpvOFM,Trabajo Teatro Colon,0 days 01:02:01,2025-08,4,False,"-34.601152°, -58.3833278°",-34.601152,-58.3833278
2025-08-29 17:39:46-03:00,2025-08-29 20:39:40-03:00,ChIJuZ28VzU1o5UR3yrH7JyU3FM,Trabajo Macro,0 days 02:59:54,2025-08,4,False,"-34.5940986°, -58.3717793°",-34.5940986,-58.3717793
2025-08-29 21:56:37-03:00,2025-08-29 22:46:57-03:00,ChIJdRmmBA_NvJUROcvrtFw5aqI,INFERRED_HOME,0 days 00:50:20,2025-08,4,False,"-34.7172142°, -58.4094648°",-34.7172142,-58.4094648
2025-08-29 23:01:05-03:00,2025-08-30 02:56:06-03:00,ChIJzzTZP0bNvJURReR99PSgROw,UNKNOWN,0 days 03:55:01,2025-08,4,False,"-34.7118796°, -58.3880599°",-34.7118796,-58.3880599
2025-08-30 03:03:15-03:00,2025-08-30 15:18:59-03:00,ChIJdRmmBA_NvJUROcvrtFw5aqI,INFERRED_HOME,0 days 12:15:44,2025-08,5,True,"-34.7172142°, -58.4094648°",-34.7172142,-58.4094648
2025-08-30 15:42:35-03:00,2025-08-30 17:50:46-03:00,ChIJc76vqlrMvJUR2rFJ_9-mceM,Casa abuelos,0 days 02:08:11,2025-08,5,True,"-34.70057°, -58.42861°",-34.70057,-58.42861
2025-08-30 18:01:52-03:00,2025-08-30 19:14:17-03:00,ChIJD8SQF5DNvJURNtxm8W6eG0I,Barberia,0 days 01:12:25,2025-08,5,True,"-34.7072503°, -58.3956021°",-34.7072503,-58.3956021
2025-08-30 19:24:45-03:00,2025-08-31 17:02:47-03:00,ChIJ5_qqHA_NvJURsYhmhKQxDh0,UNKNOWN,0 days 21:38:02,2025-08,5,True,"-34.7172171°, -58.4094893°",-34.7172171,-58.4094893
2025-08-31 17:24:19-03:00,2025-08-31 17:40:05-03:00,ChIJsZmi8SPNvJURbRamJokCPrA,UNKNOWN,0 days 00:15:46,2025-08,6,True,"-34.7051645°, -58.3894032°",-34.7051645,-58.3894032
2025-08-31 17:53:31-03:00,2025-08-31 20:03:06-03:00,ChIJv8p68kbNvJURza7962Br1FQ,Casa abuelos,0 days 02:09:35,2025-08,6,True,"-34.6996796°, -58.4243581°",-34.6996796,-58.4243581
2025-08-31 20:11:30-03:00,2025-09-01 08:33:46-03:00,ChIJ5_qqHA_NvJURsYhmhKQxDh0,UNKNOWN,0 days 12:22:16,2025-08,6,True,"-34.7172171°, -58.4094893°",-34.7172171,-58.4094893
2025-09-01 09:33:27-03:00,2025-09-01 10:26:17-03:00,ChIJPbtP4lfKvJURDPKYCQYlUnw,WORK,0 days 00:52:50,2025-09,0,False,"-34.5436434°, -58.5172221°",-34.5436434,-58.5172221
2025-09-01 11:21:34-03:00,2025-09-01 13:19:45-03:00,ChIJIxYSMMbKvJURqZGJyCpvOFM,Trabajo Teatro Colon,0 days 01:58:11,2025-09,0,False,"-34.601152°, -58.3833278°",-34.601152,-58.3833278
2025-09-01 13:27:07-03:00,2025-09-01 14:02:00-03:00,ChIJ1WvoxM3KvJURaJFpWZzt2gM,SEARCHED_ADDRESS,0 days 00:34:53,2025-09,0,False,"-34.6043743°, -58.3767386°",-34.6043743,-58.3767386
2025-09-01 14:16:01-03:00,2025-09-01 14:57:02-03:00,ChIJozcskDQ1o5UR5Oc85yFQ8lE,Trabajo BBVA,0 days 00:41:01,2025-09,0,False,"-34.5975104°, -58.3700036°",-34.5975104,-58.3700036
2025-09-01 15:18:18-03:00,2025-09-01 17:01:12-03:00,ChIJIxYSMMbKvJURqZGJyCpvOFM,Trabajo Teatro Colon,0 days 01:42:54,2025-09,0,False,"-34.601152°, -58.3833278°",-34.601152,-58.3833278
2025-09-01 18:12:47-03:00,2025-09-02 07:30:21-03:00,ChIJ5_qqHA_NvJURsYhmhKQxDh0,UNKNOWN,0 days 13:17:34,2025-09,0,False,"-34.7172171°, -58.4094893°",-34.7172171,-58.4094893
2025-09-02 08:11:25-03:00,2025-09-02 09:35:08-03:00,ChIJ94bcKKLUvJURzMQk0F4CtdY,SEARCHED_ADDRESS,0 days 01:23:43,2025-09,1,False,"-34.8244534°, -58.3921362°",-34.8244534,-58.3921362
2025-09-02 10:33:03-03:00,2025-09-02 10:45:13-03:00,ChIJIQxgqjvNvJURcu4swPCqelE,UNKNOWN,0 days 00:12:10,2025-09,1,False,"-34.7110377°, -58.3862263°",-34.7110377,-58.3862263
2025-09-02 10:33:03-03:00,2025-09-02 10:45:13-03:00,ChIJDT0zqjvNvJURTqNKKJ3XCf8,UNKNOWN,0 days 00:12:10,2025-09,1,False,"-34.7107784°, -58.3863784°",-34.7107784,-58.3863784
2025-09-02 10:49:13-03:00,2025-09-02 10:54:49-03:00,ChIJtc-vFVbNvJURF4OiZRRF-U4,UNKNOWN,0 days 00:05:36,2025-09,1,False,"-34.7088778°, -58.3872308°",-34.7088778,-58.3872308
2025-09-02 12:41:52-03:00,2025-09-02 14:04:23-03:00,ChIJPbtP4lfKvJURDPKYCQYlUnw,WORK,0 days 01:22:31,2025-09,1,False,"-34.5436434°, -58.5172221°",-34.5436434,-58.5172221
2025-09-02 14:34:59-03:00,2025-09-02 16:49:11-03:00,ChIJIxYSMMbKvJURqZGJyCpvOFM,Trabajo Teatro Colon,0 days 02:14:12,2025-09,1,False,"-34.601152°, -58.3833278°",-34.601152,-58.3833278
2025-09-02 17:01:38-03:00,2025-09-02 17:07:33-03:00,ChIJ2WVuqLPKvJURSMIERHR62l0,UNKNOWN,0 days 00:05:55,2025-09,1,False,"-34.5893615°, -58.3731595°",-34.5893615,-58.3731595
2025-09-02 18:19:54-03:00,2025-09-02 19:21:41-03:00,ChIJdRmmBA_NvJUROcvrtFw5aqI,INFERRED_HOME,0 days 01:01:47,2025-09,1,False,"-34.7172142°, -58.4094648°",-34.7172142,-58.4094648
2025-09-02 19:25:42-03:00,2025-09-02 19:33:24-03:00,ChIJrw867Q7NvJUR2_z7EyN-Qck,UNKNOWN,0 days 00:07:42,2025-09,1,False,"-34.7188036°, -58.4096209°",-34.7188036,-58.4096209
2025-09-02 19:35:24-03:00,2025-09-03 11:13:12-03:00,ChIJdRmmBA_NvJUROcvrtFw5aqI,INFERRED_HOME,0 days 15:37:48,2025-09,1,False,"-34.7172142°, -58.4094648°",-34.7172142,-58.4094648
2025-09-03 12:21:02-03:00,2025-09-03 13:16:22-03:00,ChIJ1WvoxM3KvJURaJFpWZzt2gM,SEARCHED_ADDRESS,0 days 00:55:20,2025-09,2,False,"-34.6043743°, -58.3767386°",-34.6043743,-58.3767386
2025-09-03 13:27:58-03:00,2025-09-03 17:09:55-03:00,ChIJiaHxJ8bKvJURXZQ0dg7Bdbg,Trabajo Teatro Colon,0 days 03:41:57,2025-09,2,False,"-34.6010789°, -58.3831346°",-34.6010789,-58.3831346
2025-09-03 17:20:51-03:00,2025-09-03 17:28:52-03:00,ChIJ2WVuqLPKvJURSMIERHR62l0,UNKNOWN,0 days 00:08:01,2025-09,2,False,"-34.5893615°, -58.3731595°",-34.5893615,-58.3731595
2025-09-03 18:32:38-03:00,2025-09-04 10:25:54-03:00,ChIJdRmmBA_NvJUROcvrtFw5aqI,INFERRED_HOME,0 days 15:53:16,2025-09,2,False,"-34.7172142°, -58.4094648°",-34.7172142,-58.4094648
2025-09-04 11:22:26-03:00,2025-09-04 13:54:51-03:00,ChIJIxYSMMbKvJURqZGJyCpvOFM,Trabajo Teatro Colon,0 days 02:32:25,2025-09,3,False,"-34.601152°, -58.3833278°",-34.601152,-58.3833278
2025-09-04 14:03:32-03:00,2025-09-04 14:20:21-03:00,ChIJ1WvoxM3KvJURaJFpWZzt2gM,SEARCHED_ADDRESS,0 days 00:16:49,2025-09,3,False,"-34.6043743°, -58.3767386°",-34.6043743,-58.3767386
2025-09-04 14:41:07-03:00,2025-09-04 18:07:49-03:00,ChIJuZ28VzU1o5UR3yrH7JyU3FM,Trabajo Macro,0 days 03:26:42,2025-09,3,False,"-34.5940986°, -58.3717793°",-34.5940986,-58.3717793
2025-09-04 18:13:13-03:00,2025-09-04 18:30:59-03:00,ChIJ2WVuqLPKvJURSMIERHR62l0,UNKNOWN,0 days 00:17:46,2025-09,3,False,"-34.5893615°, -58.3731595°",-34.5893615,-58.3731595
2025-09-04 19:57:39-03:00,2025-09-05 11:19:58-03:00,ChIJiaxCaw7NvJURWGaM-OWByxk,UNKNOWN,0 days 15:22:19,2025-09,3,False,"-34.7184741°, -58.4074368°",-34.7184741,-58.4074368
2025-09-05 12:21:53-03:00,2025-09-05 14:35:12-03:00,ChIJuZ28VzU1o5UR3yrH7JyU3FM,Trabajo Macro,0 days 02:13:19,2025-09,4,False,"-34.5940986°, -58.3717793°",-34.5940986,-58.3717793
2025-09-05 15:02:46-03:00,2025-09-05 17:38:12-03:00,ChIJIxYSMMbKvJURqZGJyCpvOFM,Trabajo Teatro Colon,0 days 02:35:26,2025-09,4,False,"-34.601152°, -58.3833278°",-34.601152,-58.3833278
2025-09-05 19:51:20-03:00,2025-09-06 13:49:13-03:00,ChIJdRmmBA_NvJUROcvrtFw5aqI,INFERRED_HOME,0 days 17:57:53,2025-09,4,False,"-34.7172142°, -58.4094648°",-34.7172142,-58.4094648
2025-09-06 14:02:11-03:00,2025-09-06 15:04:57-03:00,ChIJc76vqlrMvJUR2rFJ_9-mceM,Casa abuelos,0 days 01:02:46,2025-09,5,True,"-34.70057°, -58.42861°",-34.70057,-58.42861
2025-09-06 15:18:02-03:00,2025-09-06 17:57:39-03:00,ChIJc76vqlrMvJUR2rFJ_9-mceM,Casa abuelos,0 days 02:39:37,2025-09,5,True,"-34.70057°, -58.42861°",-34.70057,-58.42861
2025-09-06 18:08:19-03:00,2025-09-06 19:10:20-03:00,ChIJD8SQF5DNvJURNtxm8W6eG0I,Barberia,0 days 01:02:01,2025-09,5,True,"-34.7072503°, -58.3956021°",-34.7072503,-58.3956021
2025-09-06 19:20:05-03:00,2025-09-07 09:43:42-03:00,ChIJdRmmBA_NvJUROcvrtFw5aqI,INFERRED_HOME,0 days 14:23:37,2025-09,5,True,"-34.7172142°, -58.4094648°",-34.7172142,-58.4094648
2025-09-07 09:57:05-03:00,2025-09-07 10:07:06-03:00,ChIJReIgx3LNvJUR_Mwv9qCKYWc,UNKNOWN,0 days 00:10:01,2025-09,6,True,"-34.72526°, -58.40744°",-34.72526,-58.40744
2025-09-07 10:15:56-03:00,2025-09-07 10:21:24-03:00,ChIJrw867Q7NvJUR2_z7EyN-Qck,UNKNOWN,0 days 00:05:28,2025-09,6,True,"-34.7188036°, -58.4096209°",-34.7188036,-58.4096209
2025-09-07 10:26:44-03:00,2025-09-08 11:04:28-03:00,ChIJdRmmBA_NvJUROcvrtFw5aqI,INFERRED_HOME,1 days 00:37:44,2025-09,6,True,"-34.7172142°, -58.4094648°",-34.7172142,-58.4094648
2025-09-08 12:05:26-03:00,2025-09-08 16:27:52-03:00,ChIJuZ28VzU1o5UR3yrH7JyU3FM,Trabajo Macro,0 days 04:22:26,2025-09,0,False,"-34.5940986°, -58.3717793°",-34.5940986,-58.3717793
2025-09-08 16:37:39-03:00,2025-09-08 16:46:53-03:00,ChIJUzg-m7TKvJURFFWLi1oLlFA,UNKNOWN,0 days 00:09:14,2025-09,0,False,"-34.59115°, -58.37468°",-34.59115,-58.37468
2025-09-08 17:56:18-03:00,2025-09-09 13:13:45-03:00,ChIJdRmmBA_NvJUROcvrtFw5aqI,INFERRED_HOME,0 days 19:17:27,2025-09,0,False,"-34.7172142°, -58.4094648°",-34.7172142,-58.4094648
2025-09-09 13:36:10-03:00,2025-09-09 14:13:06-03:00,ChIJBzSpRbHMvJUR0kdkzShZKB0,UNKNOWN,0 days 00:36:56,2025-09,1,False,"-34.6704799°, -58.3783146°",-34.6704799,-58.3783146
2025-09-09 14:15:08-03:00,2025-09-09 14:23:07-03:00,ChIJCUehVLDMvJURWNhYliSR9F4,UNKNOWN,0 days 00:07:59,2025-09,1,False,"-34.6691599°, -58.3803049°",-34.6691599,-58.3803049
2025-09-09 14:45:01-03:00,2025-09-09 15:30:22-03:00,ChIJiaHxJ8bKvJURXZQ0dg7Bdbg,Trabajo Teatro Colon,0 days 00:45:21,2025-09,1,False,"-34.6010789°, -58.3831346°",-34.6010789,-58.3831346
2025-09-09 15:42:28-03:00,2025-09-09 16:19:17-03:00,ChIJT-ybv9LKvJURHb0Ku5piHEA,Trabajo Galicia,0 days 00:36:49,2025-09,1,False,"-34.6058223°, -58.3726811°",-34.6058223,-58.3726811
2025-09-09 16:39:39-03:00,2025-09-09 17:42:28-03:00,ChIJIxYSMMbKvJURqZGJyCpvOFM,Trabajo Teatro Colon,0 days 01:02:49,2025-09,1,False,"-34.601152°, -58.3833278°",-34.601152,-58.3833278
2025-09-09 18:03:38-03:00,2025-09-09 18:09:11-03:00,ChIJUzg-m7TKvJURFFWLi1oLlFA,UNKNOWN,0 days 00:05:33,2025-09,1,False,"-34.59115°, -58.37468°",-34.59115,-58.37468
2025-09-09 19:18:34-03:00,2025-09-10 11:16:06-03:00,ChIJdRmmBA_NvJUROcvrtFw5aqI,INFERRED_HOME,0 days 15:57:32,2025-09,1,False,"-34.7172142°, -58.4094648°",-34.7172142,-58.4094648
2025-09-10 12:47:43-03:00,2025-09-10 12:51:00-03:00,ChIJO5OvTjDLvJURn--oIpRP89Q,UNKNOWN,0 days 00:03:17,2025-09,2,False,"-34.6283037°, -58.3805292°",-34.6283037,-58.3805292
2025-09-10 13:01:53-03:00,2025-09-10 13:05:40-03:00,ChIJQwAXTtDKvJURfV25pE8bhDw,UNKNOWN,0 days 00:03:47,2025-09,2,False,"-34.60899°, -58.38068°",-34.60899,-58.38068
2025-09-10 13:14:08-03:00,2025-09-10 13:39:15-03:00,ChIJ24SkTC01o5URdHUB2LRUb_c,Trabajo Galicia,0 days 00:25:07,2025-09,2,False,"-34.6055097°, -58.3717386°",-34.6055097,-58.3717386
2025-09-10 14:01:16-03:00,2025-09-10 17:34:07-03:00,ChIJiaHxJ8bKvJURXZQ0dg7Bdbg,Trabajo Teatro Colon,0 days 03:32:51,2025-09,2,False,"-34.6010789°, -58.3831346°",-34.6010789,-58.3831346
2025-09-10 19:17:34-03:00,2025-09-11 10:48:51-03:00,ChIJ5_qqHA_NvJURsYhmhKQxDh0,UNKNOWN,0 days 15:31:17,2025-09,2,False,"-34.7172171°, -58.4094893°",-34.7172171,-58.4094893
2025-09-11 11:13:54-03:00,2025-09-11 11:29:29-03:00,ChIJTV0Jq9_MvJUR6VakDs6v-tU,UNKNOWN,0 days 00:15:35,2025-09,3,False,"-34.6983355°, -58.3923265°",-34.6983355,-58.3923265
2025-09-11 11:39:34-03:00,2025-09-11 11:49:14-03:00,ChIJBzSpRbHMvJUR0kdkzShZKB0,UNKNOWN,0 days 00:09:40,2025-09,3,False,"-34.6704799°, -58.3783146°",-34.6704799,-58.3783146
2025-09-11 12:10:47-03:00,2025-09-11 13:20:45-03:00,ChIJTan6eanLvJURuUIJCSLkP-I,UNKNOWN,0 days 01:09:58,2025-09,3,False,"-34.6282921°, -58.3908752°",-34.6282921,-58.3908752
2025-09-11 13:40:23-03:00,2025-09-11 14:10:19-03:00,ChIJIxYSMMbKvJURqZGJyCpvOFM,Trabajo Teatro Colon,0 days 00:29:56,2025-09,3,False,"-34.601152°, -58.3833278°",-34.601152,-58.3833278
2025-09-11 14:24:35-03:00,2025-09-11 15:41:26-03:00,ChIJWwNBpdLKvJUR0nZKx5c7nq4,Trabajo Galicia,0 days 01:16:51,2025-09,3,False,"-34.6054579°, -58.3724473°",-34.6054579,-58.3724473
2025-09-11 14:57:23-03:00,2025-09-11 15:41:26-03:00,ChIJPaop8M3KvJURbpDWE-rnX6c,Trabajo Galicia,0 days 00:44:03,2025-09,3,False,"-34.6058223°, -58.3726811°",-34.6058223,-58.3726811
2025-09-11 15:59:28-03:00,2025-09-11 17:01:03-03:00,ChIJ-5b1MtLKvJUR_MRYyAEgpow,UNKNOWN,0 days 01:01:35,2025-09,3,False,"-34.6083322°, -58.3766457°",-34.6083322,-58.3766457
2025-09-11 16:05:28-03:00,2025-09-11 17:01:03-03:00,ChIJAxcRzNPKvJURdTfUenR6Yxg,UNKNOWN,0 days 00:55:35,2025-09,3,False,"-34.6085502°, -58.3766474°",-34.6085502,-58.3766474
2025-09-11 17:18:30-03:00,2025-09-11 17:34:07-03:00,ChIJIxYSMMbKvJURqZGJyCpvOFM,Trabajo Teatro Colon,0 days 00:15:37,2025-09,3,False,"-34.601152°, -58.3833278°",-34.601152,-58.3833278
2025-09-11 18:09:16-03:00,2025-09-11 21:49:43-03:00,ChIJ5_qqHA_NvJURsYhmhKQxDh0,UNKNOWN,0 days 03:40:27,2025-09,3,False,"-34.7172171°, -58.4094893°",-34.7172171,-58.4094893
2025-09-11 22:06:26-03:00,2025-09-12 00:04:51-03:00,ChIJt6mvqZrMvJURwEflIsBKbSQ,Casa madre,0 days 01:58:25,2025-09,3,False,"-34.673936°, -58.4054231°",-34.673936,-58.4054231
2025-09-12 00:20:48-03:00,2025-09-12 12:19:10-03:00,ChIJ5_qqHA_NvJURsYhmhKQxDh0,UNKNOWN,0 days 11:58:22,2025-09,4,False,"-34.7172171°, -58.4094893°",-34.7172171,-58.4094893
2025-09-12 13:01:20-03:00,2025-09-12 14:05:44-03:00,ChIJS8u27s00o5UR9dtpsV0MFkM,Trabajo Santander,0 days 01:04:24,2025-09,4,False,"-34.6238941°, -58.367137°",-34.6238941,-58.367137
2025-09-12 14:17:50-03:00,2025-09-12 15:23:38-03:00,ChIJozcskDQ1o5UR5Oc85yFQ8lE,Trabajo BBVA,0 days 01:05:48,2025-09,4,False,"-34.5975104°, -58.3700036°",-34.5975104,-58.3700036
2025-09-12 15:26:15-03:00,2025-09-12 17:28:33-03:00,ChIJuZ28VzU1o5UR3yrH7JyU3FM,Trabajo Macro,0 days 02:02:18,2025-09,4,False,"-34.5940986°, -58.3717793°",-34.5940986,-58.3717793
2025-09-12 18:42:36-03:00,2025-09-12 19:34:42-03:00,ChIJD8SQF5DNvJURNtxm8W6eG0I,Barberia,0 days 00:52:06,2025-09,4,False,"-34.7072503°, -58.3956021°",-34.7072503,-58.3956021
2025-09-12 19:42:40-03:00,2025-09-13 13:15:48-03:00,ChIJ5_qqHA_NvJURsYhmhKQxDh0,UNKNOWN,0 days 17:33:08,2025-09,4,False,"-34.7172171°, -58.4094893°",-34.7172171,-58.4094893
2025-09-13 13:25:41-03:00,2025-09-13 14:29:15-03:00,ChIJ07U9l1rMvJUR45T1QwpzrYI,Casa abuelos,0 days 01:03:34,2025-09,5,True,"-34.6994748°, -58.4270458°",-34.6994748,-58.4270458
2025-09-13 14:53:57-03:00,2025-09-13 20:10:37-03:00,ChIJiXqyScC2vJURa7eDXB_4r7Q,DOT,0 days 05:16:40,2025-09,5,True,"-34.5464856°, -58.4878535°",-34.5464856,-58.4878535
2025-09-13 14:57:12-03:00,2025-09-13 20:10:37-03:00,ChIJVdWUBsG2vJURvJLR8J_liAA,DOT,0 days 05:13:25,2025-09,5,True,"-34.5463714°, -58.4879455°",-34.5463714,-58.4879455
2025-09-13 20:31:33-03:00,2025-09-13 20:37:22-03:00,ChIJoxmzbgm3vJURo3TTxKz3u64,SEARCHED_ADDRESS,0 days 00:05:49,2025-09,5,True,"-34.5753027°, -58.5248043°",-34.5753027,-58.5248043
2025-09-13 21:13:45-03:00,2025-09-14 02:48:55-03:00,ChIJ4f09BKoyo5URRI4Km8H2xVY,Casa pablo,0 days 05:35:10,2025-09,5,True,"-34.7321423°, -58.3664323°",-34.7321423,-58.3664323
2025-09-14 03:11:17-03:00,2025-09-14 13:07:26-03:00,ChIJ5_qqHA_NvJURsYhmhKQxDh0,UNKNOWN,0 days 09:56:09,2025-09,6,True,"-34.7172171°, -58.4094893°",-34.7172171,-58.4094893
2025-09-14 13:14:48-03:00,2025-09-14 13:19:43-03:00,ChIJfaTsoBfNvJURz6hScz-h-3U,UNKNOWN,0 days 00:04:55,2025-09,6,True,"-34.7129023°, -58.3972906°",-34.7129023,-58.3972906
2025-09-14 13:37:59-03:00,2025-09-14 16:40:21-03:00,ChIJd0i3Y6kyo5URcVMP0uzbXHw,UNKNOWN,0 days 03:02:22,2025-09,6,True,"-34.7289933°, -58.365768°",-34.7289933,-58.365768
2025-09-14 17:03:04-03:00,2025-09-14 20:26:55-03:00,ChIJc76vqlrMvJUR2rFJ_9-mceM,Casa abuelos,0 days 03:23:51,2025-09,6,True,"-34.70057°, -58.42861°",-34.70057,-58.42861
2025-09-14 20:31:50-03:00,2025-09-15 13:01:39-03:00,ChIJ5_qqHA_NvJURsYhmhKQxDh0,UNKNOWN,0 days 16:29:49,2025-09,6,True,"-34.7172171°, -58.4094893°",-34.7172171,-58.4094893
2025-09-15 13:34:04-03:00,2025-09-15 17:31:43-03:00,ChIJiaHxJ8bKvJURXZQ0dg7Bdbg,Trabajo Teatro Colon,0 days 03:57:39,2025-09,0,False,"-34.6010789°, -58.3831346°",-34.6010789,-58.3831346
2025-09-15 18:13:27-03:00,2025-09-15 19:08:22-03:00,ChIJ5zQgH6oyo5UR1ZFL3oUlYgc,Casa pablo,0 days 00:54:55,2025-09,0,False,"-34.7314837°, -58.3661421°",-34.7314837,-58.3661421
2025-09-15 19:25:55-03:00,2025-09-16 10:41:29-03:00,ChIJ5_qqHA_NvJURsYhmhKQxDh0,UNKNOWN,0 days 15:15:34,2025-09,0,False,"-34.7172171°, -58.4094893°",-34.7172171,-58.4094893
2025-09-16 10:56:27-03:00,2025-09-16 11:22:11-03:00,ChIJBzSpRbHMvJUR0kdkzShZKB0,UNKNOWN,0 days 00:25:44,2025-09,1,False,"-34.6704799°, -58.3783146°",-34.6704799,-58.3783146
2025-09-16 11:41:48-03:00,2025-09-16 15:27:32-03:00,ChIJiaHxJ8bKvJURXZQ0dg7Bdbg,Trabajo Teatro Colon,0 days 03:45:44,2025-09,1,False,"-34.6010789°, -58.3831346°",-34.6010789,-58.3831346
2025-09-16 15:41:21-03:00,2025-09-16 16:01:28-03:00,ChIJUXQZeMzKvJUR4v1dE2baw44,UNKNOWN,0 days 00:20:07,2025-09,1,False,"-34.6006799°, -58.375223°",-34.6006799,-58.375223
2025-09-16 16:14:13-03:00,2025-09-16 17:04:30-03:00,ChIJIxYSMMbKvJURqZGJyCpvOFM,Trabajo Teatro Colon,0 days 00:50:17,2025-09,1,False,"-34.601152°, -58.3833278°",-34.601152,-58.3833278
2025-09-16 17:52:22-03:00,2025-09-16 18:37:46-03:00,ChIJZS2HfZPSvJURny_j9fa0HtY,UNKNOWN,0 days 00:45:24,2025-09,1,False,"-34.7604222°, -58.4003113°",-34.7604222,-58.4003113
2025-09-16 17:53:04-03:00,2025-09-16 18:37:46-03:00,ChIJi0z4Y5PSvJUR1G2DdubixKo,UNKNOWN,0 days 00:44:42,2025-09,1,False,"-34.7605485°, -58.4005241°",-34.7605485,-58.4005241
2025-09-16 18:51:55-03:00,2025-09-17 10:00:44-03:00,ChIJ5_qqHA_NvJURsYhmhKQxDh0,UNKNOWN,0 days 15:08:49,2025-09,1,False,"-34.7172171°, -58.4094893°",-34.7172171,-58.4094893
2025-09-17 10:19:45-03:00,2025-09-17 10:23:11-03:00,ChIJiQDEBCPNvJUR1iaRPp6sr38,UNKNOWN,0 days 00:03:26,2025-09,2,False,"-34.7075567°, -58.3908743°",-34.7075567,-58.3908743
2025-09-17 10:53:06-03:00,2025-09-17 18:14:30-03:00,ChIJTan6eanLvJURuUIJCSLkP-I,UNKNOWN,0 days 07:21:24,2025-09,2,False,"-34.6282921°, -58.3908752°",-34.6282921,-58.3908752
2025-09-17 18:45:25-03:00,2025-09-18 09:40:42-03:00,ChIJ5_qqHA_NvJURsYhmhKQxDh0,UNKNOWN,0 days 14:55:17,2025-09,2,False,"-34.7172171°, -58.4094893°",-34.7172171,-58.4094893
2025-09-18 10:11:18-03:00,2025-09-18 17:18:40-03:00,ChIJTan6eanLvJURuUIJCSLkP-I,UNKNOWN,0 days 07:07:22,2025-09,3,False,"-34.6282921°, -58.3908752°",-34.6282921,-58.3908752
2025-09-18 17:55:46-03:00,2025-09-18 18:30:12-03:00,ChIJF_O8YZPSvJURzAAwCUjSz44,UNKNOWN,0 days 00:34:26,2025-09,3,False,"-34.7607588°, -58.4003688°",-34.7607588,-58.4003688
2025-09-18 18:44:28-03:00,2025-09-19 10:02:09-03:00,ChIJ5_qqHA_NvJURsYhmhKQxDh0,UNKNOWN,0 days 15:17:41,2025-09,3,False,"-34.7172171°, -58.4094893°",-34.7172171,-58.4094893
2025-09-19 11:12:35-03:00,2025-09-19 14:42:42-03:00,ChIJuZ28VzU1o5UR3yrH7JyU3FM,Trabajo Macro,0 days 03:30:07,2025-09,4,False,"-34.5940986°, -58.3717793°",-34.5940986,-58.3717793
2025-09-19 15:03:04-03:00,2025-09-19 16:20:29-03:00,ChIJuRHSbs3KvJUR9SvlKkuu8Hk,Trabajo Supervielle,0 days 01:17:25,2025-09,4,False,"-34.6042249°, -58.3736816°",-34.6042249,-58.3736816
2025-09-19 15:08:30-03:00,2025-09-19 16:17:27-03:00,ChIJ___Pbs3KvJURJtB--4EB8xc,Trabajo Supervielle,0 days 01:08:57,2025-09,4,False,"-34.6042475°, -58.37352°",-34.6042475,-58.37352
2025-09-19 16:33:24-03:00,2025-09-19 16:35:52-03:00,ChIJIxYSMMbKvJURqZGJyCpvOFM,Trabajo Teatro Colon,0 days 00:02:28,2025-09,4,False,"-34.601152°, -58.3833278°",-34.601152,-58.3833278
2025-09-19 17:24:10-03:00,2025-09-19 17:29:45-03:00,ChIJiQDEBCPNvJUR1iaRPp6sr38,UNKNOWN,0 days 00:05:35,2025-09,4,False,"-34.7075567°, -58.3908743°",-34.7075567,-58.3908743
2025-09-19 17:39:28-03:00,2025-09-19 17:49:53-03:00,ChIJTaKsNuvSvJURpD3RK6tisrU,UNKNOWN,0 days 00:10:25,2025-09,4,False,"-34.7609017°, -58.3976204°",-34.7609017,-58.3976204
2025-09-19 18:08:54-03:00,2025-09-19 19:38:02-03:00,ChIJCbWWvRjNvJUREHqhy2YdI-Q,Barberia,0 days 01:29:08,2025-09,4,False,"-34.7072332°, -58.3956118°",-34.7072332,-58.3956118
2025-09-19 19:47:21-03:00,2025-09-20 12:26:27-03:00,ChIJ5_qqHA_NvJURsYhmhKQxDh0,UNKNOWN,0 days 16:39:06,2025-09,4,False,"-34.7172171°, -58.4094893°",-34.7172171,-58.4094893
2025-09-20 12:37:33-03:00,2025-09-20 16:19:13-03:00,ChIJ07U9l1rMvJUR45T1QwpzrYI,Casa abuelos,0 days 03:41:40,2025-09,5,True,"-34.6994748°, -58.4270458°",-34.6994748,-58.4270458
2025-09-20 17:40:09-03:00,2025-09-20 17:54:55-03:00,ChIJma7G_8fKvJURnn6mUFx6GE4,UNKNOWN,0 days 00:14:46,2025-09,5,True,"-34.5982503°, -58.3833353°",-34.5982503,-58.3833353
2025-09-20 18:29:39-03:00,2025-09-20 19:19:18-03:00,ChIJ5_qqHA_NvJURsYhmhKQxDh0,UNKNOWN,0 days 00:49:39,2025-09,5,True,"-34.7172171°, -58.4094893°",-34.7172171,-58.4094893
2025-09-20 19:53:12-03:00,2025-09-20 21:02:21-03:00,ChIJu2MiH0Myo5URUyUTCLsKSk0,Casa ailen,0 days 01:09:09,2025-09,5,True,"-34.6940106°, -58.3135507°",-34.6940106,-58.3135507
2025-09-20 21:15:39-03:00,2025-09-21 05:27:42-03:00,ChIJ1wH175Uyo5URVTyLXUTC58o,UNKNOWN,0 days 08:12:03,2025-09,5,True,"-34.7116556°, -58.34808°",-34.7116556,-58.34808
2025-09-21 05:44:21-03:00,2025-09-21 05:48:26-03:00,ChIJt6mvqZrMvJURwEflIsBKbSQ,Casa madre,0 days 00:04:05,2025-09,6,True,"-34.673936°, -58.4054231°",-34.673936,-58.4054231
2025-09-21 06:10:08-03:00,2025-09-21 11:30:16-03:00,ChIJ5_qqHA_NvJURsYhmhKQxDh0,UNKNOWN,0 days 05:20:08,2025-09,6,True,"-34.7172171°, -58.4094893°",-34.7172171,-58.4094893
2025-09-21 12:37:57-03:00,2025-09-21 14:40:57-03:00,ChIJ19kvqVkyo5URAacA5RlQKSA,Casa tio,0 days 02:03:00,2025-09,6,True,"-34.6922666°, -58.3227343°",-34.6922666,-58.3227343
2025-09-21 14:54:31-03:00,2025-09-21 17:44:43-03:00,ChIJ19kvqVkyo5URAacA5RlQKSA,Casa tio,0 days 02:50:12,2025-09,6,True,"-34.6922666°, -58.3227343°",-34.6922666,-58.3227343
2025-09-21 18:23:27-03:00,2025-09-21 18:41:47-03:00,ChIJma7G_8fKvJURnn6mUFx6GE4,UNKNOWN,0 days 00:18:20,2025-09,6,True,"-34.5982503°, -58.3833353°",-34.5982503,-58.3833353
2025-09-21 18:41:47-03:00,2025-09-21 18:52:34-03:00,ChIJmV5dRMjKvJURIAbB786yW74,UNKNOWN,0 days 00:10:47,2025-09,6,True,"-34.5987914°, -58.380916°",-34.5987914,-58.380916
2025-09-21 19:13:16-03:00,2025-09-21 19:52:53-03:00,ChIJzSD4SfrKvJURFQpXGmImCaM,UNKNOWN,0 days 00:39:37,2025-09,6,True,"-34.6176461°, -58.4096371°",-34.6176461,-58.4096371
2025-09-21 20:08:29-03:00,2025-09-21 20:23:23-03:00,ChIJO5OvTjDLvJURn--oIpRP89Q,UNKNOWN,0 days 00:14:54,2025-09,6,True,"-34.6283037°, -58.3805292°",-34.6283037,-58.3805292
2025-09-21 21:14:55-03:00,2025-09-22 11:41:07-03:00,ChIJ5_qqHA_NvJURsYhmhKQxDh0,UNKNOWN,0 days 14:26:12,2025-09,6,True,"-34.7172171°, -58.4094893°",-34.7172171,-58.4094893
2025-09-22 12:44:35-03:00,2025-09-22 13:24:18-03:00,ChIJPeR729LKvJURUvVGCV7i2rQ,Trabajo Galicia,0 days 00:39:43,2025-09,0,False,"-34.6064033°, -58.3733386°",-34.6064033,-58.3733386
2025-09-22 13:24:18-03:00,2025-09-22 15:06:58-03:00,ChIJw1s1NMG5vJURNA2CAhYcYec,UNKNOWN,0 days 01:42:40,2025-09,0,False,"-34.6075694°, -58.3732574°",-34.6075694,-58.3732574
2025-09-22 15:27:24-03:00,2025-09-22 16:35:44-03:00,ChIJozcskDQ1o5UR5Oc85yFQ8lE,Trabajo BBVA,0 days 01:08:20,2025-09,0,False,"-34.5975104°, -58.3700036°",-34.5975104,-58.3700036
2025-09-22 18:03:38-03:00,2025-09-23 11:01:19-03:00,ChIJ5_qqHA_NvJURsYhmhKQxDh0,UNKNOWN,0 days 16:57:41,2025-09,0,False,"-34.7172171°, -58.4094893°",-34.7172171,-58.4094893
2025-09-23 11:43:25-03:00,2025-09-23 13:08:51-03:00,ChIJf0f4uF3LvJURvk1sWrwu24k,UNKNOWN,0 days 01:25:26,2025-09,1,False,"-34.665468°, -58.389706°",-34.665468,-58.389706
2025-09-23 13:57:41-03:00,2025-09-23 17:03:57-03:00,ChIJiaHxJ8bKvJURXZQ0dg7Bdbg,Trabajo Teatro Colon,0 days 03:06:16,2025-09,1,False,"-34.6010789°, -58.3831346°",-34.6010789,-58.3831346
2025-09-23 19:08:10-03:00,2025-09-24 11:32:22-03:00,ChIJ5_qqHA_NvJURsYhmhKQxDh0,UNKNOWN,0 days 16:24:12,2025-09,1,False,"-34.7172171°, -58.4094893°",-34.7172171,-58.4094893
2025-09-24 12:30:01-03:00,2025-09-24 13:40:53-03:00,ChIJWwNBpdLKvJUR0nZKx5c7nq4,Trabajo Galicia,0 days 01:10:52,2025-09,2,False,"-34.6054579°, -58.3724473°",-34.6054579,-58.3724473
2025-09-24 12:34:27-03:00,2025-09-24 13:34:42-03:00,ChIJPaop8M3KvJURbpDWE-rnX6c,Trabajo Galicia,0 days 01:00:15,2025-09,2,False,"-34.6058223°, -58.3726811°",-34.6058223,-58.3726811
2025-09-24 13:46:21-03:00,2025-09-24 14:00:36-03:00,ChIJC9r828zKvJURvruPrzJ42Ck,UNKNOWN,0 days 00:14:15,2025-09,2,False,"-34.6020072°, -58.3726971°",-34.6020072,-58.3726971
2025-09-24 14:05:52-03:00,2025-09-24 14:10:38-03:00,ChIJeZBdPczKvJUR0HBJJSy2NiI,UNKNOWN,0 days 00:04:46,2025-09,2,False,"-34.6022372°, -58.3764792°",-34.6022372,-58.3764792
2025-09-24 14:26:25-03:00,2025-09-24 18:12:47-03:00,ChIJiaHxJ8bKvJURXZQ0dg7Bdbg,Trabajo Teatro Colon,0 days 03:46:22,2025-09,2,False,"-34.6010789°, -58.3831346°",-34.6010789,-58.3831346
2025-09-24 19:19:29-03:00,2025-09-24 20:35:25-03:00,ChIJ5_qqHA_NvJURsYhmhKQxDh0,UNKNOWN,0 days 01:15:56,2025-09,2,False,"-34.7172171°, -58.4094893°",-34.7172171,-58.4094893
2025-09-24 21:05:40-03:00,2025-09-24 23:29:26-03:00,ChIJu2MiH0Myo5URUyUTCLsKSk0,Casa ailen,0 days 02:23:46,2025-09,2,False,"-34.6940106°, -58.3135507°",-34.6940106,-58.3135507
2025-09-25 00:00:50-03:00,2025-09-25 10:45:04-03:00,ChIJ5_qqHA_NvJURsYhmhKQxDh0,UNKNOWN,0 days 10:44:14,2025-09,3,False,"-34.7172171°, -58.4094893°",-34.7172171,-58.4094893
2025-09-25 11:52:58-03:00,2025-09-25 15:00:02-03:00,ChIJuZ28VzU1o5UR3yrH7JyU3FM,Trabajo Macro,0 days 03:07:04,2025-09,3,False,"-34.5940986°, -58.3717793°",-34.5940986,-58.3717793
2025-09-25 15:05:23-03:00,2025-09-25 15:52:42-03:00,ChIJozcskDQ1o5UR5Oc85yFQ8lE,Trabajo BBVA,0 days 00:47:19,2025-09,3,False,"-34.5975104°, -58.3700036°",-34.5975104,-58.3700036
2025-09-25 16:08:36-03:00,2025-09-25 17:30:13-03:00,ChIJiaHxJ8bKvJURXZQ0dg7Bdbg,Trabajo Teatro Colon,0 days 01:21:37,2025-09,3,False,"-34.6010789°, -58.3831346°",-34.6010789,-58.3831346
2025-09-25 18:15:54-03:00,2025-09-25 18:21:11-03:00,ChIJ3YY4qiPNvJURR9QstWDh9so,UNKNOWN,0 days 00:05:17,2025-09,3,False,"-34.7072531°, -58.3913887°",-34.7072531,-58.3913887
2025-09-25 18:31:43-03:00,2025-09-26 09:50:37-03:00,ChIJ5_qqHA_NvJURsYhmhKQxDh0,UNKNOWN,0 days 15:18:54,2025-09,3,False,"-34.7172171°, -58.4094893°",-34.7172171,-58.4094893
2025-09-26 10:45:12-03:00,2025-09-26 11:19:37-03:00,ChIJWwNBpdLKvJUR0nZKx5c7nq4,Trabajo Galicia,0 days 00:34:25,2025-09,4,False,"-34.6054579°, -58.3724473°",-34.6054579,-58.3724473
2025-09-26 10:45:12-03:00,2025-09-26 11:09:35-03:00,ChIJPaop8M3KvJURbpDWE-rnX6c,Trabajo Galicia,0 days 00:24:23,2025-09,4,False,"-34.6058223°, -58.3726811°",-34.6058223,-58.3726811
2025-09-26 11:45:17-03:00,2025-09-26 12:22:45-03:00,ChIJTan6eanLvJURuUIJCSLkP-I,UNKNOWN,0 days 00:37:28,2025-09,4,False,"-34.6282921°, -58.3908752°",-34.6282921,-58.3908752
2025-09-26 12:49:46-03:00,2025-09-26 13:01:13-03:00,ChIJTSsxGTM1o5UR4oT6JUqoa1g,UNKNOWN,0 days 00:11:27,2025-09,4,False,"-34.6012081°, -58.3697565°",-34.6012081,-58.3697565
2025-09-26 13:40:01-03:00,2025-09-26 16:56:39-03:00,ChIJiaHxJ8bKvJURXZQ0dg7Bdbg,Trabajo Teatro Colon,0 days 03:16:38,2025-09,4,False,"-34.6010789°, -58.3831346°",-34.6010789,-58.3831346
2025-09-26 17:39:55-03:00,2025-09-26 23:06:33-03:00,ChIJg78vSkjNvJURl-c_xlIaoTM,Casa gonza,0 days 05:26:38,2025-09,4,False,"-34.7180487°, -58.380565°",-34.7180487,-58.380565
2025-09-26 23:20:04-03:00,2025-09-27 17:46:57-03:00,ChIJ5_qqHA_NvJURsYhmhKQxDh0,UNKNOWN,0 days 18:26:53,2025-09,4,False,"-34.7172171°, -58.4094893°",-34.7172171,-58.4094893
2025-09-27 17:56:51-03:00,2025-09-27 18:50:44-03:00,ChIJD8SQF5DNvJURNtxm8W6eG0I,Barberia,0 days 00:53:53,2025-09,5,True,"-34.7072503°, -58.3956021°",-34.7072503,-58.3956021
2025-09-27 19:05:23-03:00,2025-09-27 19:10:28-03:00,ChIJrw867Q7NvJUR2_z7EyN-Qck,UNKNOWN,0 days 00:05:05,2025-09,5,True,"-34.7188036°, -58.4096209°",-34.7188036,-58.4096209
2025-09-27 19:14:43-03:00,2025-09-28 13:22:44-03:00,ChIJ5_qqHA_NvJURsYhmhKQxDh0,UNKNOWN,0 days 18:08:01,2025-09,5,True,"-34.7172171°, -58.4094893°",-34.7172171,-58.4094893
2025-09-28 13:47:01-03:00,2025-09-29 08:35:49-03:00,ChIJ5_qqHA_NvJURsYhmhKQxDh0,INFERRED_WORK,0 days 18:48:48,2025-09,6,True,"-34.7172171°, -58.4094893°",-34.7172171,-58.4094893
2025-09-29 09:41:33-03:00,2025-09-29 10:13:47-03:00,ChIJPbtP4lfKvJURDPKYCQYlUnw,WORK,0 days 00:32:14,2025-09,0,False,"-34.5436434°, -58.5172221°",-34.5436434,-58.5172221
2025-09-29 10:37:50-03:00,2025-09-29 11:26:21-03:00,ChIJIxYSMMbKvJURqZGJyCpvOFM,Trabajo Teatro Colon,0 days 00:48:31,2025-09,0,False,"-34.601152°, -58.3833278°",-34.601152,-58.3833278
2025-09-29 12:09:52-03:00,2025-09-29 17:29:58-03:00,ChIJiaHxJ8bKvJURXZQ0dg7Bdbg,Trabajo Teatro Colon,0 days 05:20:06,2025-09,0,False,"-34.6010789°, -58.3831346°",-34.6010789,-58.3831346
2025-09-29 18:22:50-03:00,2025-09-29 18:58:17-03:00,ChIJ4f09BKoyo5URRI4Km8H2xVY,Casa pablo,0 days 00:35:27,2025-09,0,False,"-34.7321423°, -58.3664323°",-34.7321423,-58.3664323
2025-09-29 19:18:16-03:00,2025-09-29 20:44:18-03:00,ChIJ5_qqHA_NvJURsYhmhKQxDh0,INFERRED_WORK,0 days 01:26:02,2025-09,0,False,"-34.7172171°, -58.4094893°",-34.7172171,-58.4094893
2025-09-29 21:00:24-03:00,2025-09-29 23:50:44-03:00,ChIJS8rsxUjNvJUR0K4o6PWWmMY,UNKNOWN,0 days 02:50:20,2025-09,0,False,"-34.6754865°, -58.4144009°",-34.6754865,-58.4144009
2025-09-30 00:08:06-03:00,2025-09-30 08:57:41-03:00,ChIJ5_qqHA_NvJURsYhmhKQxDh0,INFERRED_WORK,0 days 08:49:35,2025-09,1,False,"-34.7172171°, -58.4094893°",-34.7172171,-58.4094893
2025-09-30 10:28:57-03:00,2025-09-30 11:41:51-03:00,ChIJr_waC8vKvJURnJ45T8-lU40,UNKNOWN,0 days 01:12:54,2025-09,1,False,"-34.5992496°, -58.3747789°",-34.5992496,-58.3747789
2025-09-30 10:28:57-03:00,2025-09-30 11:41:51-03:00,ChIJv4lMZBjLvJURJ-Hn21x76XI,UNKNOWN,0 days 01:12:54,2025-09,1,False,"-34.5988142°, -58.3753074°",-34.5988142,-58.3753074
2025-09-30 11:53:18-03:00,2025-09-30 16:47:28-03:00,ChIJuZ28VzU1o5UR3yrH7JyU3FM,Trabajo Macro,0 days 04:54:10,2025-09,1,False,"-34.5940986°, -58.3717793°",-34.5940986,-58.3717793
2025-09-30 17:51:03-03:00,2025-09-30 17:54:40-03:00,ChIJ3fODjw_NvJURNlaGKYQ3UOI,UNKNOWN,0 days 00:03:37,2025-09,1,False,"-34.71516°, -58.40808°",-34.71516,-58.40808
2025-09-30 17:57:21-03:00,2025-10-01 00:16:34-03:00,ChIJ5_qqHA_NvJURsYhmhKQxDh0,INFERRED_WORK,0 days 06:19:13,2025-09,1,False,"-34.7172171°, -58.4094893°",-34.7172171,-58.4094893
2025-10-01 01:11:39-03:00,2025-10-01 01:42:44-03:00,ChIJbcNFENyevJURnIbVTr6T-lw,UNKNOWN,0 days 00:31:05,2025-10,2,False,"-34.4383209°, -58.7897846°",-34.4383209,-58.7897846
2025-10-01 02:30:27-03:00,2025-10-01 09:44:10-03:00,ChIJ5_qqHA_NvJURsYhmhKQxDh0,INFERRED_WORK,0 days 07:13:43,2025-10,2,False,"-34.7172171°, -58.4094893°",-34.7172171,-58.4094893
2025-10-01 10:23:43-03:00,2025-10-01 10:45:49-03:00,ChIJWwNBpdLKvJUR0nZKx5c7nq4,Trabajo Galicia,0 days 00:22:06,2025-10,2,False,"-34.6054579°, -58.3724473°",-34.6054579,-58.3724473
2025-10-01 11:21:34-03:00,2025-10-01 12:19:11-03:00,ChIJPbtP4lfKvJURDPKYCQYlUnw,WORK,0 days 00:57:37,2025-10,2,False,"-34.5436434°, -58.5172221°",-34.5436434,-58.5172221
2025-10-01 12:54:14-03:00,2025-10-01 16:27:16-03:00,ChIJIxYSMMbKvJURqZGJyCpvOFM,Trabajo Teatro Colon,0 days 03:33:02,2025-10,2,False,"-34.601152°, -58.3833278°",-34.601152,-58.3833278
2025-10-01 17:17:38-03:00,2025-10-02 08:33:53-03:00,ChIJ5_qqHA_NvJURsYhmhKQxDh0,INFERRED_WORK,0 days 15:16:15,2025-10,2,False,"-34.7172171°, -58.4094893°",-34.7172171,-58.4094893
2025-10-02 09:29:38-03:00,2025-10-02 09:46:36-03:00,ChIJPbtP4lfKvJURDPKYCQYlUnw,WORK,0 days 00:16:58,2025-10,3,False,"-34.5436434°, -58.5172221°",-34.5436434,-58.5172221
2025-10-02 10:33:43-03:00,2025-10-02 10:50:03-03:00,ChIJ2xOCvwWFvJURMcPD7WyADSU,UNKNOWN,0 days 00:16:20,2025-10,3,False,"-34.5853146°, -58.9821827°",-34.5853146,-58.9821827
2025-10-02 11:33:00-03:00,2025-10-02 12:28:53-03:00,ChIJ67LyWnJzvJUResk__1e3t7A,UNKNOWN,0 days 00:55:53,2025-10,3,False,"-34.6516525°, -59.4355361°",-34.6516525,-59.4355361
2025-10-02 13:56:46-03:00,2025-10-02 17:32:22-03:00,ChIJPbtP4lfKvJURDPKYCQYlUnw,WORK,0 days 03:35:36,2025-10,3,False,"-34.5436434°, -58.5172221°",-34.5436434,-58.5172221
2025-10-02 18:28:41-03:00,2025-10-02 19:40:27-03:00,ChIJc76vqlrMvJUR2rFJ_9-mceM,Casa abuelos,0 days 01:11:46,2025-10,3,False,"-34.70057°, -58.42861°",-34.70057,-58.42861
2025-10-02 19:46:35-03:00,2025-10-03 09:29:02-03:00,ChIJiaxCaw7NvJURWGaM-OWByxk,UNKNOWN,0 days 13:42:27,2025-10,3,False,"-34.7184741°, -58.4074368°",-34.7184741,-58.4074368
2025-10-03 10:19:01-03:00,2025-10-03 13:33:30-03:00,ChIJuZ28VzU1o5UR3yrH7JyU3FM,Trabajo Macro,0 days 03:14:29,2025-10,4,False,"-34.5940986°, -58.3717793°",-34.5940986,-58.3717793
2025-10-03 13:36:40-03:00,2025-10-03 14:47:41-03:00,ChIJozcskDQ1o5UR5Oc85yFQ8lE,Trabajo BBVA,0 days 01:11:01,2025-10,4,False,"-34.5975104°, -58.3700036°",-34.5975104,-58.3700036
2025-10-03 15:06:57-03:00,2025-10-03 17:34:57-03:00,ChIJiaHxJ8bKvJURXZQ0dg7Bdbg,Trabajo Teatro Colon,0 days 02:28:00,2025-10,4,False,"-34.6010789°, -58.3831346°",-34.6010789,-58.3831346
2025-10-03 19:51:42-03:00,2025-10-03 20:45:56-03:00,ChIJCbWWvRjNvJUREHqhy2YdI-Q,Barberia,0 days 00:54:14,2025-10,4,False,"-34.7072332°, -58.3956118°",-34.7072332,-58.3956118
2025-10-03 20:55:19-03:00,2025-10-04 14:20:24-03:00,ChIJ5_qqHA_NvJURsYhmhKQxDh0,INFERRED_WORK,0 days 17:25:05,2025-10,4,False,"-34.7172171°, -58.4094893°",-34.7172171,-58.4094893
2025-10-04 14:30:07-03:00,2025-10-04 17:23:03-03:00,ChIJ07U9l1rMvJUR45T1QwpzrYI,Casa abuelos,0 days 02:52:56,2025-10,5,True,"-34.6994748°, -58.4270458°",-34.6994748,-58.4270458
2025-10-04 17:32:02-03:00,2025-10-04 17:36:38-03:00,ChIJK_txBQ_NvJURaFH23aBUyGA,HOME,0 days 00:04:36,2025-10,5,True,"-34.7170813°, -58.4096148°",-34.7170813,-58.4096148
2025-10-04 18:25:17-03:00,2025-10-04 19:18:42-03:00,ChIJPbtP4lfKvJURDPKYCQYlUnw,WORK,0 days 00:53:25,2025-10,5,True,"-34.5436434°, -58.5172221°",-34.5436434,-58.5172221
2025-10-04 20:00:28-03:00,2025-10-06 09:18:38-03:00,ChIJ5_qqHA_NvJURsYhmhKQxDh0,INFERRED_WORK,1 days 13:18:10,2025-10,5,True,"-34.7172171°, -58.4094893°",-34.7172171,-58.4094893
2025-10-06 09:26:10-03:00,2025-10-06 09:33:45-03:00,ChIJ_0dbh5_NvJURftrUM5wsqpg,UNKNOWN,0 days 00:07:35,2025-10,0,False,"-34.7280182°, -58.4197566°",-34.7280182,-58.4197566
2025-10-06 10:24:07-03:00,2025-10-06 10:29:17-03:00,ChIJK31-0gy3vJURnqQM5NkusUk,UNKNOWN,0 days 00:05:10,2025-10,0,False,"-34.5737402°, -58.5317657°",-34.5737402,-58.5317657
2025-10-06 11:15:18-03:00,2025-10-06 13:23:49-03:00,ChIJuZ28VzU1o5UR3yrH7JyU3FM,Trabajo Macro,0 days 02:08:31,2025-10,0,False,"-34.5940986°, -58.3717793°",-34.5940986,-58.3717793
2025-10-06 13:49:46-03:00,2025-10-06 15:05:46-03:00,ChIJiaHxJ8bKvJURXZQ0dg7Bdbg,Trabajo Teatro Colon,0 days 01:16:00,2025-10,0,False,"-34.6010789°, -58.3831346°",-34.6010789,-58.3831346
2025-10-06 15:24:49-03:00,2025-10-06 16:18:22-03:00,ChIJWwNBpdLKvJUR0nZKx5c7nq4,Trabajo Galicia,0 days 00:53:33,2025-10,0,False,"-34.6054579°, -58.3724473°",-34.6054579,-58.3724473
2025-10-06 15:24:49-03:00,2025-10-06 16:15:49-03:00,ChIJPaop8M3KvJURbpDWE-rnX6c,Trabajo Galicia,0 days 00:51:00,2025-10,0,False,"-34.6058223°, -58.3726811°",-34.6058223,-58.3726811
2025-10-06 18:01:18-03:00,2025-10-07 09:04:02-03:00,ChIJ5_qqHA_NvJURsYhmhKQxDh0,INFERRED_WORK,0 days 15:02:44,2025-10,0,False,"-34.7172171°, -58.4094893°",-34.7172171,-58.4094893
2025-10-07 09:08:45-03:00,2025-10-07 09:14:50-03:00,ChIJMzGlxw_NvJUR0UobwG_mK24,UNKNOWN,0 days 00:06:05,2025-10,1,False,"-34.7162°, -58.40728°",-34.7162,-58.40728
2025-10-07 09:25:41-03:00,2025-10-07 09:33:46-03:00,ChIJiQDEBCPNvJUR1iaRPp6sr38,UNKNOWN,0 days 00:08:05,2025-10,1,False,"-34.7075567°, -58.3908743°",-34.7075567,-58.3908743
2025-10-07 09:48:26-03:00,2025-10-07 09:53:42-03:00,ChIJO5OvTjDLvJURn--oIpRP89Q,UNKNOWN,0 days 00:05:16,2025-10,1,False,"-34.6283037°, -58.3805292°",-34.6283037,-58.3805292
2025-10-07 10:05:31-03:00,2025-10-07 10:11:26-03:00,ChIJL5KVAc_KvJURm6eBv9TCt4E,UNKNOWN,0 days 00:05:55,2025-10,1,False,"-34.6044707°, -58.3801163°",-34.6044707,-58.3801163
2025-10-07 10:15:26-03:00,2025-10-07 11:06:34-03:00,ChIJq-PnW0jLvJURWiPWOPGyN5I,Trabajo ICBC,0 days 00:51:08,2025-10,1,False,"-34.6076198°, -58.3742574°",-34.6076198,-58.3742574
2025-10-07 11:10:06-03:00,2025-10-07 12:23:07-03:00,ChIJk3U0KS01o5URsofTDnwrNbI,Trabajo BNA,0 days 01:13:01,2025-10,1,False,"-34.6076093°, -58.3711929°",-34.6076093,-58.3711929
2025-10-07 12:30:10-03:00,2025-10-07 14:14:12-03:00,ChIJuRHSbs3KvJUR9SvlKkuu8Hk,Trabajo Supervielle,0 days 01:44:02,2025-10,1,False,"-34.6042249°, -58.3736816°",-34.6042249,-58.3736816
2025-10-07 12:30:10-03:00,2025-10-07 14:14:12-03:00,ChIJ___Pbs3KvJURJtB--4EB8xc,Trabajo Supervielle,0 days 01:44:02,2025-10,1,False,"-34.6042475°, -58.37352°",-34.6042475,-58.37352
2025-10-07 14:38:56-03:00,2025-10-07 17:13:38-03:00,ChIJiaHxJ8bKvJURXZQ0dg7Bdbg,Trabajo Teatro Colon,0 days 02:34:42,2025-10,1,False,"-34.6010789°, -58.3831346°",-34.6010789,-58.3831346
2025-10-07 18:19:16-03:00,2025-10-08 09:52:24-03:00,ChIJ5_qqHA_NvJURsYhmhKQxDh0,INFERRED_WORK,0 days 15:33:08,2025-10,1,False,"-34.7172171°, -58.4094893°",-34.7172171,-58.4094893
2025-10-08 10:03:02-03:00,2025-10-08 10:09:49-03:00,ChIJMzGlxw_NvJUR0UobwG_mK24,UNKNOWN,0 days 00:06:47,2025-10,2,False,"-34.7162°, -58.40728°",-34.7162,-58.40728
2025-10-08 11:15:40-03:00,2025-10-08 12:32:03-03:00,ChIJozcskDQ1o5UR5Oc85yFQ8lE,Trabajo BBVA,0 days 01:16:23,2025-10,2,False,"-34.5975104°, -58.3700036°",-34.5975104,-58.3700036
2025-10-08 12:57:54-03:00,2025-10-08 13:19:38-03:00,ChIJIxYSMMbKvJURqZGJyCpvOFM,Trabajo Teatro Colon,0 days 00:21:44,2025-10,2,False,"-34.601152°, -58.3833278°",-34.601152,-58.3833278
2025-10-08 13:34:42-03:00,2025-10-08 15:39:48-03:00,ChIJk3U0KS01o5URsofTDnwrNbI,Trabajo BNA,0 days 02:05:06,2025-10,2,False,"-34.6076093°, -58.3711929°",-34.6076093,-58.3711929
2025-10-08 15:41:49-03:00,2025-10-08 16:07:37-03:00,ChIJWwNBpdLKvJUR0nZKx5c7nq4,Trabajo Galicia,0 days 00:25:48,2025-10,2,False,"-34.6054579°, -58.3724473°",-34.6054579,-58.3724473
2025-10-08 15:41:49-03:00,2025-10-08 16:07:01-03:00,ChIJPaop8M3KvJURbpDWE-rnX6c,Trabajo Galicia,0 days 00:25:12,2025-10,2,False,"-34.6058223°, -58.3726811°",-34.6058223,-58.3726811
2025-10-08 16:08:59-03:00,2025-10-08 16:17:45-03:00,ChIJXx79V9vKvJURS2GosE58c8w,UNKNOWN,0 days 00:08:46,2025-10,2,False,"-34.6083667°, -58.3722832°",-34.6083667,-58.3722832
2025-10-08 16:34:30-03:00,2025-10-08 17:39:53-03:00,ChIJIxYSMMbKvJURqZGJyCpvOFM,Trabajo Teatro Colon,0 days 01:05:23,2025-10,2,False,"-34.601152°, -58.3833278°",-34.601152,-58.3833278
2025-10-08 18:56:30-03:00,2025-10-08 19:01:31-03:00,ChIJMzGlxw_NvJUR0UobwG_mK24,UNKNOWN,0 days 00:05:01,2025-10,2,False,"-34.7162°, -58.40728°",-34.7162,-58.40728
2025-10-08 19:04:34-03:00,2025-10-09 10:37:19-03:00,ChIJ5_qqHA_NvJURsYhmhKQxDh0,INFERRED_WORK,0 days 15:32:45,2025-10,2,False,"-34.7172171°, -58.4094893°",-34.7172171,-58.4094893
2025-10-09 11:04:15-03:00,2025-10-09 11:14:12-03:00,ChIJIxYSMMbKvJURqZGJyCpvOFM,Trabajo Teatro Colon,0 days 00:09:57,2025-10,3,False,"-34.601152°, -58.3833278°",-34.601152,-58.3833278
2025-10-09 11:35:18-03:00,2025-10-09 15:12:57-03:00,ChIJk3U0KS01o5URsofTDnwrNbI,Trabajo BNA,0 days 03:37:39,2025-10,3,False,"-34.6076093°, -58.3711929°",-34.6076093,-58.3711929
2025-10-09 15:22:57-03:00,2025-10-09 15:44:41-03:00,ChIJN_9_rc3KvJURyQEroO4MN0U,UNKNOWN,0 days 00:21:44,2025-10,3,False,"-34.6031827°, -58.3753446°",-34.6031827,-58.3753446
2025-10-09 15:25:36-03:00,2025-10-09 15:44:41-03:00,ChIJ23jxgC3LvJUR2L9CP9_nIM4,UNKNOWN,0 days 00:19:05,2025-10,3,False,"-34.6032066°, -58.3756507°",-34.6032066,-58.3756507
2025-10-09 16:03:06-03:00,2025-10-09 17:00:59-03:00,ChIJIxYSMMbKvJURqZGJyCpvOFM,Trabajo Teatro Colon,0 days 00:57:53,2025-10,3,False,"-34.601152°, -58.3833278°",-34.601152,-58.3833278
2025-10-09 17:07:49-03:00,2025-10-09 17:45:59-03:00,ChIJN_9_rc3KvJURyQEroO4MN0U,UNKNOWN,0 days 00:38:10,2025-10,3,False,"-34.6031827°, -58.3753446°",-34.6031827,-58.3753446
2025-10-09 17:07:49-03:00,2025-10-09 17:42:39-03:00,ChIJ23jxgC3LvJUR2L9CP9_nIM4,UNKNOWN,0 days 00:34:50,2025-10,3,False,"-34.6032066°, -58.3756507°",-34.6032066,-58.3756507
2025-10-09 18:33:37-03:00,2025-10-09 19:47:11-03:00,ChIJ5_qqHA_NvJURsYhmhKQxDh0,INFERRED_WORK,0 days 01:13:34,2025-10,3,False,"-34.7172171°, -58.4094893°",-34.7172171,-58.4094893
2025-10-09 19:47:11-03:00,2025-10-09 19:55:36-03:00,ChIJrw867Q7NvJUR2_z7EyN-Qck,UNKNOWN,0 days 00:08:25,2025-10,3,False,"-34.7188036°, -58.4096209°",-34.7188036,-58.4096209
2025-10-09 19:59:36-03:00,2025-10-10 16:07:02-03:00,ChIJ5_qqHA_NvJURsYhmhKQxDh0,INFERRED_WORK,0 days 20:07:26,2025-10,3,False,"-34.7172171°, -58.4094893°",-34.7172171,-58.4094893
2025-10-10 16:38:34-03:00,2025-10-10 18:16:18-03:00,ChIJu2MiH0Myo5URUyUTCLsKSk0,Casa ailen,0 days 01:37:44,2025-10,4,False,"-34.6940106°, -58.3135507°",-34.6940106,-58.3135507
2025-10-10 18:45:42-03:00,2025-10-10 18:58:20-03:00,ChIJt6mvqZrMvJURwEflIsBKbSQ,Casa madre,0 days 00:12:38,2025-10,4,False,"-34.673936°, -58.4054231°",-34.673936,-58.4054231
2025-10-10 19:13:44-03:00,2025-10-11 13:50:27-03:00,ChIJ5_qqHA_NvJURsYhmhKQxDh0,INFERRED_WORK,0 days 18:36:43,2025-10,4,False,"-34.7172171°, -58.4094893°",-34.7172171,-58.4094893
2025-10-11 14:00:19-03:00,2025-10-11 14:35:23-03:00,ChIJCbWWvRjNvJUREHqhy2YdI-Q,Barberia,0 days 00:35:04,2025-10,5,True,"-34.7072332°, -58.3956118°",-34.7072332,-58.3956118
2025-10-11 14:53:10-03:00,2025-10-11 17:50:29-03:00,ChIJc76vqlrMvJUR2rFJ_9-mceM,Casa abuelos,0 days 02:57:19,2025-10,5,True,"-34.70057°, -58.42861°",-34.70057,-58.42861
2025-10-11 18:02:28-03:00,2025-10-11 18:08:14-03:00,ChIJfaTsoBfNvJURz6hScz-h-3U,UNKNOWN,0 days 00:05:46,2025-10,5,True,"-34.7129023°, -58.3972906°",-34.7129023,-58.3972906
2025-10-11 18:20:50-03:00,2025-10-11 20:37:42-03:00,ChIJ5_qqHA_NvJURsYhmhKQxDh0,INFERRED_WORK,0 days 02:16:52,2025-10,5,True,"-34.7172171°, -58.4094893°",-34.7172171,-58.4094893
2025-10-11 20:53:35-03:00,2025-10-12 03:15:05-03:00,ChIJg78vSkjNvJURl-c_xlIaoTM,Casa gonza,0 days 06:21:30,2025-10,5,True,"-34.7180487°, -58.380565°",-34.7180487,-58.380565
2025-10-12 03:25:42-03:00,2025-10-13 12:57:35-03:00,ChIJ5_qqHA_NvJURsYhmhKQxDh0,INFERRED_WORK,1 days 09:31:53,2025-10,6,True,"-34.7172171°, -58.4094893°",-34.7172171,-58.4094893
2025-10-13 14:15:07-03:00,2025-10-13 16:16:08-03:00,ChIJozcskDQ1o5UR5Oc85yFQ8lE,Trabajo BBVA,0 days 02:01:01,2025-10,0,False,"-34.5975104°, -58.3700036°",-34.5975104,-58.3700036
2025-10-13 16:30:21-03:00,2025-10-13 16:35:21-03:00,ChIJ2WVuqLPKvJURSMIERHR62l0,UNKNOWN,0 days 00:05:00,2025-10,0,False,"-34.5893615°, -58.3731595°",-34.5893615,-58.3731595
2025-10-13 17:46:08-03:00,2025-10-14 09:13:12-03:00,ChIJ5_qqHA_NvJURsYhmhKQxDh0,INFERRED_WORK,0 days 15:27:04,2025-10,0,False,"-34.7172171°, -58.4094893°",-34.7172171,-58.4094893
2025-10-14 10:21:14-03:00,2025-10-14 13:05:32-03:00,ChIJR_i31PbLvJURoCbbTtm7QmA,UNKNOWN,0 days 02:44:18,2025-10,1,False,"-34.603137°, -58.3756125°",-34.603137,-58.3756125
2025-10-14 13:24:23-03:00,2025-10-14 14:41:18-03:00,ChIJiaHxJ8bKvJURXZQ0dg7Bdbg,Trabajo Teatro Colon,0 days 01:16:55,2025-10,1,False,"-34.6010789°, -58.3831346°",-34.6010789,-58.3831346
2025-10-14 14:58:16-03:00,2025-10-14 15:24:41-03:00,ChIJ33ctyynLvJURvV6WzRuQsQo,UNKNOWN,0 days 00:26:25,2025-10,1,False,"-34.61806°, -58.38024°",-34.61806,-58.38024
2025-10-14 15:24:41-03:00,2025-10-14 15:26:31-03:00,ChIJO5OvTjDLvJURn--oIpRP89Q,UNKNOWN,0 days 00:01:50,2025-10,1,False,"-34.6283037°, -58.3805292°",-34.6283037,-58.3805292
2025-10-14 15:50:12-03:00,2025-10-14 17:39:38-03:00,ChIJR_i31PbLvJURoCbbTtm7QmA,UNKNOWN,0 days 01:49:26,2025-10,1,False,"-34.603137°, -58.3756125°",-34.603137,-58.3756125
2025-10-14 19:25:15-03:00,2025-10-15 10:18:28-03:00,ChIJ5_qqHA_NvJURsYhmhKQxDh0,INFERRED_WORK,0 days 14:53:13,2025-10,1,False,"-34.7172171°, -58.4094893°",-34.7172171,-58.4094893
2025-10-15 10:53:38-03:00,2025-10-15 11:51:04-03:00,ChIJ0ZIXJqTLvJURpAuSSJCHmqs,UNKNOWN,0 days 00:57:26,2025-10,2,False,"-34.5879512°, -58.3720195°",-34.5879512,-58.3720195
2025-10-15 12:02:55-03:00,2025-10-15 12:26:00-03:00,ChIJIxYSMMbKvJURqZGJyCpvOFM,Trabajo Teatro Colon,0 days 00:23:05,2025-10,2,False,"-34.601152°, -58.3833278°",-34.601152,-58.3833278
2025-10-15 12:38:52-03:00,2025-10-15 14:01:14-03:00,ChIJS8u27s00o5UR9dtpsV0MFkM,Trabajo Santander,0 days 01:22:22,2025-10,2,False,"-34.6238941°, -58.367137°",-34.6238941,-58.367137
2025-10-15 14:14:29-03:00,2025-10-15 14:35:29-03:00,ChIJKyzoRS01o5URxY4l0iCdu7I,Trabajo Columbia,0 days 00:21:00,2025-10,2,False,"-34.6052778°, -58.3708333°",-34.6052778,-58.3708333
2025-10-15 14:14:29-03:00,2025-10-15 14:35:29-03:00,ChIJYzmPTy01o5URVHM001Eb5QY,Trabajo Columbia,0 days 00:21:00,2025-10,2,False,"-34.6053094°, -58.37084°",-34.6053094,-58.37084
2025-10-15 14:43:27-03:00,2025-10-15 15:00:09-03:00,ChIJbZIdahvLvJURV3Tu0Zrcw_0,UNKNOWN,0 days 00:16:42,2025-10,2,False,"-34.6032109°, -58.3756573°",-34.6032109,-58.3756573
2025-10-15 15:11:13-03:00,2025-10-15 16:14:43-03:00,ChIJiaHxJ8bKvJURXZQ0dg7Bdbg,Trabajo Teatro Colon,0 days 01:03:30,2025-10,2,False,"-34.6010789°, -58.3831346°",-34.6010789,-58.3831346
2025-10-15 16:47:32-03:00,2025-10-16 11:39:19-03:00,ChIJn_zkHA_NvJUR7yILmZdoPHc,UNKNOWN,0 days 18:51:47,2025-10,2,False,"-34.7174026°, -58.4096116°",-34.7174026,-58.4096116
2025-10-16 11:43:19-03:00,2025-10-16 11:48:49-03:00,ChIJMzGlxw_NvJUR0UobwG_mK24,UNKNOWN,0 days 00:05:30,2025-10,3,False,"-34.7162°, -58.40728°",-34.7162,-58.40728
2025-10-16 12:49:12-03:00,2025-10-16 13:50:05-03:00,ChIJocgARc3KvJURnPRTacWXgyw,Trabajo Supervielle,0 days 01:00:53,2025-10,3,False,"-34.604063°, -58.3726415°",-34.604063,-58.3726415
2025-10-16 14:32:39-03:00,2025-10-16 18:05:13-03:00,ChIJS8u27s00o5UR9dtpsV0MFkM,Trabajo Santander,0 days 03:32:34,2025-10,3,False,"-34.6238941°, -58.367137°",-34.6238941,-58.367137
2025-10-16 18:11:10-03:00,2025-10-16 18:34:38-03:00,ChIJO5OvTjDLvJURn--oIpRP89Q,UNKNOWN,0 days 00:23:28,2025-10,3,False,"-34.6283037°, -58.3805292°",-34.6283037,-58.3805292
2025-10-16 18:48:01-03:00,2025-10-16 18:50:00-03:00,ChIJt7GmttbNvJURtlE5pCSUcr8,UNKNOWN,0 days 00:01:59,2025-10,3,False,"-34.6633329°, -58.3768793°",-34.6633329,-58.3768793
2025-10-16 19:14:20-03:00,2025-10-17 11:28:43-03:00,ChIJiaxCaw7NvJURWGaM-OWByxk,UNKNOWN,0 days 16:14:23,2025-10,3,False,"-34.7184741°, -58.4074368°",-34.7184741,-58.4074368
2025-10-17 12:06:31-03:00,2025-10-17 12:35:58-03:00,ChIJR1tvl5DKvJURCNrXrDI6zC4,UNKNOWN,0 days 00:29:27,2025-10,4,False,"-34.5941066°, -58.4020485°",-34.5941066,-58.4020485
2025-10-17 12:50:49-03:00,2025-10-17 13:05:34-03:00,ChIJIxYSMMbKvJURqZGJyCpvOFM,Trabajo Teatro Colon,0 days 00:14:45,2025-10,4,False,"-34.601152°, -58.3833278°",-34.601152,-58.3833278
2025-10-17 13:13:37-03:00,2025-10-17 13:45:00-03:00,ChIJH5qger_KvJURGG0fnQ_e1pM,UNKNOWN,0 days 00:31:23,2025-10,4,False,"-34.5997458°, -58.390965°",-34.5997458,-58.390965
2025-10-17 14:04:04-03:00,2025-10-17 15:40:27-03:00,ChIJIxYSMMbKvJURqZGJyCpvOFM,Trabajo Teatro Colon,0 days 01:36:23,2025-10,4,False,"-34.601152°, -58.3833278°",-34.601152,-58.3833278
2025-10-17 15:43:59-03:00,2025-10-17 16:55:34-03:00,ChIJiaHxJ8bKvJURXZQ0dg7Bdbg,Trabajo Teatro Colon,0 days 01:11:35,2025-10,4,False,"-34.6010789°, -58.3831346°",-34.6010789,-58.3831346
2025-10-17 17:29:12-03:00,2025-10-17 19:34:54-03:00,ChIJiaxCaw7NvJURWGaM-OWByxk,UNKNOWN,0 days 02:05:42,2025-10,4,False,"-34.7184741°, -58.4074368°",-34.7184741,-58.4074368
2025-10-17 20:03:47-03:00,2025-10-17 21:27:28-03:00,ChIJiQDEBCPNvJUR1iaRPp6sr38,UNKNOWN,0 days 01:23:41,2025-10,4,False,"-34.7075567°, -58.3908743°",-34.7075567,-58.3908743
2025-10-17 21:37:28-03:00,2025-10-18 14:32:26-03:00,ChIJiaxCaw7NvJURWGaM-OWByxk,UNKNOWN,0 days 16:54:58,2025-10,4,False,"-34.7184741°, -58.4074368°",-34.7184741,-58.4074368
2025-10-18 14:40:28-03:00,2025-10-18 18:35:55-03:00,ChIJ07U9l1rMvJUR45T1QwpzrYI,Casa abuelos,0 days 03:55:27,2025-10,5,True,"-34.6994748°, -58.4270458°",-34.6994748,-58.4270458
2025-10-18 18:48:06-03:00,2025-10-18 19:32:09-03:00,ChIJCbWWvRjNvJUREHqhy2YdI-Q,Barberia,0 days 00:44:03,2025-10,5,True,"-34.7072332°, -58.3956118°",-34.7072332,-58.3956118
2025-10-18 19:35:07-03:00,2025-10-18 20:57:11-03:00,ChIJsZmi8SPNvJURbRamJokCPrA,UNKNOWN,0 days 01:22:04,2025-10,5,True,"-34.7051645°, -58.3894032°",-34.7051645,-58.3894032
2025-10-18 21:02:59-03:00,2025-10-18 21:09:48-03:00,ChIJ2xLUTTTNvJURhaaUlD2zAns,UNKNOWN,0 days 00:06:49,2025-10,5,True,"-34.7123765°, -58.3755461°",-34.7123765,-58.3755461
2025-10-18 21:30:12-03:00,2025-10-18 21:48:19-03:00,ChIJz2WFlAjNvJURv24yDj08Wec,UNKNOWN,0 days 00:18:07,2025-10,5,True,"-34.7037843°, -58.3969815°",-34.7037843,-58.3969815
2025-10-18 21:54:28-03:00,2025-10-18 23:46:46-03:00,ChIJsZmi8SPNvJURbRamJokCPrA,UNKNOWN,0 days 01:52:18,2025-10,5,True,"-34.7051645°, -58.3894032°",-34.7051645,-58.3894032
2025-10-18 23:56:31-03:00,2025-10-19 00:46:21-03:00,ChIJp2VcRNXMvJURN-BXsgtDZGg,UNKNOWN,0 days 00:49:50,2025-10,5,True,"-34.693422°, -58.3720407°",-34.693422,-58.3720407
2025-10-19 01:09:20-03:00,2025-10-19 01:13:23-03:00,ChIJsZmi8SPNvJURbRamJokCPrA,UNKNOWN,0 days 00:04:03,2025-10,6,True,"-34.7051645°, -58.3894032°",-34.7051645,-58.3894032
2025-10-19 01:23:30-03:00,2025-10-19 13:03:36-03:00,ChIJiaxCaw7NvJURWGaM-OWByxk,UNKNOWN,0 days 11:40:06,2025-10,6,True,"-34.7184741°, -58.4074368°",-34.7184741,-58.4074368
2025-10-19 13:12:59-03:00,2025-10-19 15:28:30-03:00,ChIJc76vqlrMvJUR2rFJ_9-mceM,Casa abuelos,0 days 02:15:31,2025-10,6,True,"-34.70057°, -58.42861°",-34.70057,-58.42861
2025-10-19 15:28:30-03:00,2025-10-19 16:05:57-03:00,ChIJI_ROiNfNvJUR1SIKDecKwSI,UNKNOWN,0 days 00:37:27,2025-10,6,True,"-34.6971624°, -58.42635°",-34.6971624,-58.42635
2025-10-19 16:07:58-03:00,2025-10-19 19:18:18-03:00,ChIJ07U9l1rMvJUR45T1QwpzrYI,Casa abuelos,0 days 03:10:20,2025-10,6,True,"-34.6994748°, -58.4270458°",-34.6994748,-58.4270458
2025-10-19 19:30:53-03:00,2025-10-19 23:41:39-03:00,ChIJt6mvqZrMvJURwEflIsBKbSQ,Casa madre,0 days 04:10:46,2025-10,6,True,"-34.673936°, -58.4054231°",-34.673936,-58.4054231
2025-10-19 23:54:17-03:00,2025-10-20 08:21:25-03:00,ChIJiaxCaw7NvJURWGaM-OWByxk,UNKNOWN,0 days 08:27:08,2025-10,6,True,"-34.7184741°, -58.4074368°",-34.7184741,-58.4074368
2025-10-20 09:31:16-03:00,2025-10-20 12:33:40-03:00,ChIJiaHxJ8bKvJURXZQ0dg7Bdbg,Trabajo Teatro Colon,0 days 03:02:24,2025-10,0,False,"-34.6010789°, -58.3831346°",-34.6010789,-58.3831346
2025-10-20 12:55:09-03:00,2025-10-20 14:43:16-03:00,ChIJuZ28VzU1o5UR3yrH7JyU3FM,Trabajo Macro,0 days 01:48:07,2025-10,0,False,"-34.5940986°, -58.3717793°",-34.5940986,-58.3717793
2025-10-20 15:15:19-03:00,2025-10-20 15:59:07-03:00,ChIJ31FQXtLKvJURRh-ANe18zWc,Trabajo ICBC,0 days 00:43:48,2025-10,0,False,"-34.6066665°, -58.374614°",-34.6066665,-58.374614
2025-10-20 16:21:37-03:00,2025-10-20 16:25:07-03:00,ChIJ2WVuqLPKvJURSMIERHR62l0,UNKNOWN,0 days 00:03:30,2025-10,0,False,"-34.5893615°, -58.3731595°",-34.5893615,-58.3731595
2025-10-20 17:33:34-03:00,2025-10-21 11:09:01-03:00,ChIJiaxCaw7NvJURWGaM-OWByxk,UNKNOWN,0 days 17:35:27,2025-10,0,False,"-34.7184741°, -58.4074368°",-34.7184741,-58.4074368
2025-10-21 12:17:26-03:00,2025-10-21 12:52:02-03:00,ChIJWwNBpdLKvJUR0nZKx5c7nq4,Trabajo Galicia,0 days 00:34:36,2025-10,1,False,"-34.6054579°, -58.3724473°",-34.6054579,-58.3724473
2025-10-21 12:17:26-03:00,2025-10-21 12:43:30-03:00,ChIJPaop8M3KvJURbpDWE-rnX6c,Trabajo Galicia,0 days 00:26:04,2025-10,1,False,"-34.6058223°, -58.3726811°",-34.6058223,-58.3726811
2025-10-21 12:53:42-03:00,2025-10-21 14:07:33-03:00,ChIJk3U0KS01o5URsofTDnwrNbI,Trabajo BNA,0 days 01:13:51,2025-10,1,False,"-34.6076093°, -58.3711929°",-34.6076093,-58.3711929
2025-10-21 14:09:34-03:00,2025-10-21 14:35:10-03:00,ChIJKyzoRS01o5URxY4l0iCdu7I,Trabajo Columbia,0 days 00:25:36,2025-10,1,False,"-34.6052778°, -58.3708333°",-34.6052778,-58.3708333
2025-10-21 14:09:34-03:00,2025-10-21 14:28:03-03:00,ChIJYzmPTy01o5URVHM001Eb5QY,Trabajo Columbia,0 days 00:18:29,2025-10,1,False,"-34.6053094°, -58.37084°",-34.6053094,-58.37084
2025-10-21 14:37:11-03:00,2025-10-21 15:57:41-03:00,ChIJT-ybv9LKvJURHb0Ku5piHEA,Trabajo Galicia,0 days 01:20:30,2025-10,1,False,"-34.6058223°, -58.3726811°",-34.6058223,-58.3726811
2025-10-21 16:20:32-03:00,2025-10-21 16:25:12-03:00,ChIJUzg-m7TKvJURFFWLi1oLlFA,UNKNOWN,0 days 00:04:40,2025-10,1,False,"-34.59115°, -58.37468°",-34.59115,-58.37468
2025-10-21 17:32:15-03:00,2025-10-22 08:23:08-03:00,ChIJiaxCaw7NvJURWGaM-OWByxk,UNKNOWN,0 days 14:50:53,2025-10,1,False,"-34.7184741°, -58.4074368°",-34.7184741,-58.4074368
2025-10-22 08:29:15-03:00,2025-10-22 08:38:00-03:00,ChIJMzGlxw_NvJUR0UobwG_mK24,UNKNOWN,0 days 00:08:45,2025-10,2,False,"-34.7162°, -58.40728°",-34.7162,-58.40728
2025-10-22 09:19:04-03:00,2025-10-22 09:23:31-03:00,ChIJO5OvTjDLvJURn--oIpRP89Q,UNKNOWN,0 days 00:04:27,2025-10,2,False,"-34.6283037°, -58.3805292°",-34.6283037,-58.3805292
2025-10-22 09:31:19-03:00,2025-10-22 10:49:30-03:00,ChIJS8u27s00o5UR9dtpsV0MFkM,Trabajo Santander,0 days 01:18:11,2025-10,2,False,"-34.6238941°, -58.367137°",-34.6238941,-58.367137
2025-10-22 11:13:52-03:00,2025-10-22 12:22:24-03:00,ChIJR1tvl5DKvJURCNrXrDI6zC4,UNKNOWN,0 days 01:08:32,2025-10,2,False,"-34.5941066°, -58.4020485°",-34.5941066,-58.4020485
2025-10-22 12:47:43-03:00,2025-10-22 13:25:52-03:00,ChIJuRHSbs3KvJUR9SvlKkuu8Hk,Trabajo Supervielle,0 days 00:38:09,2025-10,2,False,"-34.6042249°, -58.3736816°",-34.6042249,-58.3736816
2025-10-22 12:47:43-03:00,2025-10-22 13:25:52-03:00,ChIJ___Pbs3KvJURJtB--4EB8xc,Trabajo Supervielle,0 days 00:38:09,2025-10,2,False,"-34.6042475°, -58.37352°",-34.6042475,-58.37352
2025-10-22 13:31:45-03:00,2025-10-22 15:48:02-03:00,ChIJk3U0KS01o5URsofTDnwrNbI,Trabajo BNA,0 days 02:16:17,2025-10,2,False,"-34.6076093°, -58.3711929°",-34.6076093,-58.3711929
2025-10-22 16:09:11-03:00,2025-10-22 17:00:16-03:00,ChIJozcskDQ1o5UR5Oc85yFQ8lE,Trabajo BBVA,0 days 00:51:05,2025-10,2,False,"-34.5975104°, -58.3700036°",-34.5975104,-58.3700036
2025-10-22 18:26:53-03:00,2025-10-22 20:29:09-03:00,ChIJiaxCaw7NvJURWGaM-OWByxk,UNKNOWN,0 days 02:02:16,2025-10,2,False,"-34.7184741°, -58.4074368°",-34.7184741,-58.4074368
2025-10-22 20:29:09-03:00,2025-10-23 11:09:37-03:00,ChIJiaxCaw7NvJURWGaM-OWByxk,UNKNOWN,0 days 14:40:28,2025-10,2,False,"-34.7184741°, -58.4074368°",-34.7184741,-58.4074368
2025-10-23 12:16:06-03:00,2025-10-23 13:13:03-03:00,ChIJozcskDQ1o5UR5Oc85yFQ8lE,Trabajo BBVA,0 days 00:56:57,2025-10,3,False,"-34.5975104°, -58.3700036°",-34.5975104,-58.3700036
2025-10-23 13:21:04-03:00,2025-10-23 13:55:53-03:00,ChIJk3U0KS01o5URsofTDnwrNbI,Trabajo BNA,0 days 00:34:49,2025-10,3,False,"-34.6076093°, -58.3711929°",-34.6076093,-58.3711929
2025-10-23 14:20:49-03:00,2025-10-23 15:13:41-03:00,ChIJiaHxJ8bKvJURXZQ0dg7Bdbg,Trabajo Teatro Colon,0 days 00:52:52,2025-10,3,False,"-34.6010789°, -58.3831346°",-34.6010789,-58.3831346
2025-10-23 15:26:34-03:00,2025-10-23 17:32:53-03:00,ChIJuZ28VzU1o5UR3yrH7JyU3FM,Trabajo Macro,0 days 02:06:19,2025-10,3,False,"-34.5940986°, -58.3717793°",-34.5940986,-58.3717793
2025-10-23 17:40:57-03:00,2025-10-23 17:53:16-03:00,ChIJ2WVuqLPKvJURSMIERHR62l0,UNKNOWN,0 days 00:12:19,2025-10,3,False,"-34.5893615°, -58.3731595°",-34.5893615,-58.3731595
2025-10-23 19:04:22-03:00,2025-10-24 12:00:26-03:00,ChIJiaxCaw7NvJURWGaM-OWByxk,UNKNOWN,0 days 16:56:04,2025-10,3,False,"-34.7184741°, -58.4074368°",-34.7184741,-58.4074368
2025-10-24 13:08:12-03:00,2025-10-24 17:42:45-03:00,ChIJozcskDQ1o5UR5Oc85yFQ8lE,Trabajo BBVA,0 days 04:34:33,2025-10,4,False,"-34.5975104°, -58.3700036°",-34.5975104,-58.3700036
2025-10-24 17:46:30-03:00,2025-10-24 17:54:43-03:00,ChIJ2WVuqLPKvJURSMIERHR62l0,UNKNOWN,0 days 00:08:13,2025-10,4,False,"-34.5893615°, -58.3731595°",-34.5893615,-58.3731595
2025-10-24 19:05:58-03:00,2025-10-25 14:01:51-03:00,ChIJiaxCaw7NvJURWGaM-OWByxk,UNKNOWN,0 days 18:55:53,2025-10,4,False,"-34.7184741°, -58.4074368°",-34.7184741,-58.4074368
2025-10-25 14:10:09-03:00,2025-10-25 18:09:15-03:00,ChIJa9k_n1rMvJURmFjEVhsJ6zE,Casa abuelos,0 days 03:59:06,2025-10,5,True,"-34.7000175°, -58.4272267°",-34.7000175,-58.4272267
2025-10-25 18:19:06-03:00,2025-10-25 19:18:57-03:00,ChIJD8SQF5DNvJURNtxm8W6eG0I,Barberia,0 days 00:59:51,2025-10,5,True,"-34.7072503°, -58.3956021°",-34.7072503,-58.3956021
2025-10-25 19:22:57-03:00,2025-10-25 19:36:13-03:00,ChIJfaTsoBfNvJURz6hScz-h-3U,UNKNOWN,0 days 00:13:16,2025-10,5,True,"-34.7129023°, -58.3972906°",-34.7129023,-58.3972906
2025-10-25 19:42:38-03:00,2025-10-26 12:19:45-03:00,ChIJiaxCaw7NvJURWGaM-OWByxk,UNKNOWN,0 days 16:37:07,2025-10,5,True,"-34.7184741°, -58.4074368°",-34.7184741,-58.4074368
2025-10-26 12:34:50-03:00,2025-10-26 12:43:33-03:00,ChIJSQBiDXXNvJUR9PTdWLTZiWw,UNKNOWN,0 days 00:08:43,2025-10,6,True,"-34.7261403°, -58.4101022°",-34.7261403,-58.4101022
2025-10-26 12:56:26-03:00,2025-10-27 12:08:55-03:00,ChIJiaxCaw7NvJURWGaM-OWByxk,UNKNOWN,0 days 23:12:29,2025-10,6,True,"-34.7184741°, -58.4074368°",-34.7184741,-58.4074368
2025-10-27 12:12:26-03:00,2025-10-27 12:19:15-03:00,ChIJMzGlxw_NvJUR0UobwG_mK24,UNKNOWN,0 days 00:06:49,2025-10,0,False,"-34.7162°, -58.40728°",-34.7162,-58.40728
2025-10-27 13:18:29-03:00,2025-10-27 14:49:30-03:00,ChIJuZ28VzU1o5UR3yrH7JyU3FM,Trabajo Macro,0 days 01:31:01,2025-10,0,False,"-34.5940986°, -58.3717793°",-34.5940986,-58.3717793
2025-10-27 15:05:00-03:00,2025-10-27 16:52:31-03:00,ChIJIxYSMMbKvJURqZGJyCpvOFM,Trabajo Teatro Colon,0 days 01:47:31,2025-10,0,False,"-34.601152°, -58.3833278°",-34.601152,-58.3833278
2025-10-27 17:58:04-03:00,2025-10-28 12:18:11-03:00,ChIJiaxCaw7NvJURWGaM-OWByxk,UNKNOWN,0 days 18:20:07,2025-10,0,False,"-34.7184741°, -58.4074368°",-34.7184741,-58.4074368
2025-10-28 13:26:07-03:00,2025-10-28 17:22:09-03:00,ChIJIxYSMMbKvJURqZGJyCpvOFM,Trabajo Teatro Colon,0 days 03:56:02,2025-10,1,False,"-34.601152°, -58.3833278°",-34.601152,-58.3833278
2025-10-28 17:43:12-03:00,2025-10-28 17:45:12-03:00,ChIJUzg-m7TKvJURFFWLi1oLlFA,UNKNOWN,0 days 00:02:00,2025-10,1,False,"-34.59115°, -58.37468°",-34.59115,-58.37468
2025-10-28 18:55:27-03:00,2025-10-29 08:08:39-03:00,ChIJiaxCaw7NvJURWGaM-OWByxk,UNKNOWN,0 days 13:13:12,2025-10,1,False,"-34.7184741°, -58.4074368°",-34.7184741,-58.4074368
2025-10-29 09:21:56-03:00,2025-10-29 11:50:40-03:00,ChIJPbtP4lfKvJURDPKYCQYlUnw,WORK,0 days 02:28:44,2025-10,2,False,"-34.5436434°, -58.5172221°",-34.5436434,-58.5172221
2025-10-29 11:53:35-03:00,2025-10-29 12:27:13-03:00,ChIJtQq4O3-3vJURR_aFdNPrJnI,UNKNOWN,0 days 00:33:38,2025-10,2,False,"-34.5464077°, -58.5159358°",-34.5464077,-58.5159358
2025-10-29 12:29:47-03:00,2025-10-29 14:34:24-03:00,ChIJPbtP4lfKvJURDPKYCQYlUnw,WORK,0 days 02:04:37,2025-10,2,False,"-34.5436434°, -58.5172221°",-34.5436434,-58.5172221
2025-10-29 15:00:16-03:00,2025-10-29 15:16:36-03:00,ChIJIxYSMMbKvJURqZGJyCpvOFM,Trabajo Teatro Colon,0 days 00:16:20,2025-10,2,False,"-34.601152°, -58.3833278°",-34.601152,-58.3833278
2025-10-29 15:32:20-03:00,2025-10-29 16:35:47-03:00,ChIJozcskDQ1o5UR5Oc85yFQ8lE,Trabajo BBVA,0 days 01:03:27,2025-10,2,False,"-34.5975104°, -58.3700036°",-34.5975104,-58.3700036
2025-10-29 16:44:04-03:00,2025-10-29 17:29:09-03:00,ChIJIxYSMMbKvJURqZGJyCpvOFM,Trabajo Teatro Colon,0 days 00:45:05,2025-10,2,False,"-34.601152°, -58.3833278°",-34.601152,-58.3833278
2025-10-29 18:09:04-03:00,2025-10-29 18:24:11-03:00,ChIJozcskDQ1o5UR5Oc85yFQ8lE,Trabajo BBVA,0 days 00:15:07,2025-10,2,False,"-34.5975104°, -58.3700036°",-34.5975104,-58.3700036
2025-10-29 19:44:40-03:00,2025-10-29 19:59:58-03:00,ChIJ5zQgH6oyo5UR1ZFL3oUlYgc,Casa pablo,0 days 00:15:18,2025-10,2,False,"-34.7314837°, -58.3661421°",-34.7314837,-58.3661421
2025-10-29 20:13:00-03:00,2025-10-29 21:29:47-03:00,ChIJ4f09BKoyo5URRI4Km8H2xVY,Casa pablo,0 days 01:16:47,2025-10,2,False,"-34.7321423°, -58.3664323°",-34.7321423,-58.3664323
2025-10-29 21:59:02-03:00,2025-10-29 23:39:54-03:00,ChIJt6mvqZrMvJURwEflIsBKbSQ,Casa madre,0 days 01:40:52,2025-10,2,False,"-34.673936°, -58.4054231°",-34.673936,-58.4054231
2025-10-29 23:55:54-03:00,2025-10-30 10:47:39-03:00,ChIJiaxCaw7NvJURWGaM-OWByxk,UNKNOWN,0 days 10:51:45,2025-10,2,False,"-34.7184741°, -58.4074368°",-34.7184741,-58.4074368
2025-10-30 11:42:04-03:00,2025-10-30 12:14:11-03:00,ChIJR1tvl5DKvJURCNrXrDI6zC4,UNKNOWN,0 days 00:32:07,2025-10,3,False,"-34.5941066°, -58.4020485°",-34.5941066,-58.4020485
2025-10-30 13:10:20-03:00,2025-10-30 13:44:25-03:00,ChIJtQq4O3-3vJURR_aFdNPrJnI,UNKNOWN,0 days 00:34:05,2025-10,3,False,"-34.5464077°, -58.5159358°",-34.5464077,-58.5159358
2025-10-30 13:47:54-03:00,2025-10-30 17:52:57-03:00,ChIJPbtP4lfKvJURDPKYCQYlUnw,WORK,0 days 04:05:03,2025-10,3,False,"-34.5436434°, -58.5172221°",-34.5436434,-58.5172221
2025-10-30 18:39:14-03:00,2025-10-30 21:48:13-03:00,ChIJG61IBFDMvJURwKlU15_TYxE,Casa abuelos,0 days 03:08:59,2025-10,3,False,"-34.70099°, -58.4283°",-34.70099,-58.4283
2025-10-30 21:54:45-03:00,2025-10-31 11:03:43-03:00,ChIJn_zkHA_NvJUR7yILmZdoPHc,UNKNOWN,0 days 13:08:58,2025-10,3,False,"-34.7174026°, -58.4096116°",-34.7174026,-58.4096116
2025-10-31 11:46:04-03:00,2025-10-31 12:12:30-03:00,ChIJIxYSMMbKvJURqZGJyCpvOFM,Trabajo Teatro Colon,0 days 00:26:26,2025-10,4,False,"-34.601152°, -58.3833278°",-34.601152,-58.3833278
2025-10-31 12:20:17-03:00,2025-10-31 13:48:38-03:00,ChIJVTJlXNLKvJURH9VZx-Qy428,Trabajo ICBC,0 days 01:28:21,2025-10,4,False,"-34.6069935°, -58.374986°",-34.6069935,-58.374986
2025-10-31 13:48:38-03:00,2025-10-31 14:13:30-03:00,ChIJwYgY6dLKvJURRGVEQaerEyA,UNKNOWN,0 days 00:24:52,2025-10,4,False,"-34.6069572°, -58.373416°",-34.6069572,-58.373416
2025-10-31 14:34:51-03:00,2025-10-31 16:50:11-03:00,ChIJIxYSMMbKvJURqZGJyCpvOFM,Trabajo Teatro Colon,0 days 02:15:20,2025-10,4,False,"-34.601152°, -58.3833278°",-34.601152,-58.3833278
2025-10-31 18:46:12-03:00,2025-10-31 20:02:21-03:00,ChIJz2WFlAjNvJURv24yDj08Wec,UNKNOWN,0 days 01:16:09,2025-10,4,False,"-34.7037843°, -58.3969815°",-34.7037843,-58.3969815
2025-10-31 20:22:12-03:00,2025-10-31 20:33:25-03:00,ChIJv83vgl_MvJURBZBF_IocTL8,UNKNOWN,0 days 00:11:13,2025-10,4,False,"-34.6895008°, -58.4184661°",-34.6895008,-58.4184661
2025-10-31 20:44:11-03:00,2025-11-01 13:46:55-03:00,ChIJiaxCaw7NvJURWGaM-OWByxk,UNKNOWN,0 days 17:02:44,2025-10,4,False,"-34.7184741°, -58.4074368°",-34.7184741,-58.4074368
2025-11-01 14:07:54-03:00,2025-11-01 16:01:20-03:00,ChIJG61IBFDMvJURwKlU15_TYxE,Casa abuelos,0 days 01:53:26,2025-11,5,True,"-34.70099°, -58.4283°",-34.70099,-58.4283
2025-11-01 16:14:12-03:00,2025-11-01 18:16:59-03:00,ChIJhdlv2VDMvJURYv7_9Rnc7Dk,UNKNOWN,0 days 02:02:47,2025-11,5,True,"-34.7015408°, -58.4239748°",-34.7015408,-58.4239748
2025-11-01 18:41:53-03:00,2025-11-01 20:32:40-03:00,ChIJCbWWvRjNvJUREHqhy2YdI-Q,Barberia,0 days 01:50:47,2025-11,5,True,"-34.7072332°, -58.3956118°",-34.7072332,-58.3956118
2025-11-01 21:20:08-03:00,2025-11-01 21:48:24-03:00,ChIJ86f0t9LKvJURCM3mzhm31tE,Trabajo Galicia,0 days 00:28:16,2025-11,5,True,"-34.6059697°, -58.3724162°",-34.6059697,-58.3724162
2025-11-01 22:10:28-03:00,2025-11-02 02:12:35-03:00,ChIJ19kvqVkyo5URAacA5RlQKSA,Casa tio,0 days 04:02:07,2025-11,5,True,"-34.6922666°, -58.3227343°",-34.6922666,-58.3227343
2025-11-02 02:55:27-03:00,2025-11-03 09:10:28-03:00,ChIJn_zkHA_NvJUR7yILmZdoPHc,UNKNOWN,1 days 06:15:01,2025-11,6,True,"-34.7174026°, -58.4096116°",-34.7174026,-58.4096116
2025-11-03 10:09:02-03:00,2025-11-03 10:20:01-03:00,ChIJPbtP4lfKvJURDPKYCQYlUnw,WORK,0 days 00:10:59,2025-11,0,False,"-34.5436434°, -58.5172221°",-34.5436434,-58.5172221
2025-11-03 11:41:48-03:00,2025-11-03 14:38:31-03:00,ChIJIxYSMMbKvJURqZGJyCpvOFM,Trabajo Teatro Colon,0 days 02:56:43,2025-11,0,False,"-34.601152°, -58.3833278°",-34.601152,-58.3833278
2025-11-03 15:11:09-03:00,2025-11-03 17:39:47-03:00,ChIJuZ28VzU1o5UR3yrH7JyU3FM,Trabajo Macro,0 days 02:28:38,2025-11,0,False,"-34.5940986°, -58.3717793°",-34.5940986,-58.3717793
2025-11-03 19:20:34-03:00,2025-11-04 07:57:53-03:00,ChIJiaxCaw7NvJURWGaM-OWByxk,UNKNOWN,0 days 12:37:19,2025-11,0,False,"-34.7184741°, -58.4074368°",-34.7184741,-58.4074368
2025-11-04 09:03:19-03:00,2025-11-04 09:50:02-03:00,ChIJPbtP4lfKvJURDPKYCQYlUnw,WORK,0 days 00:46:43,2025-11,1,False,"-34.5436434°, -58.5172221°",-34.5436434,-58.5172221
2025-11-04 11:19:55-03:00,2025-11-04 11:28:59-03:00,ChIJiZboodHKvJURR5sOaKSd0rs,UNKNOWN,0 days 00:09:04,2025-11,1,False,"-34.6089972°, -58.3789086°",-34.6089972,-58.3789086
2025-11-04 11:49:29-03:00,2025-11-04 13:17:13-03:00,ChIJIxYSMMbKvJURqZGJyCpvOFM,Trabajo Teatro Colon,0 days 01:27:44,2025-11,1,False,"-34.601152°, -58.3833278°",-34.601152,-58.3833278
2025-11-04 13:26:04-03:00,2025-11-04 14:58:56-03:00,ChIJmftPo9LKvJURaO1stSDPY1o,Trabajo Galicia,0 days 01:32:52,2025-11,1,False,"-34.6055855°, -58.372745°",-34.6055855,-58.372745
2025-11-04 15:19:36-03:00,2025-11-04 16:32:18-03:00,ChIJuZ28VzU1o5UR3yrH7JyU3FM,Trabajo Macro,0 days 01:12:42,2025-11,1,False,"-34.5940986°, -58.3717793°",-34.5940986,-58.3717793
2025-11-04 16:38:12-03:00,2025-11-04 16:50:54-03:00,ChIJ0ZIXJqTLvJURpAuSSJCHmqs,UNKNOWN,0 days 00:12:42,2025-11,1,False,"-34.5879512°, -58.3720195°",-34.5879512,-58.3720195
2025-11-04 18:02:27-03:00,2025-11-05 13:50:45-03:00,ChIJn_zkHA_NvJUR7yILmZdoPHc,UNKNOWN,0 days 19:48:18,2025-11,1,False,"-34.7174026°, -58.4096116°",-34.7174026,-58.4096116
2025-11-05 14:17:50-03:00,2025-11-05 14:39:07-03:00,ChIJIxYSMMbKvJURqZGJyCpvOFM,Trabajo Teatro Colon,0 days 00:21:17,2025-11,2,False,"-34.601152°, -58.3833278°",-34.601152,-58.3833278
2025-11-05 14:48:22-03:00,2025-11-05 14:53:20-03:00,ChIJV2WoSdfKvJURhUQycGag36c,UNKNOWN,0 days 00:04:58,2025-11,2,False,"-34.6129371°, -58.3819369°",-34.6129371,-58.3819369
2025-11-05 15:09:22-03:00,2025-11-05 15:30:38-03:00,ChIJO5OvTjDLvJURn--oIpRP89Q,UNKNOWN,0 days 00:21:16,2025-11,2,False,"-34.6283037°, -58.3805292°",-34.6283037,-58.3805292
2025-11-05 15:41:06-03:00,2025-11-05 16:32:11-03:00,ChIJS8u27s00o5UR9dtpsV0MFkM,Trabajo Santander,0 days 00:51:05,2025-11,2,False,"-34.6238941°, -58.367137°",-34.6238941,-58.367137
2025-11-05 16:54:09-03:00,2025-11-05 18:12:53-03:00,ChIJIxYSMMbKvJURqZGJyCpvOFM,Trabajo Teatro Colon,0 days 01:18:44,2025-11,2,False,"-34.601152°, -58.3833278°",-34.601152,-58.3833278
2025-11-05 18:47:16-03:00,2025-11-05 21:40:42-03:00,ChIJVy69HemwvJURalkkK078b1s,Norcenter,0 days 02:53:26,2025-11,2,False,"-34.5145824°, -58.5234213°",-34.5145824,-58.5234213
2025-11-05 18:47:16-03:00,2025-11-05 21:40:42-03:00,ChIJJ53PO-mwvJURgccb-ly7-F0,Norcenter,0 days 02:53:26,2025-11,2,False,"-34.5144542°, -58.5240523°",-34.5144542,-58.5240523
2025-11-05 22:17:13-03:00,2025-11-06 15:38:53-03:00,ChIJ5_qqHA_NvJURsYhmhKQxDh0,INFERRED_HOME,0 days 17:21:40,2025-11,2,False,"-34.7172171°, -58.4094893°",-34.7172171,-58.4094893
2025-11-06 16:48:48-03:00,2025-11-06 19:08:20-03:00,ChIJIxYSMMbKvJURqZGJyCpvOFM,Trabajo Teatro Colon,0 days 02:19:32,2025-11,3,False,"-34.601152°, -58.3833278°",-34.601152,-58.3833278
2025-11-06 19:57:30-03:00,2025-11-06 22:28:41-03:00,ChIJ5_qqHA_NvJURsYhmhKQxDh0,INFERRED_HOME,0 days 02:31:11,2025-11,3,False,"-34.7172171°, -58.4094893°",-34.7172171,-58.4094893
2025-11-07 00:59:37-03:00,2025-11-07 12:32:43-03:00,ChIJiaxCaw7NvJURWGaM-OWByxk,UNKNOWN,0 days 11:33:06,2025-11,4,False,"-34.7184741°, -58.4074368°",-34.7184741,-58.4074368
2025-11-07 12:42:47-03:00,2025-11-07 16:57:29-03:00,ChIJa9k_n1rMvJURmFjEVhsJ6zE,Casa abuelos,0 days 04:14:42,2025-11,4,False,"-34.7000175°, -58.4272267°",-34.7000175,-58.4272267
2025-11-07 17:09:44-03:00,2025-11-08 13:21:58-03:00,ChIJ5_qqHA_NvJURsYhmhKQxDh0,INFERRED_HOME,0 days 20:12:14,2025-11,4,False,"-34.7172171°, -58.4094893°",-34.7172171,-58.4094893
2025-11-08 13:38:07-03:00,2025-11-08 13:42:07-03:00,ChIJt6mvqZrMvJURwEflIsBKbSQ,Casa madre,0 days 00:04:00,2025-11,5,True,"-34.673936°, -58.4054231°",-34.673936,-58.4054231
2025-11-08 13:56:42-03:00,2025-11-08 18:03:18-03:00,ChIJa9k_n1rMvJURmFjEVhsJ6zE,Casa abuelos,0 days 04:06:36,2025-11,5,True,"-34.7000175°, -58.4272267°",-34.7000175,-58.4272267
2025-11-08 18:09:56-03:00,2025-11-08 18:19:10-03:00,ChIJ5_qqHA_NvJURsYhmhKQxDh0,INFERRED_HOME,0 days 00:09:14,2025-11,5,True,"-34.7172171°, -58.4094893°",-34.7172171,-58.4094893
2025-11-08 18:26:27-03:00,2025-11-08 19:06:45-03:00,ChIJCbWWvRjNvJUREHqhy2YdI-Q,Barberia,0 days 00:40:18,2025-11,5,True,"-34.7072332°, -58.3956118°",-34.7072332,-58.3956118
2025-11-08 19:33:26-03:00,2025-11-09 02:24:52-03:00,ChIJ19kvqVkyo5URAacA5RlQKSA,Casa tio,0 days 06:51:26,2025-11,5,True,"-34.6922666°, -58.3227343°",-34.6922666,-58.3227343
2025-11-09 02:55:29-03:00,2025-11-10 11:06:34-03:00,ChIJn_zkHA_NvJUR7yILmZdoPHc,UNKNOWN,1 days 08:11:05,2025-11,6,True,"-34.7174026°, -58.4096116°",-34.7174026,-58.4096116
2025-11-10 11:13:31-03:00,2025-11-10 11:19:31-03:00,ChIJMzGlxw_NvJUR0UobwG_mK24,UNKNOWN,0 days 00:06:00,2025-11,0,False,"-34.7162°, -58.40728°",-34.7162,-58.40728
2025-11-10 12:19:28-03:00,2025-11-10 13:28:54-03:00,ChIJwYgY6dLKvJURRGVEQaerEyA,UNKNOWN,0 days 01:09:26,2025-11,0,False,"-34.6069572°, -58.373416°",-34.6069572,-58.373416
2025-11-10 12:53:48-03:00,2025-11-10 13:05:53-03:00,ChIJvTS_5ebLvJURv5Yg2A5xU78,UNKNOWN,0 days 00:12:05,2025-11,0,False,"-34.607024°, -58.3735225°",-34.607024,-58.3735225
2025-11-10 13:34:58-03:00,2025-11-10 13:44:31-03:00,ChIJtXFgB83KvJURiaM06_PxOEA,UNKNOWN,0 days 00:09:33,2025-11,0,False,"-34.6033°, -58.37453°",-34.6033,-58.37453
2025-11-10 13:51:30-03:00,2025-11-10 16:55:29-03:00,ChIJIxYSMMbKvJURqZGJyCpvOFM,Trabajo Teatro Colon,0 days 03:03:59,2025-11,0,False,"-34.601152°, -58.3833278°",-34.601152,-58.3833278
2025-11-10 17:12:01-03:00,2025-11-10 17:21:09-03:00,ChIJ2WVuqLPKvJURSMIERHR62l0,UNKNOWN,0 days 00:09:08,2025-11,0,False,"-34.5893615°, -58.3731595°",-34.5893615,-58.3731595
2025-11-10 18:29:30-03:00,2025-11-11 11:00:40-03:00,ChIJn_zkHA_NvJUR7yILmZdoPHc,UNKNOWN,0 days 16:31:10,2025-11,0,False,"-34.7174026°, -58.4096116°",-34.7174026,-58.4096116
2025-11-11 11:56:21-03:00,2025-11-11 12:03:51-03:00,ChIJiZboodHKvJURR5sOaKSd0rs,UNKNOWN,0 days 00:07:30,2025-11,1,False,"-34.6089972°, -58.3789086°",-34.6089972,-58.3789086
2025-11-11 12:17:37-03:00,2025-11-11 13:57:34-03:00,ChIJmftPo9LKvJURaO1stSDPY1o,Trabajo Galicia,0 days 01:39:57,2025-11,1,False,"-34.6055855°, -58.372745°",-34.6055855,-58.372745
2025-11-11 14:30:05-03:00,2025-11-11 16:11:40-03:00,ChIJozcskDQ1o5UR5Oc85yFQ8lE,Trabajo BBVA,0 days 01:41:35,2025-11,1,False,"-34.5975104°, -58.3700036°",-34.5975104,-58.3700036
2025-11-11 16:25:29-03:00,2025-11-11 17:50:35-03:00,ChIJIxYSMMbKvJURqZGJyCpvOFM,Trabajo Teatro Colon,0 days 01:25:06,2025-11,1,False,"-34.601152°, -58.3833278°",-34.601152,-58.3833278
2025-11-11 18:36:39-03:00,2025-11-11 19:06:50-03:00,ChIJy7WTdsW1vJUR4-brXQv_yPA,UNKNOWN,0 days 00:30:11,2025-11,1,False,"-34.567777°, -58.448778°",-34.567777,-58.448778
2025-11-11 19:12:36-03:00,2025-11-11 19:56:21-03:00,ChIJvY89pNG1vJURv_iwFvGiD90,UNKNOWN,0 days 00:43:45,2025-11,1,False,"-34.5653076°, -58.4541549°",-34.5653076,-58.4541549
2025-11-11 20:29:14-03:00,2025-11-11 20:36:39-03:00,ChIJXWlG3M_KvJURdlr2iOlHLdk,UNKNOWN,0 days 00:07:25,2025-11,1,False,"-34.60676°, -58.3815°",-34.60676,-58.3815
2025-11-11 21:21:17-03:00,2025-11-12 10:11:38-03:00,ChIJn_zkHA_NvJUR7yILmZdoPHc,UNKNOWN,0 days 12:50:21,2025-11,1,False,"-34.7174026°, -58.4096116°",-34.7174026,-58.4096116
2025-11-12 11:20:53-03:00,2025-11-12 13:17:56-03:00,ChIJuZ28VzU1o5UR3yrH7JyU3FM,Trabajo Macro,0 days 01:57:03,2025-11,2,False,"-34.5940986°, -58.3717793°",-34.5940986,-58.3717793
2025-11-12 13:30:35-03:00,2025-11-12 14:26:27-03:00,ChIJIxYSMMbKvJURqZGJyCpvOFM,Trabajo Teatro Colon,0 days 00:55:52,2025-11,2,False,"-34.601152°, -58.3833278°",-34.601152,-58.3833278
2025-11-12 14:35:51-03:00,2025-11-12 16:41:47-03:00,ChIJ31FQXtLKvJURRh-ANe18zWc,Trabajo ICBC,0 days 02:05:56,2025-11,2,False,"-34.6066665°, -58.374614°",-34.6066665,-58.374614
2025-11-12 17:00:57-03:00,2025-11-12 17:05:00-03:00,ChIJUzg-m7TKvJURFFWLi1oLlFA,UNKNOWN,0 days 00:04:03,2025-11,2,False,"-34.59115°, -58.37468°",-34.59115,-58.37468
2025-11-12 18:25:55-03:00,2025-11-13 10:16:57-03:00,ChIJn_zkHA_NvJUR7yILmZdoPHc,UNKNOWN,0 days 15:51:02,2025-11,2,False,"-34.7174026°, -58.4096116°",-34.7174026,-58.4096116
2025-11-13 10:20:12-03:00,2025-11-13 10:27:21-03:00,ChIJMzGlxw_NvJUR0UobwG_mK24,UNKNOWN,0 days 00:07:09,2025-11,3,False,"-34.7162°, -58.40728°",-34.7162,-58.40728
2025-11-13 11:33:51-03:00,2025-11-13 15:57:10-03:00,ChIJuZ28VzU1o5UR3yrH7JyU3FM,Trabajo Macro,0 days 04:23:19,2025-11,3,False,"-34.5940986°, -58.3717793°",-34.5940986,-58.3717793
2025-11-13 16:08:39-03:00,2025-11-13 17:47:09-03:00,ChIJIxYSMMbKvJURqZGJyCpvOFM,Trabajo Teatro Colon,0 days 01:38:30,2025-11,3,False,"-34.601152°, -58.3833278°",-34.601152,-58.3833278
2025-11-13 18:01:10-03:00,2025-11-13 18:10:33-03:00,ChIJUzg-m7TKvJURFFWLi1oLlFA,UNKNOWN,0 days 00:09:23,2025-11,3,False,"-34.59115°, -58.37468°",-34.59115,-58.37468
2025-11-13 19:19:19-03:00,2025-11-14 11:41:45-03:00,ChIJn_zkHA_NvJUR7yILmZdoPHc,UNKNOWN,0 days 16:22:26,2025-11,3,False,"-34.7174026°, -58.4096116°",-34.7174026,-58.4096116
2025-11-14 12:51:48-03:00,2025-11-14 13:22:44-03:00,ChIJ6UXWTy01o5URRRYeyMZm_QI,Trabajo Columbia,0 days 00:30:56,2025-11,4,False,"-34.6047587°, -58.3711958°",-34.6047587,-58.3711958
2025-11-14 13:39:02-03:00,2025-11-14 13:48:17-03:00,ChIJq-PnW0jLvJURWiPWOPGyN5I,Trabajo ICBC,0 days 00:09:15,2025-11,4,False,"-34.6076198°, -58.3742574°",-34.6076198,-58.3742574
2025-11-14 14:01:24-03:00,2025-11-14 16:26:29-03:00,ChIJIxYSMMbKvJURqZGJyCpvOFM,Trabajo Teatro Colon,0 days 02:25:05,2025-11,4,False,"-34.601152°, -58.3833278°",-34.601152,-58.3833278
2025-11-14 17:26:40-03:00,2025-11-15 14:32:07-03:00,ChIJn_zkHA_NvJUR7yILmZdoPHc,UNKNOWN,0 days 21:05:27,2025-11,4,False,"-34.7174026°, -58.4096116°",-34.7174026,-58.4096116
2025-11-15 14:45:33-03:00,2025-11-15 17:43:02-03:00,ChIJa9k_n1rMvJURmFjEVhsJ6zE,Casa abuelos,0 days 02:57:29,2025-11,5,True,"-34.7000175°, -58.4272267°",-34.7000175,-58.4272267
2025-11-15 17:51:48-03:00,2025-11-15 18:59:52-03:00,ChIJCbWWvRjNvJUREHqhy2YdI-Q,Barberia,0 days 01:08:04,2025-11,5,True,"-34.7072332°, -58.3956118°",-34.7072332,-58.3956118
2025-11-15 19:03:55-03:00,2025-11-15 19:11:26-03:00,ChIJwcDW5CLNvJURcqKacf0xBSU,UNKNOWN,0 days 00:07:31,2025-11,5,True,"-34.70818°, -58.39217°",-34.70818,-58.39217
2025-11-15 19:22:07-03:00,2025-11-15 19:25:17-03:00,ChIJa9k_n1rMvJURmFjEVhsJ6zE,Casa abuelos,0 days 00:03:10,2025-11,5,True,"-34.7000175°, -58.4272267°",-34.7000175,-58.4272267
2025-11-15 19:29:25-03:00,2025-11-15 19:34:05-03:00,ChIJqyXjv1nMvJURxtkIYrOc-MQ,UNKNOWN,0 days 00:04:40,2025-11,5,True,"-34.6974582°, -58.4213236°",-34.6974582,-58.4213236
2025-11-15 19:52:17-03:00,2025-11-15 22:03:01-03:00,ChIJ5_qqHA_NvJURsYhmhKQxDh0,INFERRED_HOME,0 days 02:10:44,2025-11,5,True,"-34.7172171°, -58.4094893°",-34.7172171,-58.4094893
2025-11-15 22:03:01-03:00,2025-11-15 22:17:17-03:00,ChIJMzGlxw_NvJUR0UobwG_mK24,UNKNOWN,0 days 00:14:16,2025-11,5,True,"-34.7162°, -58.40728°",-34.7162,-58.40728
2025-11-15 22:46:45-03:00,2025-11-16 07:58:18-03:00,ChIJtzTsS7U0o5URVC57d4pc-5w,UNKNOWN,0 days 09:11:33,2025-11,5,True,"-34.6353492°, -58.371384°",-34.6353492,-58.371384
2025-11-16 08:14:06-03:00,2025-11-16 08:44:04-03:00,ChIJma7G_8fKvJURnn6mUFx6GE4,UNKNOWN,0 days 00:29:58,2025-11,6,True,"-34.5982503°, -58.3833353°",-34.5982503,-58.3833353
2025-11-16 09:08:31-03:00,2025-11-16 09:11:09-03:00,ChIJS8rsxUjNvJUR0K4o6PWWmMY,UNKNOWN,0 days 00:02:38,2025-11,6,True,"-34.6754865°, -58.4144009°",-34.6754865,-58.4144009
2025-11-16 09:32:01-03:00,2025-11-16 09:37:11-03:00,ChIJa9k_n1rMvJURmFjEVhsJ6zE,Casa abuelos,0 days 00:05:10,2025-11,6,True,"-34.7000175°, -58.4272267°",-34.7000175,-58.4272267
2025-11-16 10:31:47-03:00,2025-11-16 10:39:26-03:00,ChIJR_k1F2iHvJURn7lRjGef2WI,UNKNOWN,0 days 00:07:39,2025-11,6,True,"-34.5594876°, -59.0916223°",-34.5594876,-59.0916223
2025-11-16 10:51:20-03:00,2025-11-16 13:54:53-03:00,ChIJ9eW3N-l9vJURgLY0YWo3Cik,UNKNOWN,0 days 03:03:33,2025-11,6,True,"-34.5612401°, -59.1219766°",-34.5612401,-59.1219766
2025-11-16 16:42:04-03:00,2025-11-16 17:09:12-03:00,ChIJ9eW3N-l9vJURgLY0YWo3Cik,UNKNOWN,0 days 00:27:08,2025-11,6,True,"-34.5612401°, -59.1219766°",-34.5612401,-59.1219766
2025-11-16 17:23:54-03:00,2025-11-16 17:30:46-03:00,ChIJuzcdceGFvJURCSDBXQDxVuE,UNKNOWN,0 days 00:06:52,2025-11,6,True,"-34.5860712°, -58.9822661°",-34.5860712,-58.9822661
2025-11-16 18:24:14-03:00,2025-11-16 19:11:50-03:00,ChIJa9k_n1rMvJURmFjEVhsJ6zE,Casa abuelos,0 days 00:47:36,2025-11,6,True,"-34.7000175°, -58.4272267°",-34.7000175,-58.4272267
2025-11-16 20:06:27-03:00,2025-11-16 22:28:25-03:00,ChIJt6mvqZrMvJURwEflIsBKbSQ,Casa madre,0 days 02:21:58,2025-11,6,True,"-34.673936°, -58.4054231°",-34.673936,-58.4054231
2025-11-16 22:44:31-03:00,2025-11-17 08:09:13-03:00,ChIJn_zkHA_NvJUR7yILmZdoPHc,UNKNOWN,0 days 09:24:42,2025-11,6,True,"-34.7174026°, -58.4096116°",-34.7174026,-58.4096116
2025-11-17 08:18:18-03:00,2025-11-17 08:28:15-03:00,ChIJL4ZXsjHNvJURlLicEBa2n1o,UNKNOWN,0 days 00:09:57,2025-11,0,False,"-34.7017423°, -58.4012317°",-34.7017423,-58.4012317
2025-11-17 09:22:10-03:00,2025-11-17 09:35:19-03:00,ChIJma7G_8fKvJURnn6mUFx6GE4,UNKNOWN,0 days 00:13:09,2025-11,0,False,"-34.5982503°, -58.3833353°",-34.5982503,-58.3833353
2025-11-17 09:39:21-03:00,2025-11-17 13:10:06-03:00,ChIJIxYSMMbKvJURqZGJyCpvOFM,Trabajo Teatro Colon,0 days 03:30:45,2025-11,0,False,"-34.601152°, -58.3833278°",-34.601152,-58.3833278
2025-11-17 13:15:05-03:00,2025-11-17 13:20:02-03:00,ChIJL5KVAc_KvJURm6eBv9TCt4E,UNKNOWN,0 days 00:04:57,2025-11,0,False,"-34.6044707°, -58.3801163°",-34.6044707,-58.3801163
2025-11-17 13:22:02-03:00,2025-11-17 14:58:17-03:00,ChIJVTJlXNLKvJURH9VZx-Qy428,Trabajo ICBC,0 days 01:36:15,2025-11,0,False,"-34.6069935°, -58.374986°",-34.6069935,-58.374986
2025-11-17 15:16:56-03:00,2025-11-17 16:47:36-03:00,ChIJIxYSMMbKvJURqZGJyCpvOFM,Trabajo Teatro Colon,0 days 01:30:40,2025-11,0,False,"-34.601152°, -58.3833278°",-34.601152,-58.3833278
2025-11-17 17:43:25-03:00,2025-11-18 09:24:22-03:00,ChIJn_zkHA_NvJUR7yILmZdoPHc,UNKNOWN,0 days 15:40:57,2025-11,0,False,"-34.7174026°, -58.4096116°",-34.7174026,-58.4096116
2025-11-18 10:44:58-03:00,2025-11-18 13:08:57-03:00,ChIJPbtP4lfKvJURDPKYCQYlUnw,WORK,0 days 02:23:59,2025-11,1,False,"-34.5436434°, -58.5172221°",-34.5436434,-58.5172221
2025-11-18 13:12:57-03:00,2025-11-18 13:44:22-03:00,ChIJtQq4O3-3vJURR_aFdNPrJnI,UNKNOWN,0 days 00:31:25,2025-11,1,False,"-34.5464077°, -58.5159358°",-34.5464077,-58.5159358
2025-11-18 13:44:22-03:00,2025-11-18 14:45:00-03:00,ChIJPbtP4lfKvJURDPKYCQYlUnw,WORK,0 days 01:00:38,2025-11,1,False,"-34.5436434°, -58.5172221°",-34.5436434,-58.5172221
2025-11-18 17:42:45-03:00,2025-11-19 09:39:34-03:00,ChIJn_zkHA_NvJUR7yILmZdoPHc,UNKNOWN,0 days 15:56:49,2025-11,1,False,"-34.7174026°, -58.4096116°",-34.7174026,-58.4096116
2025-11-19 10:15:23-03:00,2025-11-19 16:26:30-03:00,ChIJ31FQXtLKvJURRh-ANe18zWc,Trabajo ICBC,0 days 06:11:07,2025-11,2,False,"-34.6066665°, -58.374614°",-34.6066665,-58.374614
2025-11-19 17:12:58-03:00,2025-11-19 18:28:48-03:00,ChIJlfWK1SHNvJUR7VNMeEqYF3Y,Bares Lanusita,0 days 01:15:50,2025-11,2,False,"-34.7034004°, -58.3944056°",-34.7034004,-58.3944056
2025-11-19 18:50:54-03:00,2025-11-19 22:17:58-03:00,ChIJR2bHGKzSvJURQQxi9BnYwlQ,UNKNOWN,0 days 03:27:04,2025-11,2,False,"-34.7416884°, -58.3769931°",-34.7416884,-58.3769931
2025-11-19 22:37:36-03:00,2025-11-20 08:19:11-03:00,ChIJn_zkHA_NvJUR7yILmZdoPHc,UNKNOWN,0 days 09:41:35,2025-11,2,False,"-34.7174026°, -58.4096116°",-34.7174026,-58.4096116
2025-11-20 09:23:08-03:00,2025-11-20 11:05:38-03:00,ChIJPbtP4lfKvJURDPKYCQYlUnw,WORK,0 days 01:42:30,2025-11,3,False,"-34.5436434°, -58.5172221°",-34.5436434,-58.5172221
2025-11-20 11:45:54-03:00,2025-11-20 13:27:11-03:00,ChIJIxYSMMbKvJURqZGJyCpvOFM,Trabajo Teatro Colon,0 days 01:41:17,2025-11,3,False,"-34.601152°, -58.3833278°",-34.601152,-58.3833278
2025-11-20 13:37:51-03:00,2025-11-20 14:53:07-03:00,ChIJuZ28VzU1o5UR3yrH7JyU3FM,Trabajo Macro,0 days 01:15:16,2025-11,3,False,"-34.5940986°, -58.3717793°",-34.5940986,-58.3717793
2025-11-20 14:53:07-03:00,2025-11-20 15:09:20-03:00,ChIJozcskDQ1o5UR5Oc85yFQ8lE,Trabajo BBVA,0 days 00:16:13,2025-11,3,False,"-34.5975104°, -58.3700036°",-34.5975104,-58.3700036
2025-11-20 15:17:53-03:00,2025-11-20 17:01:00-03:00,ChIJq-PnW0jLvJURWiPWOPGyN5I,Trabajo ICBC,0 days 01:43:07,2025-11,3,False,"-34.6076198°, -58.3742574°",-34.6076198,-58.3742574
2025-11-20 17:07:32-03:00,2025-11-20 17:15:03-03:00,ChIJIxYSMMbKvJURqZGJyCpvOFM,Trabajo Teatro Colon,0 days 00:07:31,2025-11,3,False,"-34.601152°, -58.3833278°",-34.601152,-58.3833278
2025-11-20 18:12:39-03:00,2025-11-21 10:02:10-03:00,ChIJn_zkHA_NvJUR7yILmZdoPHc,UNKNOWN,0 days 15:49:31,2025-11,3,False,"-34.7174026°, -58.4096116°",-34.7174026,-58.4096116
2025-11-21 10:33:14-03:00,2025-11-21 11:06:22-03:00,ChIJgWdTK0rLvJUR8U_7Xq3V7Bk,Trabajo Galicia,0 days 00:33:08,2025-11,4,False,"-34.605719°, -58.3722054°",-34.605719,-58.3722054
2025-11-21 11:06:22-03:00,2025-11-21 11:57:49-03:00,ChIJHRZm7tLKvJURYY4870wNDXs,Trabajo ICBC,0 days 00:51:27,2025-11,4,False,"-34.6068759°, -58.3741235°",-34.6068759,-58.3741235
2025-11-21 12:31:54-03:00,2025-11-21 12:53:32-03:00,ChIJL9eE_hYuo5URsUKi5Fqt02k,UNKNOWN,0 days 00:21:38,2025-11,4,False,"-34.7144599°, -58.2608794°",-34.7144599,-58.2608794
2025-11-21 13:29:46-03:00,2025-11-21 14:31:38-03:00,ChIJt6mvqZrMvJURwEflIsBKbSQ,Casa madre,0 days 01:01:52,2025-11,4,False,"-34.673936°, -58.4054231°",-34.673936,-58.4054231
2025-11-21 15:00:27-03:00,2025-11-21 18:03:18-03:00,ChIJ2bAyknTLvJUR9Nka9iNQ47c,UNKNOWN,0 days 03:02:51,2025-11,4,False,"-34.6236558°, -58.4529889°",-34.6236558,-58.4529889
2025-11-21 18:18:34-03:00,2025-11-21 18:46:17-03:00,ChIJ1yZ5iPrLvJURUkox4tMT8CI,UNKNOWN,0 days 00:27:43,2025-11,4,False,"-34.625979°, -58.455324°",-34.625979,-58.455324
2025-11-21 19:13:49-03:00,2025-11-21 19:38:29-03:00,ChIJzUanpRvLvJURndYWBhX5il8,UNKNOWN,0 days 00:24:40,2025-11,4,False,"-34.5991964°, -58.451643°",-34.5991964,-58.451643
2025-11-21 20:12:12-03:00,2025-11-22 00:38:10-03:00,ChIJt6mvqZrMvJURwEflIsBKbSQ,Casa madre,0 days 04:25:58,2025-11,4,False,"-34.673936°, -58.4054231°",-34.673936,-58.4054231
2025-11-22 00:54:11-03:00,2025-11-22 12:20:55-03:00,ChIJn_zkHA_NvJUR7yILmZdoPHc,UNKNOWN,0 days 11:26:44,2025-11,5,True,"-34.7174026°, -58.4096116°",-34.7174026,-58.4096116
2025-11-22 12:37:51-03:00,2025-11-22 14:41:08-03:00,ChIJR2bHGKzSvJURQQxi9BnYwlQ,UNKNOWN,0 days 02:03:17,2025-11,5,True,"-34.7416884°, -58.3769931°",-34.7416884,-58.3769931
2025-11-22 14:56:32-03:00,2025-11-22 17:17:23-03:00,ChIJa9k_n1rMvJURmFjEVhsJ6zE,Casa abuelos,0 days 02:20:51,2025-11,5,True,"-34.7000175°, -58.4272267°",-34.7000175,-58.4272267
2025-11-22 17:19:24-03:00,2025-11-22 17:27:19-03:00,ChIJBZiI81DMvJUR7g6IHqjwaI4,Casa abuelos,0 days 00:07:55,2025-11,5,True,"-34.7012064°, -58.4255272°",-34.7012064,-58.4255272
2025-11-22 17:29:20-03:00,2025-11-22 18:27:53-03:00,ChIJa9k_n1rMvJURmFjEVhsJ6zE,Casa abuelos,0 days 00:58:33,2025-11,5,True,"-34.7000175°, -58.4272267°",-34.7000175,-58.4272267
2025-11-22 18:38:45-03:00,2025-11-22 20:11:55-03:00,ChIJCbWWvRjNvJUREHqhy2YdI-Q,Barberia,0 days 01:33:10,2025-11,5,True,"-34.7072332°, -58.3956118°",-34.7072332,-58.3956118
2025-11-22 20:17:49-03:00,2025-11-22 22:00:34-03:00,ChIJ5_qqHA_NvJURsYhmhKQxDh0,INFERRED_HOME,0 days 01:42:45,2025-11,5,True,"-34.7172171°, -58.4094893°",-34.7172171,-58.4094893
2025-11-22 22:25:42-03:00,2025-11-23 00:35:24-03:00,ChIJiQDEBCPNvJUR1iaRPp6sr38,UNKNOWN,0 days 02:09:42,2025-11,5,True,"-34.7075567°, -58.3908743°",-34.7075567,-58.3908743
2025-11-23 00:57:05-03:00,2025-11-23 17:44:29-03:00,ChIJ5_qqHA_NvJURsYhmhKQxDh0,INFERRED_HOME,0 days 16:47:24,2025-11,6,True,"-34.7172171°, -58.4094893°",-34.7172171,-58.4094893
2025-11-23 18:20:46-03:00,2025-11-23 18:59:37-03:00,ChIJT-ybv9LKvJURHb0Ku5piHEA,Trabajo Galicia,0 days 00:38:51,2025-11,6,True,"-34.6058223°, -58.3726811°",-34.6058223,-58.3726811
2025-11-23 19:34:23-03:00,2025-11-23 19:43:46-03:00,ChIJn7mMOgXNvJUR0Ik3dMEMRNg,UNKNOWN,0 days 00:09:23,2025-11,6,True,"-34.7125344°, -58.4066792°",-34.7125344,-58.4066792
2025-11-23 19:47:20-03:00,2025-11-24 15:20:03-03:00,ChIJ5_qqHA_NvJURsYhmhKQxDh0,INFERRED_HOME,0 days 19:32:43,2025-11,6,True,"-34.7172171°, -58.4094893°",-34.7172171,-58.4094893
2025-11-24 16:00:14-03:00,2025-11-24 16:23:55-03:00,ChIJ87vGgMvQvJURbTfeM4Al-Vw,UNKNOWN,0 days 00:23:41,2025-11,0,False,"-34.8550294°, -58.525794°",-34.8550294,-58.525794
2025-11-24 17:10:05-03:00,2025-11-24 19:58:58-03:00,ChIJa9k_n1rMvJURmFjEVhsJ6zE,Casa abuelos,0 days 02:48:53,2025-11,0,False,"-34.7000175°, -58.4272267°",-34.7000175,-58.4272267
2025-11-24 20:11:34-03:00,2025-11-24 21:20:32-03:00,ChIJg7G3Dj3NvJURMYyvuIyQZes,Barberia nuevo,0 days 01:08:58,2025-11,0,False,"-34.7122563°, -58.3927861°",-34.7122563,-58.3927861
2025-11-24 21:29:34-03:00,2025-11-24 22:09:04-03:00,ChIJkddB35vSvJUR70jaRlJrZ_k,UNKNOWN,0 days 00:39:30,2025-11,0,False,"-34.7487515°, -58.4002953°",-34.7487515,-58.4002953
2025-11-24 22:23:00-03:00,2025-11-25 10:30:05-03:00,ChIJ5_qqHA_NvJURsYhmhKQxDh0,INFERRED_HOME,0 days 12:07:05,2025-11,0,False,"-34.7172171°, -58.4094893°",-34.7172171,-58.4094893
2025-11-25 11:34:33-03:00,2025-11-25 11:46:15-03:00,ChIJLbSG9di1vJURhn9Jq8tqUuM,UNKNOWN,0 days 00:11:42,2025-11,1,False,"-34.5830686°, -58.4000522°",-34.5830686,-58.4000522
2025-11-25 12:00:45-03:00,2025-11-25 15:05:17-03:00,ChIJIxYSMMbKvJURqZGJyCpvOFM,Trabajo Teatro Colon,0 days 03:04:32,2025-11,1,False,"-34.601152°, -58.3833278°",-34.601152,-58.3833278
2025-11-25 15:59:08-03:00,2025-11-25 16:36:52-03:00,ChIJPbtP4lfKvJURDPKYCQYlUnw,WORK,0 days 00:37:44,2025-11,1,False,"-34.5436434°, -58.5172221°",-34.5436434,-58.5172221
2025-11-25 17:44:23-03:00,2025-11-25 19:21:05-03:00,ChIJ5zQgH6oyo5UR1ZFL3oUlYgc,Casa pablo,0 days 01:36:42,2025-11,1,False,"-34.7314837°, -58.3661421°",-34.7314837,-58.3661421
2025-11-25 19:35:49-03:00,2025-11-26 10:58:42-03:00,ChIJ5_qqHA_NvJURsYhmhKQxDh0,INFERRED_HOME,0 days 15:22:53,2025-11,1,False,"-34.7172171°, -58.4094893°",-34.7172171,-58.4094893
2025-11-26 11:29:12-03:00,2025-11-26 14:21:44-03:00,ChIJw3WzxWo1o5URJcgq_cDiz1w,Trabajo Santander,0 days 02:52:32,2025-11,2,False,"-34.6238922°, -58.3673348°",-34.6238922,-58.3673348
2025-11-26 11:29:12-03:00,2025-11-26 14:21:44-03:00,ChIJS8u27s00o5UR9dtpsV0MFkM,Trabajo Santander,0 days 02:52:32,2025-11,2,False,"-34.6238941°, -58.367137°",-34.6238941,-58.367137
2025-11-26 14:38:46-03:00,2025-11-26 16:35:34-03:00,ChIJIxYSMMbKvJURqZGJyCpvOFM,Trabajo Teatro Colon,0 days 01:56:48,2025-11,2,False,"-34.601152°, -58.3833278°",-34.601152,-58.3833278
2025-11-26 17:02:37-03:00,2025-11-26 18:24:10-03:00,ChIJw3WzxWo1o5URJcgq_cDiz1w,Trabajo Santander,0 days 01:21:33,2025-11,2,False,"-34.6238922°, -58.3673348°",-34.6238922,-58.3673348
2025-11-26 17:02:37-03:00,2025-11-26 18:24:10-03:00,ChIJS8u27s00o5UR9dtpsV0MFkM,Trabajo Santander,0 days 01:21:33,2025-11,2,False,"-34.6238941°, -58.367137°",-34.6238941,-58.367137
2025-11-26 18:57:13-03:00,2025-11-27 09:46:19-03:00,ChIJiaxCaw7NvJURWGaM-OWByxk,UNKNOWN,0 days 14:49:06,2025-11,2,False,"-34.7184741°, -58.4074368°",-34.7184741,-58.4074368
2025-11-27 10:36:32-03:00,2025-11-27 11:48:04-03:00,ChIJIxYSMMbKvJURqZGJyCpvOFM,Trabajo Teatro Colon,0 days 01:11:32,2025-11,3,False,"-34.601152°, -58.3833278°",-34.601152,-58.3833278
2025-11-27 12:14:20-03:00,2025-11-27 13:04:13-03:00,ChIJ6etiOO-1vJURPsYRljWH3iY,UNKNOWN,0 days 00:49:53,2025-11,3,False,"-34.5830595°, -58.4500245°",-34.5830595,-58.4500245
2025-11-27 13:46:57-03:00,2025-11-27 14:55:27-03:00,ChIJIxYSMMbKvJURqZGJyCpvOFM,Trabajo Teatro Colon,0 days 01:08:30,2025-11,3,False,"-34.601152°, -58.3833278°",-34.601152,-58.3833278
2025-11-27 15:07:37-03:00,2025-11-27 16:44:33-03:00,ChIJuZ28VzU1o5UR3yrH7JyU3FM,Trabajo Macro,0 days 01:36:56,2025-11,3,False,"-34.5940986°, -58.3717793°",-34.5940986,-58.3717793
2025-11-27 16:59:54-03:00,2025-11-27 17:35:43-03:00,ChIJIxYSMMbKvJURqZGJyCpvOFM,Trabajo Teatro Colon,0 days 00:35:49,2025-11,3,False,"-34.601152°, -58.3833278°",-34.601152,-58.3833278
2025-11-27 18:24:57-03:00,2025-11-27 19:03:27-03:00,ChIJiaxCaw7NvJURWGaM-OWByxk,UNKNOWN,0 days 00:38:30,2025-11,3,False,"-34.7184741°, -58.4074368°",-34.7184741,-58.4074368
2025-11-27 19:21:00-03:00,2025-11-27 19:45:04-03:00,ChIJt6mvqZrMvJURwEflIsBKbSQ,Casa madre,0 days 00:24:04,2025-11,3,False,"-34.673936°, -58.4054231°",-34.673936,-58.4054231
2025-11-27 20:01:10-03:00,2025-11-27 22:17:42-03:00,ChIJXcKOJDQzo5URu8Fm7pohjEM,Alto Avellaneda,0 days 02:16:32,2025-11,3,False,"-34.6754885°, -58.3671896°",-34.6754885,-58.3671896
2025-11-27 20:01:10-03:00,2025-11-27 20:10:39-03:00,ChIJr_ghSDQzo5UReewoaZ_HDkA,Alto Avellaneda,0 days 00:09:29,2025-11,3,False,"-34.6768252°, -58.3679014°",-34.6768252,-58.3679014
2025-11-27 20:12:41-03:00,2025-11-27 20:47:37-03:00,ChIJA1fCrkAzo5UR_zhvI0y4GKs,Alto Avellaneda,0 days 00:34:56,2025-11,3,False,"-34.6758223°, -58.3678417°",-34.6758223,-58.3678417
2025-11-27 20:50:47-03:00,2025-11-27 21:59:10-03:00,ChIJCxyzBD0zo5URFIGjYfRXz8A,Alto Avellaneda,0 days 01:08:23,2025-11,3,False,"-34.6771759°, -58.3692651°",-34.6771759,-58.3692651
2025-11-27 22:33:55-03:00,2025-11-28 00:52:33-03:00,ChIJt6mvqZrMvJURwEflIsBKbSQ,Casa madre,0 days 02:18:38,2025-11,3,False,"-34.673936°, -58.4054231°",-34.673936,-58.4054231
2025-11-28 01:09:14-03:00,2025-11-28 11:01:55-03:00,ChIJiaxCaw7NvJURWGaM-OWByxk,UNKNOWN,0 days 09:52:41,2025-11,4,False,"-34.7184741°, -58.4074368°",-34.7184741,-58.4074368
2025-11-28 11:33:23-03:00,2025-11-28 13:16:34-03:00,ChIJw3WzxWo1o5URJcgq_cDiz1w,Trabajo Santander,0 days 01:43:11,2025-11,4,False,"-34.6238922°, -58.3673348°",-34.6238922,-58.3673348
2025-11-28 11:33:23-03:00,2025-11-28 13:16:34-03:00,ChIJS8u27s00o5UR9dtpsV0MFkM,Trabajo Santander,0 days 01:43:11,2025-11,4,False,"-34.6238941°, -58.367137°",-34.6238941,-58.367137
2025-11-28 13:37:49-03:00,2025-11-28 14:06:11-03:00,ChIJH5qger_KvJURGG0fnQ_e1pM,UNKNOWN,0 days 00:28:22,2025-11,4,False,"-34.5997458°, -58.390965°",-34.5997458,-58.390965
2025-11-28 14:17:45-03:00,2025-11-28 15:03:58-03:00,ChIJIxYSMMbKvJURqZGJyCpvOFM,Trabajo Teatro Colon,0 days 00:46:13,2025-11,4,False,"-34.601152°, -58.3833278°",-34.601152,-58.3833278
2025-11-28 15:09:08-03:00,2025-11-28 15:18:39-03:00,ChIJeZBdPczKvJUR0HBJJSy2NiI,UNKNOWN,0 days 00:09:31,2025-11,4,False,"-34.6022372°, -58.3764792°",-34.6022372,-58.3764792
2025-11-28 15:27:09-03:00,2025-11-28 18:16:40-03:00,ChIJmftPo9LKvJURaO1stSDPY1o,Trabajo Galicia,0 days 02:49:31,2025-11,4,False,"-34.6055855°, -58.372745°",-34.6055855,-58.372745
2025-11-28 18:38:54-03:00,2025-11-28 19:06:37-03:00,ChIJIxYSMMbKvJURqZGJyCpvOFM,Trabajo Teatro Colon,0 days 00:27:43,2025-11,4,False,"-34.601152°, -58.3833278°",-34.601152,-58.3833278
2025-11-28 19:45:35-03:00,2025-11-29 13:36:06-03:00,ChIJiaxCaw7NvJURWGaM-OWByxk,UNKNOWN,0 days 17:50:31,2025-11,4,False,"-34.7184741°, -58.4074368°",-34.7184741,-58.4074368
2025-11-29 13:42:40-03:00,2025-11-29 14:13:01-03:00,ChIJCbWWvRjNvJUREHqhy2YdI-Q,Barberia,0 days 00:30:21,2025-11,5,True,"-34.7072332°, -58.3956118°",-34.7072332,-58.3956118
2025-11-29 14:44:39-03:00,2025-11-29 17:49:13-03:00,ChIJa9k_n1rMvJURmFjEVhsJ6zE,Casa abuelos,0 days 03:04:34,2025-11,5,True,"-34.7000175°, -58.4272267°",-34.7000175,-58.4272267
2025-11-29 18:05:14-03:00,2025-11-29 21:25:11-03:00,ChIJt6mvqZrMvJURwEflIsBKbSQ,Casa madre,0 days 03:19:57,2025-11,5,True,"-34.673936°, -58.4054231°",-34.673936,-58.4054231
2025-11-29 21:39:56-03:00,2025-11-29 22:07:05-03:00,ChIJCbWWvRjNvJUREHqhy2YdI-Q,Barberia,0 days 00:27:09,2025-11,5,True,"-34.7072332°, -58.3956118°",-34.7072332,-58.3956118
2025-11-29 22:13:50-03:00,2025-11-30 13:08:27-03:00,ChIJiaxCaw7NvJURWGaM-OWByxk,UNKNOWN,0 days 14:54:37,2025-11,5,True,"-34.7184741°, -58.4074368°",-34.7184741,-58.4074368
2025-11-30 13:15:06-03:00,2025-11-30 13:21:33-03:00,ChIJ_0dbh5_NvJURftrUM5wsqpg,UNKNOWN,0 days 00:06:27,2025-11,6,True,"-34.7280182°, -58.4197566°",-34.7280182,-58.4197566
2025-11-30 14:00:04-03:00,2025-11-30 15:03:44-03:00,ChIJ-X8Ep9q7vJURpWCq001dUSE,UNKNOWN,0 days 01:03:40,2025-11,6,True,"-34.5009498°, -58.5581789°",-34.5009498,-58.5581789
2025-11-30 15:45:08-03:00,2025-12-01 09:02:56-03:00,ChIJ5_qqHA_NvJURsYhmhKQxDh0,INFERRED_HOME,0 days 17:17:48,2025-11,6,True,"-34.7172171°, -58.4094893°",-34.7172171,-58.4094893
2025-12-01 09:48:34-03:00,2025-12-01 11:29:51-03:00,ChIJPbtP4lfKvJURDPKYCQYlUnw,WORK,0 days 01:41:17,2025-12,0,False,"-34.5436434°, -58.5172221°",-34.5436434,-58.5172221
2025-12-01 12:37:48-03:00,2025-12-01 13:55:40-03:00,ChIJIxYSMMbKvJURqZGJyCpvOFM,Trabajo Teatro Colon,0 days 01:17:52,2025-12,0,False,"-34.601152°, -58.3833278°",-34.601152,-58.3833278
2025-12-01 14:14:14-03:00,2025-12-01 16:09:47-03:00,ChIJWwNBpdLKvJUR0nZKx5c7nq4,Trabajo Galicia,0 days 01:55:33,2025-12,0,False,"-34.6054579°, -58.3724473°",-34.6054579,-58.3724473
2025-12-01 14:16:34-03:00,2025-12-01 16:09:47-03:00,ChIJPaop8M3KvJURbpDWE-rnX6c,Trabajo Galicia,0 days 01:53:13,2025-12,0,False,"-34.6058223°, -58.3726811°",-34.6058223,-58.3726811
2025-12-01 16:29:05-03:00,2025-12-01 17:58:12-03:00,ChIJIxYSMMbKvJURqZGJyCpvOFM,Trabajo Teatro Colon,0 days 01:29:07,2025-12,0,False,"-34.601152°, -58.3833278°",-34.601152,-58.3833278
2025-12-01 18:57:53-03:00,2025-12-01 19:23:00-03:00,ChIJiaxCaw7NvJURWGaM-OWByxk,UNKNOWN,0 days 00:25:07,2025-12,0,False,"-34.7184741°, -58.4074368°",-34.7184741,-58.4074368
2025-12-01 19:35:17-03:00,2025-12-01 21:30:21-03:00,ChIJOTzvv8TMvJURKA_JCMHSIdM,UNKNOWN,0 days 01:55:04,2025-12,0,False,"-34.6876213°, -58.3873769°",-34.6876213,-58.3873769
2025-12-01 21:39:18-03:00,2025-12-02 10:30:10-03:00,ChIJ5_qqHA_NvJURsYhmhKQxDh0,INFERRED_HOME,0 days 12:50:52,2025-12,0,False,"-34.7172171°, -58.4094893°",-34.7172171,-58.4094893
2025-12-02 11:43:55-03:00,2025-12-02 12:32:07-03:00,ChIJozcskDQ1o5UR5Oc85yFQ8lE,Trabajo BBVA,0 days 00:48:12,2025-12,1,False,"-34.5975104°, -58.3700036°",-34.5975104,-58.3700036
2025-12-02 12:52:04-03:00,2025-12-02 17:19:07-03:00,ChIJIxYSMMbKvJURqZGJyCpvOFM,Trabajo Teatro Colon,0 days 04:27:03,2025-12,1,False,"-34.601152°, -58.3833278°",-34.601152,-58.3833278
2025-12-02 17:32:56-03:00,2025-12-02 17:38:07-03:00,ChIJ2WVuqLPKvJURSMIERHR62l0,UNKNOWN,0 days 00:05:11,2025-12,1,False,"-34.5893615°, -58.3731595°",-34.5893615,-58.3731595
2025-12-02 20:07:14-03:00,2025-12-03 09:00:29-03:00,ChIJiaxCaw7NvJURWGaM-OWByxk,UNKNOWN,0 days 12:53:15,2025-12,1,False,"-34.7184741°, -58.4074368°",-34.7184741,-58.4074368
2025-12-03 09:19:03-03:00,2025-12-03 11:38:23-03:00,ChIJg7G3Dj3NvJURMYyvuIyQZes,Barberia nuevo,0 days 02:19:20,2025-12,2,False,"-34.7122563°, -58.3927861°",-34.7122563,-58.3927861
2025-12-03 12:03:35-03:00,2025-12-03 12:14:09-03:00,ChIJO5OvTjDLvJURn--oIpRP89Q,UNKNOWN,0 days 00:10:34,2025-12,2,False,"-34.6283037°, -58.3805292°",-34.6283037,-58.3805292
2025-12-03 12:19:21-03:00,2025-12-03 12:54:26-03:00,ChIJIxYSMMbKvJURqZGJyCpvOFM,Trabajo Teatro Colon,0 days 00:35:05,2025-12,2,False,"-34.601152°, -58.3833278°",-34.601152,-58.3833278
2025-12-03 13:46:33-03:00,2025-12-03 16:32:21-03:00,ChIJuZ28VzU1o5UR3yrH7JyU3FM,Trabajo Macro,0 days 02:45:48,2025-12,2,False,"-34.5940986°, -58.3717793°",-34.5940986,-58.3717793
2025-12-03 18:00:33-03:00,2025-12-03 19:11:52-03:00,ChIJ5_qqHA_NvJURsYhmhKQxDh0,INFERRED_HOME,0 days 01:11:19,2025-12,2,False,"-34.7172171°, -58.4094893°",-34.7172171,-58.4094893
2025-12-03 19:33:32-03:00,2025-12-03 21:34:17-03:00,ChIJOTzvv8TMvJURKA_JCMHSIdM,UNKNOWN,0 days 02:00:45,2025-12,2,False,"-34.6876213°, -58.3873769°",-34.6876213,-58.3873769
2025-12-03 21:52:06-03:00,2025-12-04 10:26:20-03:00,ChIJ5_qqHA_NvJURsYhmhKQxDh0,INFERRED_HOME,0 days 12:34:14,2025-12,2,False,"-34.7172171°, -58.4094893°",-34.7172171,-58.4094893
2025-12-04 11:26:32-03:00,2025-12-04 11:40:39-03:00,ChIJ4681FSbNvJURXC7zaFJGPVY,UNKNOWN,0 days 00:14:07,2025-12,3,False,"-34.6094889°, -58.3784989°",-34.6094889,-58.3784989
2025-12-04 11:45:24-03:00,2025-12-04 11:58:50-03:00,ChIJNUMoxwDLvJURMe5fBTZy8Vw,Trabajo ICBC,0 days 00:13:26,2025-12,3,False,"-34.6071901°, -58.3753508°",-34.6071901,-58.3753508
2025-12-04 12:06:57-03:00,2025-12-04 15:26:23-03:00,ChIJIxYSMMbKvJURqZGJyCpvOFM,Trabajo Teatro Colon,0 days 03:19:26,2025-12,3,False,"-34.601152°, -58.3833278°",-34.601152,-58.3833278
2025-12-04 15:47:58-03:00,2025-12-04 16:51:54-03:00,ChIJuZ28VzU1o5UR3yrH7JyU3FM,Trabajo Macro,0 days 01:03:56,2025-12,3,False,"-34.5940986°, -58.3717793°",-34.5940986,-58.3717793
2025-12-04 17:06:51-03:00,2025-12-04 17:31:18-03:00,ChIJ_Zyvj8vLvJURz0UeXv4y_qI,UNKNOWN,0 days 00:24:27,2025-12,3,False,"-34.6015612°, -58.3751887°",-34.6015612,-58.3751887
2025-12-04 17:06:51-03:00,2025-12-04 17:17:10-03:00,ChIJH5Gl6bTLvJURGtgO7jqgbcM,UNKNOWN,0 days 00:10:19,2025-12,3,False,"-34.6015612°, -58.3751887°",-34.6015612,-58.3751887
2025-12-04 17:50:39-03:00,2025-12-04 20:07:13-03:00,ChIJKVQlQ8HKvJURiWyjkObIBJk,UNKNOWN,0 days 02:16:34,2025-12,3,False,"-34.6044559°, -58.3902082°",-34.6044559,-58.3902082
2025-12-04 18:00:28-03:00,2025-12-04 20:05:11-03:00,ChIJFzTKOKnLvJUR2cv3o5kZ2mU,UNKNOWN,0 days 02:04:43,2025-12,3,False,"-34.6051585°, -58.3897675°",-34.6051585,-58.3897675
2025-12-04 20:07:13-03:00,2025-12-04 20:38:05-03:00,ChIJfQcIb8HKvJURfI1tB83Bo2w,UNKNOWN,0 days 00:30:52,2025-12,3,False,"-34.6041153°, -58.3906375°",-34.6041153,-58.3906375
2025-12-04 21:53:17-03:00,2025-12-05 13:54:56-03:00,ChIJ5_qqHA_NvJURsYhmhKQxDh0,INFERRED_HOME,0 days 16:01:39,2025-12,3,False,"-34.7172171°, -58.4094893°",-34.7172171,-58.4094893
2025-12-05 13:59:02-03:00,2025-12-05 14:05:22-03:00,ChIJMzGlxw_NvJUR0UobwG_mK24,UNKNOWN,0 days 00:06:20,2025-12,4,False,"-34.7162°, -58.40728°",-34.7162,-58.40728
2025-12-05 15:04:02-03:00,2025-12-05 17:25:17-03:00,ChIJIxYSMMbKvJURqZGJyCpvOFM,Trabajo Teatro Colon,0 days 02:21:15,2025-12,4,False,"-34.601152°, -58.3833278°",-34.601152,-58.3833278
2025-12-05 18:27:50-03:00,2025-12-05 19:27:35-03:00,ChIJ5_qqHA_NvJURsYhmhKQxDh0,INFERRED_HOME,0 days 00:59:45,2025-12,4,False,"-34.7172171°, -58.4094893°",-34.7172171,-58.4094893
2025-12-05 19:40:31-03:00,2025-12-05 21:34:11-03:00,ChIJOTzvv8TMvJURKA_JCMHSIdM,UNKNOWN,0 days 01:53:40,2025-12,4,False,"-34.6876213°, -58.3873769°",-34.6876213,-58.3873769
2025-12-05 21:50:28-03:00,2025-12-06 07:16:59-03:00,ChIJ5_qqHA_NvJURsYhmhKQxDh0,INFERRED_HOME,0 days 09:26:31,2025-12,4,False,"-34.7172171°, -58.4094893°",-34.7172171,-58.4094893
2025-12-06 07:42:11-03:00,2025-12-06 07:44:54-03:00,ChIJZ8_Kc8_KvJURzxyn8h8OODk,UNKNOWN,0 days 00:02:43,2025-12,5,True,"-34.6124879°, -58.3815854°",-34.6124879,-58.3815854
2025-12-06 07:44:54-03:00,2025-12-06 08:16:50-03:00,ChIJlzjO6O_LvJURIeUqHsOQKto,UNKNOWN,0 days 00:31:56,2025-12,5,True,"-34.6090532°, -58.3811318°",-34.6090532,-58.3811318
2025-12-06 08:16:50-03:00,2025-12-06 09:38:32-03:00,ChIJIxYSMMbKvJURqZGJyCpvOFM,Trabajo Teatro Colon,0 days 01:21:42,2025-12,5,True,"-34.601152°, -58.3833278°",-34.601152,-58.3833278
2025-12-06 10:14:44-03:00,2025-12-06 12:58:43-03:00,ChIJa9k_n1rMvJURmFjEVhsJ6zE,Casa abuelos,0 days 02:43:59,2025-12,5,True,"-34.7000175°, -58.4272267°",-34.7000175,-58.4272267
2025-12-06 13:04:40-03:00,2025-12-06 13:15:23-03:00,ChIJWx_A2I3NvJURBprZdbuAqk0,Casa abuelos,0 days 00:10:43,2025-12,5,True,"-34.6983111°, -58.4295644°",-34.6983111,-58.4295644
2025-12-06 13:28:30-03:00,2025-12-06 17:50:16-03:00,ChIJ07U9l1rMvJUR45T1QwpzrYI,Casa abuelos,0 days 04:21:46,2025-12,5,True,"-34.6994748°, -58.4270458°",-34.6994748,-58.4270458
2025-12-06 18:01:21-03:00,2025-12-06 18:43:09-03:00,ChIJD8SQF5DNvJURNtxm8W6eG0I,Barberia,0 days 00:41:48,2025-12,5,True,"-34.7072503°, -58.3956021°",-34.7072503,-58.3956021
2025-12-06 18:53:41-03:00,2025-12-07 08:11:16-03:00,ChIJiaxCaw7NvJURWGaM-OWByxk,INFERRED_WORK,0 days 13:17:35,2025-12,5,True,"-34.7184741°, -58.4074368°",-34.7184741,-58.4074368
2025-12-07 08:24:46-03:00,2025-12-07 08:30:43-03:00,ChIJR2bHGKzSvJURQQxi9BnYwlQ,UNKNOWN,0 days 00:05:57,2025-12,6,True,"-34.7416884°, -58.3769931°",-34.7416884,-58.3769931
2025-12-07 09:28:08-03:00,2025-12-07 10:26:56-03:00,ChIJD-F6meopvZURVMF47frnZaQ,UNKNOWN,0 days 00:58:48,2025-12,6,True,"-34.9476061°, -58.4646873°",-34.9476061,-58.4646873
2025-12-07 11:09:05-03:00,2025-12-07 13:09:56-03:00,ChIJsZoQXdW3opURYcfcZPVqfj4,UNKNOWN,0 days 02:00:51,2025-12,6,True,"-35.173786°, -58.24028°",-35.173786,-58.24028
2025-12-07 13:13:57-03:00,2025-12-07 14:03:19-03:00,ChIJFQJKYwDJopURIlzAnXFixNA,UNKNOWN,0 days 00:49:22,2025-12,6,True,"-35.1685482°, -58.2365201°",-35.1685482,-58.2365201
2025-12-07 15:10:22-03:00,2025-12-07 15:46:49-03:00,ChIJS5TXv6PTvJUR1qDD9TqN05Y,UNKNOWN,0 days 00:36:27,2025-12,6,True,"-34.8138793°, -58.3975777°",-34.8138793,-58.3975777
2025-12-07 16:10:50-03:00,2025-12-07 17:23:10-03:00,ChIJR2bHGKzSvJURQQxi9BnYwlQ,UNKNOWN,0 days 01:12:20,2025-12,6,True,"-34.7416884°, -58.3769931°",-34.7416884,-58.3769931
2025-12-07 17:35:08-03:00,2025-12-08 16:10:30-03:00,ChIJ5_qqHA_NvJURsYhmhKQxDh0,INFERRED_HOME,0 days 22:35:22,2025-12,6,True,"-34.7172171°, -58.4094893°",-34.7172171,-58.4094893
2025-12-08 16:33:28-03:00,2025-12-08 16:59:01-03:00,ChIJzYQmM9e3vJUROcWm37tV7tk,UNKNOWN,0 days 00:25:33,2025-12,0,False,"-34.611737°, -58.5177658°",-34.611737,-58.5177658
2025-12-08 16:34:52-03:00,2025-12-08 16:59:01-03:00,ChIJpZwmM9e3vJURGgD1LvqDLzg,UNKNOWN,0 days 00:24:09,2025-12,0,False,"-34.6114978°, -58.5166339°",-34.6114978,-58.5166339
2025-12-08 17:04:05-03:00,2025-12-08 19:30:45-03:00,ChIJ_7BkTwC3vJURRbX1RY3VqTc,UNKNOWN,0 days 02:26:40,2025-12,0,False,"-34.6098276°, -58.5150181°",-34.6098276,-58.5150181
2025-12-08 19:59:35-03:00,2025-12-09 11:56:22-03:00,ChIJiaxCaw7NvJURWGaM-OWByxk,INFERRED_WORK,0 days 15:56:47,2025-12,0,False,"-34.7184741°, -58.4074368°",-34.7184741,-58.4074368
2025-12-09 13:03:18-03:00,2025-12-09 14:35:16-03:00,ChIJIxYSMMbKvJURqZGJyCpvOFM,Trabajo Teatro Colon,0 days 01:31:58,2025-12,1,False,"-34.601152°, -58.3833278°",-34.601152,-58.3833278
2025-12-09 14:52:10-03:00,2025-12-09 15:42:59-03:00,ChIJB_VEqHjLvJURlFpzKffxfto,Trabajo Galicia,0 days 00:50:49,2025-12,1,False,"-34.6061488°, -58.3723712°",-34.6061488,-58.3723712
2025-12-09 16:03:46-03:00,2025-12-09 17:14:48-03:00,ChIJIxYSMMbKvJURqZGJyCpvOFM,Trabajo Teatro Colon,0 days 01:11:02,2025-12,1,False,"-34.601152°, -58.3833278°",-34.601152,-58.3833278
2025-12-09 18:18:50-03:00,2025-12-09 18:26:08-03:00,ChIJMzGlxw_NvJUR0UobwG_mK24,UNKNOWN,0 days 00:07:18,2025-12,1,False,"-34.7162°, -58.40728°",-34.7162,-58.40728
2025-12-09 18:30:13-03:00,2025-12-10 09:33:26-03:00,ChIJiaxCaw7NvJURWGaM-OWByxk,INFERRED_WORK,0 days 15:03:13,2025-12,1,False,"-34.7184741°, -58.4074368°",-34.7184741,-58.4074368
2025-12-10 10:39:33-03:00,2025-12-10 12:08:51-03:00,ChIJQ1UdJ6-2vJUR7w6lYooxqM8,UNKNOWN,0 days 01:29:18,2025-12,2,False,"-34.5330236°, -58.4688377°",-34.5330236,-58.4688377
2025-12-10 12:26:37-03:00,2025-12-10 17:12:56-03:00,ChIJIxYSMMbKvJURqZGJyCpvOFM,Trabajo Teatro Colon,0 days 04:46:19,2025-12,2,False,"-34.601152°, -58.3833278°",-34.601152,-58.3833278
2025-12-10 18:13:41-03:00,2025-12-10 18:19:12-03:00,ChIJod24JQ7NvJURhERyxJTxKfQ,UNKNOWN,0 days 00:05:31,2025-12,2,False,"-34.7173693°, -58.4062157°",-34.7173693,-58.4062157
2025-12-10 18:25:20-03:00,2025-12-10 19:15:37-03:00,ChIJ5_qqHA_NvJURsYhmhKQxDh0,INFERRED_HOME,0 days 00:50:17,2025-12,2,False,"-34.7172171°, -58.4094893°",-34.7172171,-58.4094893
2025-12-10 19:48:47-03:00,2025-12-10 21:50:21-03:00,ChIJOTzvv8TMvJURKA_JCMHSIdM,UNKNOWN,0 days 02:01:34,2025-12,2,False,"-34.6876213°, -58.3873769°",-34.6876213,-58.3873769
2025-12-10 21:58:57-03:00,2025-12-10 22:04:05-03:00,ChIJiQDEBCPNvJUR1iaRPp6sr38,UNKNOWN,0 days 00:05:08,2025-12,2,False,"-34.7075567°, -58.3908743°",-34.7075567,-58.3908743
2025-12-10 22:18:35-03:00,2025-12-11 14:11:42-03:00,ChIJ5_qqHA_NvJURsYhmhKQxDh0,INFERRED_HOME,0 days 15:53:07,2025-12,2,False,"-34.7172171°, -58.4094893°",-34.7172171,-58.4094893
2025-12-11 14:51:55-03:00,2025-12-11 16:05:28-03:00,ChIJf0f4uF3LvJURvk1sWrwu24k,UNKNOWN,0 days 01:13:33,2025-12,3,False,"-34.665468°, -58.389706°",-34.665468,-58.389706
2025-12-11 16:12:42-03:00,2025-12-11 16:40:48-03:00,ChIJt6mvqZrMvJURwEflIsBKbSQ,Casa madre,0 days 00:28:06,2025-12,3,False,"-34.673936°, -58.4054231°",-34.673936,-58.4054231
2025-12-11 17:19:49-03:00,2025-12-11 20:48:52-03:00,ChIJ5_qqHA_NvJURsYhmhKQxDh0,INFERRED_HOME,0 days 03:29:03,2025-12,3,False,"-34.7172171°, -58.4094893°",-34.7172171,-58.4094893
2025-12-11 21:08:59-03:00,2025-12-12 00:59:50-03:00,ChIJt6mvqZrMvJURwEflIsBKbSQ,Casa madre,0 days 03:50:51,2025-12,3,False,"-34.673936°, -58.4054231°",-34.673936,-58.4054231
2025-12-12 01:16:33-03:00,2025-12-12 14:55:30-03:00,ChIJiaxCaw7NvJURWGaM-OWByxk,INFERRED_WORK,0 days 13:38:57,2025-12,4,False,"-34.7184741°, -58.4074368°",-34.7184741,-58.4074368
2025-12-12 15:57:07-03:00,2025-12-12 16:26:11-03:00,ChIJIxYSMMbKvJURqZGJyCpvOFM,Trabajo Teatro Colon,0 days 00:29:04,2025-12,4,False,"-34.601152°, -58.3833278°",-34.601152,-58.3833278
2025-12-12 16:35:44-03:00,2025-12-12 16:44:36-03:00,ChIJ2WVuqLPKvJURSMIERHR62l0,UNKNOWN,0 days 00:08:52,2025-12,4,False,"-34.5893615°, -58.3731595°",-34.5893615,-58.3731595
2025-12-12 17:55:13-03:00,2025-12-13 13:34:50-03:00,ChIJiaxCaw7NvJURWGaM-OWByxk,INFERRED_WORK,0 days 19:39:37,2025-12,4,False,"-34.7184741°, -58.4074368°",-34.7184741,-58.4074368
2025-12-13 13:50:47-03:00,2025-12-13 17:54:01-03:00,ChIJa9k_n1rMvJURmFjEVhsJ6zE,Casa abuelos,0 days 04:03:14,2025-12,5,True,"-34.7000175°, -58.4272267°",-34.7000175,-58.4272267
2025-12-13 18:04:13-03:00,2025-12-13 18:45:17-03:00,ChIJD8SQF5DNvJURNtxm8W6eG0I,Barberia,0 days 00:41:04,2025-12,5,True,"-34.7072503°, -58.3956021°",-34.7072503,-58.3956021
2025-12-13 19:01:37-03:00,2025-12-15 09:29:58-03:00,ChIJiaxCaw7NvJURWGaM-OWByxk,INFERRED_WORK,1 days 14:28:21,2025-12,5,True,"-34.7184741°, -58.4074368°",-34.7184741,-58.4074368
2025-12-15 12:11:07-03:00,2025-12-15 14:43:51-03:00,ChIJuZ28VzU1o5UR3yrH7JyU3FM,Trabajo Macro,0 days 02:32:44,2025-12,0,False,"-34.5940986°, -58.3717793°",-34.5940986,-58.3717793
2025-12-15 15:17:28-03:00,2025-12-15 16:27:07-03:00,ChIJiaHxJ8bKvJURXZQ0dg7Bdbg,Trabajo Teatro Colon,0 days 01:09:39,2025-12,0,False,"-34.6010789°, -58.3831346°",-34.6010789,-58.3831346
2025-12-15 17:31:10-03:00,2025-12-16 11:03:15-03:00,ChIJ5_qqHA_NvJURsYhmhKQxDh0,INFERRED_HOME,0 days 17:32:05,2025-12,0,False,"-34.7172171°, -58.4094893°",-34.7172171,-58.4094893
2025-12-16 12:06:57-03:00,2025-12-16 13:44:12-03:00,ChIJuZ28VzU1o5UR3yrH7JyU3FM,Trabajo Macro,0 days 01:37:15,2025-12,1,False,"-34.5940986°, -58.3717793°",-34.5940986,-58.3717793
2025-12-16 13:57:55-03:00,2025-12-16 14:04:37-03:00,ChIJeZBdPczKvJUR0HBJJSy2NiI,UNKNOWN,0 days 00:06:42,2025-12,1,False,"-34.6022372°, -58.3764792°",-34.6022372,-58.3764792
2025-12-16 14:12:17-03:00,2025-12-16 16:42:23-03:00,ChIJiaHxJ8bKvJURXZQ0dg7Bdbg,Trabajo Teatro Colon,0 days 02:30:06,2025-12,1,False,"-34.6010789°, -58.3831346°",-34.6010789,-58.3831346
2025-12-16 17:44:30-03:00,2025-12-16 19:25:26-03:00,ChIJ5_qqHA_NvJURsYhmhKQxDh0,INFERRED_HOME,0 days 01:40:56,2025-12,1,False,"-34.7172171°, -58.4094893°",-34.7172171,-58.4094893
2025-12-16 19:45:30-03:00,2025-12-16 21:46:31-03:00,ChIJOTzvv8TMvJURKA_JCMHSIdM,UNKNOWN,0 days 02:01:01,2025-12,1,False,"-34.6876213°, -58.3873769°",-34.6876213,-58.3873769
2025-12-16 22:06:59-03:00,2025-12-17 09:53:29-03:00,ChIJiaxCaw7NvJURWGaM-OWByxk,INFERRED_WORK,0 days 11:46:30,2025-12,1,False,"-34.7184741°, -58.4074368°",-34.7184741,-58.4074368
2025-12-17 11:17:38-03:00,2025-12-17 11:25:14-03:00,ChIJO5OvTjDLvJURn--oIpRP89Q,UNKNOWN,0 days 00:07:36,2025-12,2,False,"-34.6283037°, -58.3805292°",-34.6283037,-58.3805292
2025-12-17 11:34:37-03:00,2025-12-17 12:36:07-03:00,ChIJw3WzxWo1o5URJcgq_cDiz1w,Trabajo Santander,0 days 01:01:30,2025-12,2,False,"-34.6238922°, -58.3673348°",-34.6238922,-58.3673348
2025-12-17 11:34:37-03:00,2025-12-17 12:36:07-03:00,ChIJS8u27s00o5UR9dtpsV0MFkM,Trabajo Santander,0 days 01:01:30,2025-12,2,False,"-34.6238941°, -58.367137°",-34.6238941,-58.367137
2025-12-17 13:02:12-03:00,2025-12-17 14:28:43-03:00,ChIJiaHxJ8bKvJURXZQ0dg7Bdbg,Trabajo Teatro Colon,0 days 01:26:31,2025-12,2,False,"-34.6010789°, -58.3831346°",-34.6010789,-58.3831346
2025-12-17 14:47:08-03:00,2025-12-17 16:39:30-03:00,ChIJ___Pbs3KvJURJtB--4EB8xc,Trabajo Supervielle,0 days 01:52:22,2025-12,2,False,"-34.6042475°, -58.37352°",-34.6042475,-58.37352
2025-12-17 14:52:18-03:00,2025-12-17 16:39:30-03:00,ChIJSeIQb83KvJUR31HGG_vZTbI,Trabajo Supervielle,0 days 01:47:12,2025-12,2,False,"-34.6043625°, -58.3736067°",-34.6043625,-58.3736067
2025-12-17 18:16:32-03:00,2025-12-17 19:48:48-03:00,ChIJ5_qqHA_NvJURsYhmhKQxDh0,INFERRED_HOME,0 days 01:32:16,2025-12,2,False,"-34.7172171°, -58.4094893°",-34.7172171,-58.4094893
2025-12-17 20:14:40-03:00,2025-12-17 22:03:54-03:00,ChIJOTzvv8TMvJURKA_JCMHSIdM,UNKNOWN,0 days 01:49:14,2025-12,2,False,"-34.6876213°, -58.3873769°",-34.6876213,-58.3873769
2025-12-17 22:24:15-03:00,2025-12-18 11:47:09-03:00,ChIJiaxCaw7NvJURWGaM-OWByxk,INFERRED_WORK,0 days 13:22:54,2025-12,2,False,"-34.7184741°, -58.4074368°",-34.7184741,-58.4074368
2025-12-18 12:08:48-03:00,2025-12-18 12:10:49-03:00,ChIJiQDEBCPNvJUR1iaRPp6sr38,UNKNOWN,0 days 00:02:01,2025-12,3,False,"-34.7075567°, -58.3908743°",-34.7075567,-58.3908743
2025-12-18 12:33:27-03:00,2025-12-18 14:28:10-03:00,ChIJO5OvTjDLvJURn--oIpRP89Q,UNKNOWN,0 days 01:54:43,2025-12,3,False,"-34.6283037°, -58.3805292°",-34.6283037,-58.3805292
2025-12-18 14:56:00-03:00,2025-12-18 16:20:59-03:00,ChIJozcskDQ1o5UR5Oc85yFQ8lE,Trabajo BBVA,0 days 01:24:59,2025-12,3,False,"-34.5975104°, -58.3700036°",-34.5975104,-58.3700036
2025-12-18 16:28:08-03:00,2025-12-18 16:42:26-03:00,ChIJ2WVuqLPKvJURSMIERHR62l0,UNKNOWN,0 days 00:14:18,2025-12,3,False,"-34.5893615°, -58.3731595°",-34.5893615,-58.3731595
2025-12-18 17:57:31-03:00,2025-12-18 18:42:46-03:00,ChIJ5_qqHA_NvJURsYhmhKQxDh0,INFERRED_HOME,0 days 00:45:15,2025-12,3,False,"-34.7172171°, -58.4094893°",-34.7172171,-58.4094893
2025-12-18 19:15:48-03:00,2025-12-18 19:36:57-03:00,ChIJS8rsxUjNvJUR0K4o6PWWmMY,UNKNOWN,0 days 00:21:09,2025-12,3,False,"-34.6754865°, -58.4144009°",-34.6754865,-58.4144009
2025-12-18 20:22:56-03:00,2025-12-18 21:57:18-03:00,ChIJzWoEXvvNvJUR2-tcHveaZnU,UNKNOWN,0 days 01:34:22,2025-12,3,False,"-34.6939248°, -58.4603927°",-34.6939248,-58.4603927
2025-12-19 00:53:54-03:00,2025-12-19 09:06:59-03:00,ChIJiaxCaw7NvJURWGaM-OWByxk,INFERRED_WORK,0 days 08:13:05,2025-12,4,False,"-34.7184741°, -58.4074368°",-34.7184741,-58.4074368
2025-12-19 09:29:48-03:00,2025-12-19 10:04:09-03:00,ChIJ5_qqHA_NvJURsYhmhKQxDh0,INFERRED_HOME,0 days 00:34:21,2025-12,4,False,"-34.7172171°, -58.4094893°",-34.7172171,-58.4094893
2025-12-19 10:09:11-03:00,2025-12-19 10:21:48-03:00,ChIJMzGlxw_NvJUR0UobwG_mK24,UNKNOWN,0 days 00:12:37,2025-12,4,False,"-34.7162°, -58.40728°",-34.7162,-58.40728
2025-12-19 11:29:00-03:00,2025-12-19 12:27:51-03:00,ChIJozcskDQ1o5UR5Oc85yFQ8lE,Trabajo BBVA,0 days 00:58:51,2025-12,4,False,"-34.5975104°, -58.3700036°",-34.5975104,-58.3700036
2025-12-19 12:34:03-03:00,2025-12-19 15:07:47-03:00,ChIJuZ28VzU1o5UR3yrH7JyU3FM,Trabajo Macro,0 days 02:33:44,2025-12,4,False,"-34.5940986°, -58.3717793°",-34.5940986,-58.3717793
2025-12-19 16:23:21-03:00,2025-12-19 21:14:53-03:00,ChIJ5_qqHA_NvJURsYhmhKQxDh0,INFERRED_HOME,0 days 04:51:32,2025-12,4,False,"-34.7172171°, -58.4094893°",-34.7172171,-58.4094893
2025-12-19 21:20:48-03:00,2025-12-19 21:21:59-03:00,ChIJod24JQ7NvJURhERyxJTxKfQ,UNKNOWN,0 days 00:01:11,2025-12,4,False,"-34.7173693°, -58.4062157°",-34.7173693,-58.4062157
2025-12-19 21:29:24-03:00,2025-12-19 22:07:56-03:00,ChIJ5_qqHA_NvJURsYhmhKQxDh0,INFERRED_HOME,0 days 00:38:32,2025-12,4,False,"-34.7172171°, -58.4094893°",-34.7172171,-58.4094893
2025-12-19 22:17:04-03:00,2025-12-20 04:02:05-03:00,ChIJVXkRL73NvJURct66KkMXzWA,UNKNOWN,0 days 05:45:01,2025-12,4,False,"-34.7051084°, -58.4170769°",-34.7051084,-58.4170769
2025-12-20 04:11:18-03:00,2025-12-20 17:21:34-03:00,ChIJ5_qqHA_NvJURsYhmhKQxDh0,INFERRED_HOME,0 days 13:10:16,2025-12,5,True,"-34.7172171°, -58.4094893°",-34.7172171,-58.4094893
2025-12-20 17:53:55-03:00,2025-12-20 19:11:11-03:00,ChIJa9k_n1rMvJURmFjEVhsJ6zE,Casa abuelos,0 days 01:17:16,2025-12,5,True,"-34.7000175°, -58.4272267°",-34.7000175,-58.4272267
2025-12-20 19:23:04-03:00,2025-12-20 20:47:58-03:00,ChIJCbWWvRjNvJUREHqhy2YdI-Q,Barberia,0 days 01:24:54,2025-12,5,True,"-34.7072332°, -58.3956118°",-34.7072332,-58.3956118
2025-12-20 20:58:57-03:00,2025-12-20 22:03:33-03:00,ChIJsZmi8SPNvJURbRamJokCPrA,UNKNOWN,0 days 01:04:36,2025-12,5,True,"-34.7051645°, -58.3894032°",-34.7051645,-58.3894032
2025-12-20 22:19:56-03:00,2025-12-20 22:37:56-03:00,ChIJMfCIH67TvJURKilcIHCyS2g,UNKNOWN,0 days 00:18:00,2025-12,5,True,"-34.7440499°, -58.3883627°",-34.7440499,-58.3883627
2025-12-20 22:37:56-03:00,2025-12-21 00:52:57-03:00,ChIJgYMOGmLTvJURRrpDKx9ggos,UNKNOWN,0 days 02:15:01,2025-12,5,True,"-34.7440644°, -58.3857058°",-34.7440644,-58.3857058
2025-12-21 04:24:32-03:00,2025-12-21 04:26:26-03:00,ChIJsZmi8SPNvJURbRamJokCPrA,UNKNOWN,0 days 00:01:54,2025-12,6,True,"-34.7051645°, -58.3894032°",-34.7051645,-58.3894032
2025-12-21 04:37:41-03:00,2025-12-21 13:07:12-03:00,ChIJiaxCaw7NvJURWGaM-OWByxk,INFERRED_WORK,0 days 08:29:31,2025-12,6,True,"-34.7184741°, -58.4074368°",-34.7184741,-58.4074368
2025-12-21 13:37:40-03:00,2025-12-21 19:20:53-03:00,ChIJa9k_n1rMvJURmFjEVhsJ6zE,Casa abuelos,0 days 05:43:13,2025-12,6,True,"-34.7000175°, -58.4272267°",-34.7000175,-58.4272267
2025-12-21 19:37:46-03:00,2025-12-21 22:10:25-03:00,ChIJt6mvqZrMvJURwEflIsBKbSQ,Casa madre,0 days 02:32:39,2025-12,6,True,"-34.673936°, -58.4054231°",-34.673936,-58.4054231
2025-12-21 22:23:32-03:00,2025-12-22 12:19:25-03:00,ChIJiaxCaw7NvJURWGaM-OWByxk,INFERRED_WORK,0 days 13:55:53,2025-12,6,True,"-34.7184741°, -58.4074368°",-34.7184741,-58.4074368
2025-12-22 13:20:44-03:00,2025-12-22 14:15:55-03:00,ChIJ___Pbs3KvJURJtB--4EB8xc,Trabajo Supervielle,0 days 00:55:11,2025-12,0,False,"-34.6042475°, -58.37352°",-34.6042475,-58.37352
2025-12-22 13:20:44-03:00,2025-12-22 14:15:55-03:00,ChIJSeIQb83KvJUR31HGG_vZTbI,Trabajo Supervielle,0 days 00:55:11,2025-12,0,False,"-34.6043625°, -58.3736067°",-34.6043625,-58.3736067
2025-12-22 14:17:57-03:00,2025-12-22 15:10:18-03:00,ChIJWwNBpdLKvJUR0nZKx5c7nq4,Trabajo Galicia,0 days 00:52:21,2025-12,0,False,"-34.6054579°, -58.3724473°",-34.6054579,-58.3724473
2025-12-22 14:22:30-03:00,2025-12-22 15:08:19-03:00,ChIJPaop8M3KvJURbpDWE-rnX6c,Trabajo Galicia,0 days 00:45:49,2025-12,0,False,"-34.6058223°, -58.3726811°",-34.6058223,-58.3726811
2025-12-22 15:19:54-03:00,2025-12-22 15:26:17-03:00,ChIJbfA2vc7KvJURl4NaLBU8Xa8,UNKNOWN,0 days 00:06:23,2025-12,0,False,"-34.6019598°, -58.378183°",-34.6019598,-58.378183
2025-12-22 15:36:39-03:00,2025-12-22 15:52:00-03:00,ChIJiaHxJ8bKvJURXZQ0dg7Bdbg,Trabajo Teatro Colon,0 days 00:15:21,2025-12,0,False,"-34.6010789°, -58.3831346°",-34.6010789,-58.3831346
2025-12-22 16:40:59-03:00,2025-12-22 17:52:11-03:00,ChIJPbtP4lfKvJURDPKYCQYlUnw,WORK,0 days 01:11:12,2025-12,0,False,"-34.5436434°, -58.5172221°",-34.5436434,-58.5172221
2025-12-22 19:03:13-03:00,2025-12-22 19:36:19-03:00,ChIJ8RtcSkLIvJURKU7682PH0sA,UNKNOWN,0 days 00:33:06,2025-12,0,False,"-34.645833°, -58.5289312°",-34.645833,-58.5289312
2025-12-22 19:03:13-03:00,2025-12-22 19:36:19-03:00,ChIJ6fZWSkLIvJURUewylFn006c,UNKNOWN,0 days 00:33:06,2025-12,0,False,"-34.6454213°, -58.5294533°",-34.6454213,-58.5294533
2025-12-22 20:17:13-03:00,2025-12-23 10:04:26-03:00,ChIJiaxCaw7NvJURWGaM-OWByxk,INFERRED_WORK,0 days 13:47:13,2025-12,0,False,"-34.7184741°, -58.4074368°",-34.7184741,-58.4074368
2025-12-23 11:22:05-03:00,2025-12-23 11:38:18-03:00,ChIJ8SBEiKi3vJURIBjtlcpQ-bw,UNKNOWN,0 days 00:16:13,2025-12,1,False,"-34.5507826°, -58.4993665°",-34.5507826,-58.4993665
2025-12-23 11:54:58-03:00,2025-12-23 12:03:59-03:00,ChIJPbtP4lfKvJURDPKYCQYlUnw,WORK,0 days 00:09:01,2025-12,1,False,"-34.5436434°, -58.5172221°",-34.5436434,-58.5172221
2025-12-23 12:39:32-03:00,2025-12-23 13:47:23-03:00,ChIJH5qger_KvJURGG0fnQ_e1pM,UNKNOWN,0 days 01:07:51,2025-12,1,False,"-34.5997458°, -58.390965°",-34.5997458,-58.390965
2025-12-23 14:12:40-03:00,2025-12-23 16:55:06-03:00,ChIJIxYSMMbKvJURqZGJyCpvOFM,Trabajo Teatro Colon,0 days 02:42:26,2025-12,1,False,"-34.601152°, -58.3833278°",-34.601152,-58.3833278
2025-12-23 18:10:25-03:00,2025-12-24 11:16:18-03:00,ChIJiaxCaw7NvJURWGaM-OWByxk,INFERRED_WORK,0 days 17:05:53,2025-12,1,False,"-34.7184741°, -58.4074368°",-34.7184741,-58.4074368
2025-12-24 11:30:45-03:00,2025-12-24 11:52:15-03:00,ChIJt6mvqZrMvJURwEflIsBKbSQ,Casa madre,0 days 00:21:30,2025-12,2,False,"-34.673936°, -58.4054231°",-34.673936,-58.4054231
2025-12-24 12:04:09-03:00,2025-12-24 12:31:16-03:00,ChIJW1I5QDvNvJURKAXuX3oVtHo,UNKNOWN,0 days 00:27:07,2025-12,2,False,"-34.7098786°, -58.3876035°",-34.7098786,-58.3876035
2025-12-24 12:42:44-03:00,2025-12-24 13:40:55-03:00,ChIJk4KdqiTNvJURNEcHTkRPK6M,UNKNOWN,0 days 00:58:11,2025-12,2,False,"-34.7089567°, -58.3888998°",-34.7089567,-58.3888998
2025-12-24 14:08:43-03:00,2025-12-24 14:10:43-03:00,ChIJt6mvqZrMvJURwEflIsBKbSQ,Casa madre,0 days 00:02:00,2025-12,2,False,"-34.673936°, -58.4054231°",-34.673936,-58.4054231
2025-12-24 14:28:43-03:00,2025-12-24 19:01:09-03:00,ChIJ5_qqHA_NvJURsYhmhKQxDh0,INFERRED_HOME,0 days 04:32:26,2025-12,2,False,"-34.7172171°, -58.4094893°",-34.7172171,-58.4094893
2025-12-24 19:49:34-03:00,2025-12-25 13:36:04-03:00,ChIJ19kvqVkyo5URAacA5RlQKSA,Casa tio,0 days 17:46:30,2025-12,2,False,"-34.6922666°, -58.3227343°",-34.6922666,-58.3227343
2025-12-25 14:12:06-03:00,2025-12-25 15:01:36-03:00,ChIJa9k_n1rMvJURmFjEVhsJ6zE,Casa abuelos,0 days 00:49:30,2025-12,3,False,"-34.7000175°, -58.4272267°",-34.7000175,-58.4272267
2025-12-25 15:08:58-03:00,2025-12-26 08:11:00-03:00,ChIJiaxCaw7NvJURWGaM-OWByxk,INFERRED_WORK,0 days 17:02:02,2025-12,3,False,"-34.7184741°, -58.4074368°",-34.7184741,-58.4074368
2025-12-26 09:10:25-03:00,2025-12-26 10:05:42-03:00,ChIJPbtP4lfKvJURDPKYCQYlUnw,WORK,0 days 00:55:17,2025-12,4,False,"-34.5436434°, -58.5172221°",-34.5436434,-58.5172221
2025-12-26 10:33:32-03:00,2025-12-26 11:52:05-03:00,ChIJA24geKzKvJURm5fJv82WTHI,UNKNOWN,0 days 01:18:33,2025-12,4,False,"-34.5807818°, -58.3761458°",-34.5807818,-58.3761458
2025-12-26 12:05:06-03:00,2025-12-26 13:50:25-03:00,ChIJozcskDQ1o5UR5Oc85yFQ8lE,Trabajo BBVA,0 days 01:45:19,2025-12,4,False,"-34.5975104°, -58.3700036°",-34.5975104,-58.3700036
2025-12-26 14:00:05-03:00,2025-12-26 14:24:23-03:00,ChIJIxYSMMbKvJURqZGJyCpvOFM,Trabajo Teatro Colon,0 days 00:24:18,2025-12,4,False,"-34.601152°, -58.3833278°",-34.601152,-58.3833278
2025-12-26 14:27:58-03:00,2025-12-26 16:28:22-03:00,ChIJt7S9jc7KvJURKxSfAlOXQYM,UNKNOWN,0 days 02:00:24,2025-12,4,False,"-34.603636°, -58.3785832°",-34.603636,-58.3785832
2025-12-26 16:37:51-03:00,2025-12-26 17:27:05-03:00,ChIJIxYSMMbKvJURqZGJyCpvOFM,Trabajo Teatro Colon,0 days 00:49:14,2025-12,4,False,"-34.601152°, -58.3833278°",-34.601152,-58.3833278
2025-12-26 18:04:00-03:00,2025-12-26 20:06:22-03:00,ChIJ5_qqHA_NvJURsYhmhKQxDh0,INFERRED_HOME,0 days 02:02:22,2025-12,4,False,"-34.7172171°, -58.4094893°",-34.7172171,-58.4094893
2025-12-26 20:19:38-03:00,2025-12-27 09:27:52-03:00,ChIJOTzvv8TMvJURKA_JCMHSIdM,UNKNOWN,0 days 13:08:14,2025-12,4,False,"-34.6876213°, -58.3873769°",-34.6876213,-58.3873769
2025-12-27 09:47:34-03:00,2025-12-27 09:56:43-03:00,ChIJS8rsxUjNvJUR0K4o6PWWmMY,UNKNOWN,0 days 00:09:09,2025-12,5,True,"-34.6754865°, -58.4144009°",-34.6754865,-58.4144009
2025-12-27 11:04:37-03:00,2025-12-27 20:46:07-03:00,ChIJ2QjmWzQrvZUR25hQ_CbGFdw,UNKNOWN,0 days 09:41:30,2025-12,5,True,"-34.959028°, -58.3925843°",-34.959028,-58.3925843
2025-12-27 21:54:01-03:00,2025-12-27 21:59:55-03:00,ChIJS8rsxUjNvJUR0K4o6PWWmMY,UNKNOWN,0 days 00:05:54,2025-12,5,True,"-34.6754865°, -58.4144009°",-34.6754865,-58.4144009
2025-12-27 22:13:41-03:00,2025-12-28 13:17:52-03:00,ChIJiaxCaw7NvJURWGaM-OWByxk,INFERRED_HOME,0 days 15:04:11,2025-12,5,True,"-34.7184741°, -58.4074368°",-34.7184741,-58.4074368
2025-12-28 13:32:29-03:00,2025-12-28 18:38:59-03:00,ChIJa9k_n1rMvJURmFjEVhsJ6zE,Casa abuelos,0 days 05:06:30,2025-12,6,True,"-34.7000175°, -58.4272267°",-34.7000175,-58.4272267
2025-12-28 19:16:46-03:00,2025-12-29 08:52:32-03:00,ChIJiaxCaw7NvJURWGaM-OWByxk,INFERRED_HOME,0 days 13:35:46,2025-12,6,True,"-34.7184741°, -58.4074368°",-34.7184741,-58.4074368
2025-12-29 09:03:13-03:00,2025-12-29 09:59:35-03:00,ChIJCbWWvRjNvJUREHqhy2YdI-Q,Barberia,0 days 00:56:22,2025-12,0,False,"-34.7072332°, -58.3956118°",-34.7072332,-58.3956118
2025-12-29 10:16:41-03:00,2025-12-29 10:54:26-03:00,ChIJ5zQgH6oyo5UR1ZFL3oUlYgc,Casa pablo,0 days 00:37:45,2025-12,0,False,"-34.7314837°, -58.3661421°",-34.7314837,-58.3661421
2025-12-29 11:26:43-03:00,2025-12-29 12:33:06-03:00,ChIJw3WzxWo1o5URJcgq_cDiz1w,Trabajo Santander,0 days 01:06:23,2025-12,0,False,"-34.6238922°, -58.3673348°",-34.6238922,-58.3673348
2025-12-29 11:26:43-03:00,2025-12-29 12:33:06-03:00,ChIJS8u27s00o5UR9dtpsV0MFkM,Trabajo Santander,0 days 01:06:23,2025-12,0,False,"-34.6238941°, -58.367137°",-34.6238941,-58.367137
2025-12-29 12:48:23-03:00,2025-12-29 13:12:21-03:00,ChIJt65jRDM1o5URHxQ-saR0kO0,UNKNOWN,0 days 00:23:58,2025-12,0,False,"-34.6000141°, -58.3709963°",-34.6000141,-58.3709963
2025-12-29 13:20:03-03:00,2025-12-29 15:15:29-03:00,ChIJozcskDQ1o5UR5Oc85yFQ8lE,Trabajo BBVA,0 days 01:55:26,2025-12,0,False,"-34.5975104°, -58.3700036°",-34.5975104,-58.3700036
2025-12-29 15:34:08-03:00,2025-12-29 16:06:39-03:00,ChIJIxYSMMbKvJURqZGJyCpvOFM,Trabajo Teatro Colon,0 days 00:32:31,2025-12,0,False,"-34.601152°, -58.3833278°",-34.601152,-58.3833278
2025-12-29 16:43:33-03:00,2025-12-29 16:50:52-03:00,ChIJu0ixG7syo5URrk-f1i1OTkI,UNKNOWN,0 days 00:07:19,2025-12,0,False,"-34.7177955°, -58.3577999°",-34.7177955,-58.3577999
2025-12-29 17:26:45-03:00,2025-12-29 17:49:51-03:00,ChIJt6mvqZrMvJURwEflIsBKbSQ,Casa madre,0 days 00:23:06,2025-12,0,False,"-34.673936°, -58.4054231°",-34.673936,-58.4054231
2025-12-29 18:08:38-03:00,2025-12-29 19:21:35-03:00,ChIJXcKOJDQzo5URu8Fm7pohjEM,Alto Avellaneda,0 days 01:12:57,2025-12,0,False,"-34.6754885°, -58.3671896°",-34.6754885,-58.3671896
2025-12-29 18:33:19-03:00,2025-12-29 18:47:08-03:00,ChIJkVgjEDQzo5URzS1WigIUZQ4,Alto Avellaneda,0 days 00:13:49,2025-12,0,False,"-34.674415°, -58.3680412°",-34.674415,-58.3680412
2025-12-29 18:59:03-03:00,2025-12-29 19:06:52-03:00,ChIJr_ghSDQzo5UReewoaZ_HDkA,Alto Avellaneda,0 days 00:07:49,2025-12,0,False,"-34.6768252°, -58.3679014°",-34.6768252,-58.3679014
2025-12-29 19:12:09-03:00,2025-12-29 19:21:35-03:00,ChIJkVgjEDQzo5URzS1WigIUZQ4,Alto Avellaneda,0 days 00:09:26,2025-12,0,False,"-34.674415°, -58.3680412°",-34.674415,-58.3680412
2025-12-29 19:47:25-03:00,2025-12-29 20:06:59-03:00,ChIJ4U8KVyPNvJURd_xAioX2D_k,UNKNOWN,0 days 00:19:34,2025-12,0,False,"-34.7086149°, -58.3889328°",-34.7086149,-58.3889328
2025-12-29 19:47:25-03:00,2025-12-29 19:57:54-03:00,ChIJ32mwsJ3NvJUROQjpBrn4y4U,UNKNOWN,0 days 00:10:29,2025-12,0,False,"-34.7086149°, -58.3889328°",-34.7086149,-58.3889328
2025-12-29 20:21:43-03:00,2025-12-29 20:50:32-03:00,ChIJt6mvqZrMvJURwEflIsBKbSQ,Casa madre,0 days 00:28:49,2025-12,0,False,"-34.673936°, -58.4054231°",-34.673936,-58.4054231
2025-12-29 21:08:22-03:00,2025-12-30 10:25:05-03:00,ChIJiaxCaw7NvJURWGaM-OWByxk,INFERRED_HOME,0 days 13:16:43,2025-12,0,False,"-34.7184741°, -58.4074368°",-34.7184741,-58.4074368
2025-12-30 11:13:08-03:00,2025-12-30 12:12:55-03:00,ChIJ7eO-eQjKvJURrC0IjeKUSL8,UNKNOWN,0 days 00:59:47,2025-12,1,False,"-34.5994812°, -58.4514152°",-34.5994812,-58.4514152
2025-12-30 12:55:00-03:00,2025-12-30 13:27:07-03:00,ChIJiaxCaw7NvJURWGaM-OWByxk,INFERRED_HOME,0 days 00:32:07,2025-12,1,False,"-34.7184741°, -58.4074368°",-34.7184741,-58.4074368
2025-12-30 13:39:48-03:00,2025-12-30 15:01:08-03:00,ChIJg78vSkjNvJURl-c_xlIaoTM,Casa gonza,0 days 01:21:20,2025-12,1,False,"-34.7180487°, -58.380565°",-34.7180487,-58.380565
2025-12-30 15:33:27-03:00,2025-12-30 15:53:30-03:00,ChIJge2XqMg0o5URsCVUtMvNyl0,UNKNOWN,0 days 00:20:03,2025-12,1,False,"-34.6268599°, -58.3605455°",-34.6268599,-58.3605455
2025-12-30 15:33:27-03:00,2025-12-30 15:46:48-03:00,ChIJ-QW528g0o5URYV3A0Wv0bew,UNKNOWN,0 days 00:13:21,2025-12,1,False,"-34.6278068°, -58.3621997°",-34.6278068,-58.3621997
2025-12-30 17:03:26-03:00,2025-12-30 18:23:10-03:00,ChIJ-VKSi4W9vJURfqPcygFaAV4,UNKNOWN,0 days 01:19:44,2025-12,1,False,"-34.5551161°, -58.7105186°",-34.5551161,-58.7105186
2025-12-30 18:38:25-03:00,2025-12-30 18:40:22-03:00,ChIJY60XXQC_vJURqYIqumDSxVo,UNKNOWN,0 days 00:01:57,2025-12,1,False,"-34.584193°, -58.668339°",-34.584193,-58.668339
2025-12-30 18:56:30-03:00,2025-12-30 22:09:25-03:00,ChIJ-VKSi4W9vJURfqPcygFaAV4,UNKNOWN,0 days 03:12:55,2025-12,1,False,"-34.5551161°, -58.7105186°",-34.5551161,-58.7105186
2025-12-30 22:21:54-03:00,2025-12-30 22:44:15-03:00,ChIJY60XXQC_vJURqYIqumDSxVo,UNKNOWN,0 days 00:22:21,2025-12,1,False,"-34.584193°, -58.668339°",-34.584193,-58.668339
2025-12-30 23:16:28-03:00,2025-12-30 23:27:31-03:00,ChIJPbtP4lfKvJURDPKYCQYlUnw,WORK,0 days 00:11:03,2025-12,1,False,"-34.5436434°, -58.5172221°",-34.5436434,-58.5172221
2025-12-31 00:01:09-03:00,2025-12-31 13:00:26-03:00,ChIJiaxCaw7NvJURWGaM-OWByxk,INFERRED_HOME,0 days 12:59:17,2025-12,2,False,"-34.7184741°, -58.4074368°",-34.7184741,-58.4074368
2025-12-31 13:22:46-03:00,2025-12-31 14:04:07-03:00,ChIJl2aIJ1HMvJURwLxKvRmthN0,UNKNOWN,0 days 00:41:21,2025-12,2,False,"-34.7017919°, -58.4238862°",-34.7017919,-58.4238862
2025-12-31 14:13:14-03:00,2025-12-31 14:47:40-03:00,ChIJ-Y94UV7MvJURH6zYGyyS6G0,UNKNOWN,0 days 00:34:26,2025-12,2,False,"-34.6909627°, -58.4198285°",-34.6909627,-58.4198285
2025-12-31 15:07:08-03:00,2025-12-31 15:16:10-03:00,ChIJfaTsoBfNvJURz6hScz-h-3U,UNKNOWN,0 days 00:09:02,2025-12,2,False,"-34.7129023°, -58.3972906°",-34.7129023,-58.3972906
2025-12-31 15:26:00-03:00,2025-12-31 17:21:08-03:00,ChIJVwgYrFbMvJURVmDOUQniffU,UNKNOWN,0 days 01:55:08,2025-12,2,False,"-34.7035479°, -58.4227273°",-34.7035479,-58.4227273
2025-12-31 17:25:12-03:00,2025-12-31 17:37:14-03:00,ChIJYd0aelrMvJURXpO01qM4iS8,Casa abuelos,0 days 00:12:02,2025-12,2,False,"-34.6987006°, -58.4251589°",-34.6987006,-58.4251589
2025-12-31 17:39:15-03:00,2025-12-31 18:10:38-03:00,ChIJa9k_n1rMvJURmFjEVhsJ6zE,Casa abuelos,0 days 00:31:23,2025-12,2,False,"-34.7000175°, -58.4272267°",-34.7000175,-58.4272267
2025-12-31 18:36:55-03:00,2025-12-31 18:44:50-03:00,ChIJb0yfNbU0o5UR2MhnffNzFQ8,UNKNOWN,0 days 00:07:55,2025-12,2,False,"-34.6355439°, -58.3715478°",-34.6355439,-58.3715478
2025-12-31 19:05:34-03:00,2025-12-31 19:08:42-03:00,ChIJt6mvqZrMvJURwEflIsBKbSQ,Casa madre,0 days 00:03:08,2025-12,2,False,"-34.673936°, -58.4054231°",-34.673936,-58.4054231
2025-12-31 19:21:53-03:00,2025-12-31 19:30:24-03:00,ChIJqyXjv1nMvJURxtkIYrOc-MQ,UNKNOWN,0 days 00:08:31,2025-12,2,False,"-34.6974582°, -58.4213236°",-34.6974582,-58.4213236
2025-12-31 19:32:25-03:00,2026-01-01 01:49:21-03:00,ChIJa9k_n1rMvJURmFjEVhsJ6zE,Casa abuelos,0 days 06:16:56,2025-12,2,False,"-34.7000175°, -58.4272267°",-34.7000175,-58.4272267
2026-01-01 02:29:13-03:00,2026-01-01 13:11:53-03:00,ChIJtzTsS7U0o5URVC57d4pc-5w,UNKNOWN,0 days 10:42:40,2026-01,3,False,"-34.6353492°, -58.371384°",-34.6353492,-58.371384
2026-01-01 14:02:11-03:00,2026-01-01 19:18:39-03:00,ChIJa9k_n1rMvJURmFjEVhsJ6zE,Casa abuelos,0 days 05:16:28,2026-01,3,False,"-34.7000175°, -58.4272267°",-34.7000175,-58.4272267
2026-01-01 19:40:19-03:00,2026-01-01 19:50:25-03:00,ChIJt6mvqZrMvJURwEflIsBKbSQ,Casa madre,0 days 00:10:06,2026-01,3,False,"-34.673936°, -58.4054231°",-34.673936,-58.4054231
2026-01-01 20:17:20-03:00,2026-01-01 20:31:31-03:00,ChIJ82zSNSDNvJURrmVwXbm3KHI,Bares Lanusita,0 days 00:14:11,2026-01,3,False,"-34.7026415°, -58.3931525°",-34.7026415,-58.3931525
2026-01-01 21:13:54-03:00,2026-01-01 21:38:16-03:00,ChIJPbtP4lfKvJURDPKYCQYlUnw,WORK,0 days 00:24:22,2026-01,3,False,"-34.5436434°, -58.5172221°",-34.5436434,-58.5172221
2026-01-01 22:09:49-03:00,2026-01-01 23:21:22-03:00,ChIJ-VKSi4W9vJURfqPcygFaAV4,UNKNOWN,0 days 01:11:33,2026-01,3,False,"-34.5551161°, -58.7105186°",-34.5551161,-58.7105186
2026-01-01 23:50:55-03:00,2026-01-02 00:39:52-03:00,ChIJt6mvqZrMvJURwEflIsBKbSQ,Casa madre,0 days 00:48:57,2026-01,3,False,"-34.673936°, -58.4054231°",-34.673936,-58.4054231
2026-01-02 00:54:06-03:00,2026-01-02 09:14:43-03:00,ChIJ5_qqHA_NvJURsYhmhKQxDh0,INFERRED_WORK,0 days 08:20:37,2026-01,4,False,"-34.7172171°, -58.4094893°",-34.7172171,-58.4094893
2026-01-02 09:45:58-03:00,2026-01-02 09:56:36-03:00,ChIJmZmqM_rIvJURnXmbqkmncRo,UNKNOWN,0 days 00:10:38,2026-01,4,False,"-34.6621209°, -58.5171096°",-34.6621209,-58.5171096
2026-01-02 10:21:28-03:00,2026-01-02 10:56:36-03:00,ChIJPbtP4lfKvJURDPKYCQYlUnw,WORK,0 days 00:35:08,2026-01,4,False,"-34.5436434°, -58.5172221°",-34.5436434,-58.5172221
2026-01-02 12:16:17-03:00,2026-01-02 14:14:33-03:00,ChIJiaHxJ8bKvJURXZQ0dg7Bdbg,Trabajo Teatro Colon,0 days 01:58:16,2026-01,4,False,"-34.6010789°, -58.3831346°",-34.6010789,-58.3831346
2026-01-02 14:31:44-03:00,2026-01-02 14:59:36-03:00,ChIJo6EMX8TKvJURI4oUnC7VS4o,UNKNOWN,0 days 00:27:52,2026-01,4,False,"-34.6061822°, -58.3871846°",-34.6061822,-58.3871846
2026-01-02 15:05:52-03:00,2026-01-02 16:20:35-03:00,ChIJT-ybv9LKvJURHb0Ku5piHEA,Trabajo Galicia,0 days 01:14:43,2026-01,4,False,"-34.6058223°, -58.3726811°",-34.6058223,-58.3726811
2026-01-02 17:38:33-03:00,2026-01-03 10:36:07-03:00,ChIJiaxCaw7NvJURWGaM-OWByxk,INFERRED_HOME,0 days 16:57:34,2026-01,4,False,"-34.7184741°, -58.4074368°",-34.7184741,-58.4074368
2026-01-03 10:42:40-03:00,2026-01-03 11:45:41-03:00,ChIJCbWWvRjNvJUREHqhy2YdI-Q,Barberia,0 days 01:03:01,2026-01,5,True,"-34.7072332°, -58.3956118°",-34.7072332,-58.3956118
2026-01-03 11:56:26-03:00,2026-01-03 13:54:46-03:00,ChIJ5_qqHA_NvJURsYhmhKQxDh0,INFERRED_WORK,0 days 01:58:20,2026-01,5,True,"-34.7172171°, -58.4094893°",-34.7172171,-58.4094893
2026-01-03 14:05:39-03:00,2026-01-03 17:13:27-03:00,ChIJa9k_n1rMvJURmFjEVhsJ6zE,Casa abuelos,0 days 03:07:48,2026-01,5,True,"-34.7000175°, -58.4272267°",-34.7000175,-58.4272267
2026-01-03 17:25:52-03:00,2026-01-03 20:33:42-03:00,ChIJVwgYrFbMvJURVmDOUQniffU,UNKNOWN,0 days 03:07:50,2026-01,5,True,"-34.7035479°, -58.4227273°",-34.7035479,-58.4227273
2026-01-03 20:38:42-03:00,2026-01-03 21:14:22-03:00,ChIJa9k_n1rMvJURmFjEVhsJ6zE,Casa abuelos,0 days 00:35:40,2026-01,5,True,"-34.7000175°, -58.4272267°",-34.7000175,-58.4272267
2026-01-03 21:23:17-03:00,2026-01-04 17:48:51-03:00,ChIJn_zkHA_NvJUR7yILmZdoPHc,UNKNOWN,0 days 20:25:34,2026-01,5,True,"-34.7174026°, -58.4096116°",-34.7174026,-58.4096116
2026-01-04 17:59:50-03:00,2026-01-04 19:46:54-03:00,ChIJVwgYrFbMvJURVmDOUQniffU,UNKNOWN,0 days 01:47:04,2026-01,6,True,"-34.7035479°, -58.4227273°",-34.7035479,-58.4227273
2026-01-04 20:03:46-03:00,2026-01-04 22:58:56-03:00,ChIJVwgYrFbMvJURVmDOUQniffU,UNKNOWN,0 days 02:55:10,2026-01,6,True,"-34.7035479°, -58.4227273°",-34.7035479,-58.4227273
2026-01-04 23:06:27-03:00,2026-01-05 12:30:57-03:00,ChIJn_zkHA_NvJUR7yILmZdoPHc,UNKNOWN,0 days 13:24:30,2026-01,6,True,"-34.7174026°, -58.4096116°",-34.7174026,-58.4096116
2026-01-05 12:30:57-03:00,2026-01-05 12:40:01-03:00,ChIJMzGlxw_NvJUR0UobwG_mK24,UNKNOWN,0 days 00:09:04,2026-01,0,False,"-34.7162°, -58.40728°",-34.7162,-58.40728
2026-01-05 13:38:37-03:00,2026-01-05 15:48:18-03:00,ChIJiaHxJ8bKvJURXZQ0dg7Bdbg,Trabajo Teatro Colon,0 days 02:09:41,2026-01,0,False,"-34.6010789°, -58.3831346°",-34.6010789,-58.3831346
2026-01-05 16:11:50-03:00,2026-01-05 16:39:01-03:00,ChIJq-PnW0jLvJURWiPWOPGyN5I,Trabajo ICBC,0 days 00:27:11,2026-01,0,False,"-34.6076198°, -58.3742574°",-34.6076198,-58.3742574
2026-01-05 16:55:27-03:00,2026-01-05 17:10:13-03:00,ChIJ2WVuqLPKvJURSMIERHR62l0,UNKNOWN,0 days 00:14:46,2026-01,0,False,"-34.5893615°, -58.3731595°",-34.5893615,-58.3731595
2026-01-05 18:21:03-03:00,2026-01-06 11:37:49-03:00,ChIJ5_qqHA_NvJURsYhmhKQxDh0,INFERRED_WORK,0 days 17:16:46,2026-01,0,False,"-34.7172171°, -58.4094893°",-34.7172171,-58.4094893
2026-01-06 11:39:51-03:00,2026-01-06 11:44:36-03:00,ChIJMzGlxw_NvJUR0UobwG_mK24,UNKNOWN,0 days 00:04:45,2026-01,1,False,"-34.7162°, -58.40728°",-34.7162,-58.40728
2026-01-06 12:32:58-03:00,2026-01-06 14:10:56-03:00,ChIJiaHxJ8bKvJURXZQ0dg7Bdbg,Trabajo Teatro Colon,0 days 01:37:58,2026-01,1,False,"-34.6010789°, -58.3831346°",-34.6010789,-58.3831346
2026-01-06 14:21:49-03:00,2026-01-06 14:55:53-03:00,ChIJgWdTK0rLvJUR8U_7Xq3V7Bk,Trabajo Galicia,0 days 00:34:04,2026-01,1,False,"-34.605719°, -58.3722054°",-34.605719,-58.3722054
2026-01-06 15:11:33-03:00,2026-01-06 16:09:07-03:00,ChIJB_VEqHjLvJURlFpzKffxfto,Trabajo Galicia,0 days 00:57:34,2026-01,1,False,"-34.6061488°, -58.3723712°",-34.6061488,-58.3723712
2026-01-06 16:14:46-03:00,2026-01-06 16:29:22-03:00,ChIJ_Zyvj8vLvJURz0UeXv4y_qI,UNKNOWN,0 days 00:14:36,2026-01,1,False,"-34.6015612°, -58.3751887°",-34.6015612,-58.3751887
2026-01-06 16:18:53-03:00,2026-01-06 16:29:22-03:00,ChIJH5Gl6bTLvJURGtgO7jqgbcM,UNKNOWN,0 days 00:10:29,2026-01,1,False,"-34.6015612°, -58.3751887°",-34.6015612,-58.3751887
2026-01-06 16:37:33-03:00,2026-01-06 16:46:07-03:00,ChIJiaHxJ8bKvJURXZQ0dg7Bdbg,Trabajo Teatro Colon,0 days 00:08:34,2026-01,1,False,"-34.6010789°, -58.3831346°",-34.6010789,-58.3831346
2026-01-06 17:42:13-03:00,2026-01-06 19:48:28-03:00,ChIJiaxCaw7NvJURWGaM-OWByxk,INFERRED_HOME,0 days 02:06:15,2026-01,1,False,"-34.7184741°, -58.4074368°",-34.7184741,-58.4074368
2026-01-06 20:12:35-03:00,2026-01-06 21:05:53-03:00,ChIJOTzvv8TMvJURKA_JCMHSIdM,UNKNOWN,0 days 00:53:18,2026-01,1,False,"-34.6876213°, -58.3873769°",-34.6876213,-58.3873769
2026-01-06 21:27:29-03:00,2026-01-07 11:17:56-03:00,ChIJn_zkHA_NvJUR7yILmZdoPHc,UNKNOWN,0 days 13:50:27,2026-01,1,False,"-34.7174026°, -58.4096116°",-34.7174026,-58.4096116
2026-01-07 12:39:47-03:00,2026-01-07 15:26:14-03:00,ChIJozcskDQ1o5UR5Oc85yFQ8lE,Trabajo BBVA,0 days 02:46:27,2026-01,2,False,"-34.5975104°, -58.3700036°",-34.5975104,-58.3700036
2026-01-07 15:36:03-03:00,2026-01-07 16:20:32-03:00,ChIJ_Zyvj8vLvJURz0UeXv4y_qI,UNKNOWN,0 days 00:44:29,2026-01,2,False,"-34.6015612°, -58.3751887°",-34.6015612,-58.3751887
2026-01-07 15:36:03-03:00,2026-01-07 16:20:32-03:00,ChIJH5Gl6bTLvJURGtgO7jqgbcM,UNKNOWN,0 days 00:44:29,2026-01,2,False,"-34.6015612°, -58.3751887°",-34.6015612,-58.3751887
2026-01-07 16:29:33-03:00,2026-01-07 17:07:02-03:00,ChIJIxYSMMbKvJURqZGJyCpvOFM,Trabajo Teatro Colon,0 days 00:37:29,2026-01,2,False,"-34.601152°, -58.3833278°",-34.601152,-58.3833278
2026-01-07 17:52:36-03:00,2026-01-07 18:22:19-03:00,ChIJiaxCaw7NvJURWGaM-OWByxk,INFERRED_HOME,0 days 00:29:43,2026-01,2,False,"-34.7184741°, -58.4074368°",-34.7184741,-58.4074368
2026-01-07 18:26:31-03:00,2026-01-07 18:36:25-03:00,ChIJZwQCIZfNvJURZ7h0ggnrIk4,UNKNOWN,0 days 00:09:54,2026-01,2,False,"-34.7092151°, -58.3950518°",-34.7092151,-58.3950518
2026-01-07 18:49:01-03:00,2026-01-07 20:00:31-03:00,ChIJR2bHGKzSvJURQQxi9BnYwlQ,UNKNOWN,0 days 01:11:30,2026-01,2,False,"-34.7416884°, -58.3769931°",-34.7416884,-58.3769931
2026-01-07 20:16:11-03:00,2026-01-08 12:45:26-03:00,ChIJn_zkHA_NvJUR7yILmZdoPHc,UNKNOWN,0 days 16:29:15,2026-01,2,False,"-34.7174026°, -58.4096116°",-34.7174026,-58.4096116
2026-01-08 12:59:02-03:00,2026-01-08 13:23:07-03:00,ChIJZ9nEQRzTvJURtFjGaN7BZDc,Casa marco,0 days 00:24:05,2026-01,3,False,"-34.7423239°, -58.3761832°",-34.7423239,-58.3761832
2026-01-08 13:40:50-03:00,2026-01-08 13:46:07-03:00,ChIJiQDEBCPNvJUR1iaRPp6sr38,UNKNOWN,0 days 00:05:17,2026-01,3,False,"-34.7075567°, -58.3908743°",-34.7075567,-58.3908743
2026-01-08 14:33:46-03:00,2026-01-08 15:18:15-03:00,ChIJ_Zyvj8vLvJURz0UeXv4y_qI,UNKNOWN,0 days 00:44:29,2026-01,3,False,"-34.6015612°, -58.3751887°",-34.6015612,-58.3751887
2026-01-08 14:35:41-03:00,2026-01-08 15:16:14-03:00,ChIJH5Gl6bTLvJURGtgO7jqgbcM,UNKNOWN,0 days 00:40:33,2026-01,3,False,"-34.6015612°, -58.3751887°",-34.6015612,-58.3751887
2026-01-08 15:42:59-03:00,2026-01-08 17:18:43-03:00,ChIJuZ28VzU1o5UR3yrH7JyU3FM,Trabajo Macro,0 days 01:35:44,2026-01,3,False,"-34.5940986°, -58.3717793°",-34.5940986,-58.3717793
2026-01-08 18:38:05-03:00,2026-01-09 10:06:48-03:00,ChIJn_zkHA_NvJUR7yILmZdoPHc,UNKNOWN,0 days 15:28:43,2026-01,3,False,"-34.7174026°, -58.4096116°",-34.7174026,-58.4096116
2026-01-09 11:05:15-03:00,2026-01-09 12:49:39-03:00,ChIJozcskDQ1o5UR5Oc85yFQ8lE,Trabajo BBVA,0 days 01:44:24,2026-01,4,False,"-34.5975104°, -58.3700036°",-34.5975104,-58.3700036
2026-01-09 13:01:08-03:00,2026-01-09 14:34:06-03:00,ChIJuZ28VzU1o5UR3yrH7JyU3FM,Trabajo Macro,0 days 01:32:58,2026-01,4,False,"-34.5940986°, -58.3717793°",-34.5940986,-58.3717793
2026-01-09 15:02:05-03:00,2026-01-09 16:27:36-03:00,ChIJiaHxJ8bKvJURXZQ0dg7Bdbg,Trabajo Teatro Colon,0 days 01:25:31,2026-01,4,False,"-34.6010789°, -58.3831346°",-34.6010789,-58.3831346
2026-01-09 17:36:34-03:00,2026-01-09 18:17:53-03:00,ChIJR2bHGKzSvJURQQxi9BnYwlQ,UNKNOWN,0 days 00:41:19,2026-01,4,False,"-34.7416884°, -58.3769931°",-34.7416884,-58.3769931
2026-01-09 18:31:56-03:00,2026-01-10 18:01:03-03:00,ChIJiaxCaw7NvJURWGaM-OWByxk,INFERRED_HOME,0 days 23:29:07,2026-01,4,False,"-34.7184741°, -58.4074368°",-34.7184741,-58.4074368
2026-01-10 18:07:45-03:00,2026-01-10 19:00:36-03:00,ChIJD8SQF5DNvJURNtxm8W6eG0I,Barberia,0 days 00:52:51,2026-01,5,True,"-34.7072503°, -58.3956021°",-34.7072503,-58.3956021
2026-01-10 19:04:39-03:00,2026-01-10 19:15:34-03:00,ChIJiQDEBCPNvJUR1iaRPp6sr38,UNKNOWN,0 days 00:10:55,2026-01,5,True,"-34.7075567°, -58.3908743°",-34.7075567,-58.3908743
2026-01-10 19:28:12-03:00,2026-01-11 17:39:28-03:00,ChIJn_zkHA_NvJUR7yILmZdoPHc,UNKNOWN,0 days 22:11:16,2026-01,5,True,"-34.7174026°, -58.4096116°",-34.7174026,-58.4096116
2026-01-11 17:51:53-03:00,2026-01-11 20:10:58-03:00,ChIJa9k_n1rMvJURmFjEVhsJ6zE,Casa abuelos,0 days 02:19:05,2026-01,6,True,"-34.7000175°, -58.4272267°",-34.7000175,-58.4272267
2026-01-11 20:21:25-03:00,2026-01-12 11:50:04-03:00,ChIJiaxCaw7NvJURWGaM-OWByxk,INFERRED_HOME,0 days 15:28:39,2026-01,6,True,"-34.7184741°, -58.4074368°",-34.7184741,-58.4074368
2026-01-12 12:05:35-03:00,2026-01-12 12:10:37-03:00,ChIJiQDEBCPNvJUR1iaRPp6sr38,UNKNOWN,0 days 00:05:02,2026-01,0,False,"-34.7075567°, -58.3908743°",-34.7075567,-58.3908743
2026-01-12 12:27:07-03:00,2026-01-12 12:32:26-03:00,ChIJO5OvTjDLvJURn--oIpRP89Q,UNKNOWN,0 days 00:05:19,2026-01,0,False,"-34.6283037°, -58.3805292°",-34.6283037,-58.3805292
2026-01-12 12:39:28-03:00,2026-01-12 14:56:01-03:00,ChIJw3WzxWo1o5URJcgq_cDiz1w,Trabajo Santander,0 days 02:16:33,2026-01,0,False,"-34.6238922°, -58.3673348°",-34.6238922,-58.3673348
2026-01-12 12:39:28-03:00,2026-01-12 14:56:01-03:00,ChIJS8u27s00o5UR9dtpsV0MFkM,Trabajo Santander,0 days 02:16:33,2026-01,0,False,"-34.6238941°, -58.367137°",-34.6238941,-58.367137
2026-01-12 15:22:21-03:00,2026-01-12 17:14:27-03:00,ChIJIxYSMMbKvJURqZGJyCpvOFM,Trabajo Teatro Colon,0 days 01:52:06,2026-01,0,False,"-34.601152°, -58.3833278°",-34.601152,-58.3833278
2026-01-12 18:02:02-03:00,2026-01-12 18:27:24-03:00,ChIJi5ZVwSHNvJURuEivEJttOag,Bares Lanusita,0 days 00:25:22,2026-01,0,False,"-34.7038607°, -58.3930011°",-34.7038607,-58.3930011
2026-01-12 18:51:41-03:00,2026-01-13 09:08:11-03:00,ChIJiaxCaw7NvJURWGaM-OWByxk,INFERRED_HOME,0 days 14:16:30,2026-01,0,False,"-34.7184741°, -58.4074368°",-34.7184741,-58.4074368
2026-01-13 10:33:06-03:00,2026-01-13 12:34:23-03:00,ChIJHRZm7tLKvJURYY4870wNDXs,Trabajo ICBC,0 days 02:01:17,2026-01,1,False,"-34.6068759°, -58.3741235°",-34.6068759,-58.3741235
2026-01-13 12:34:23-03:00,2026-01-13 13:31:32-03:00,ChIJwYgY6dLKvJURRGVEQaerEyA,UNKNOWN,0 days 00:57:09,2026-01,1,False,"-34.6069572°, -58.373416°",-34.6069572,-58.373416
2026-01-13 13:31:32-03:00,2026-01-13 14:38:26-03:00,ChIJVTJlXNLKvJURH9VZx-Qy428,Trabajo ICBC,0 days 01:06:54,2026-01,1,False,"-34.6069935°, -58.374986°",-34.6069935,-58.374986
2026-01-13 15:53:45-03:00,2026-01-13 19:34:43-03:00,ChIJiaxCaw7NvJURWGaM-OWByxk,INFERRED_HOME,0 days 03:40:58,2026-01,1,False,"-34.7184741°, -58.4074368°",-34.7184741,-58.4074368
2026-01-13 19:56:50-03:00,2026-01-13 20:59:40-03:00,ChIJOTzvv8TMvJURKA_JCMHSIdM,UNKNOWN,0 days 01:02:50,2026-01,1,False,"-34.6876213°, -58.3873769°",-34.6876213,-58.3873769
2026-01-13 21:20:08-03:00,2026-01-14 11:09:40-03:00,ChIJiaxCaw7NvJURWGaM-OWByxk,INFERRED_HOME,0 days 13:49:32,2026-01,1,False,"-34.7184741°, -58.4074368°",-34.7184741,-58.4074368
2026-01-14 11:13:08-03:00,2026-01-14 11:22:56-03:00,ChIJMzGlxw_NvJUR0UobwG_mK24,UNKNOWN,0 days 00:09:48,2026-01,2,False,"-34.7162°, -58.40728°",-34.7162,-58.40728
2026-01-14 12:29:40-03:00,2026-01-14 15:08:19-03:00,ChIJozcskDQ1o5UR5Oc85yFQ8lE,Trabajo BBVA,0 days 02:38:39,2026-01,2,False,"-34.5975104°, -58.3700036°",-34.5975104,-58.3700036
2026-01-14 15:15:32-03:00,2026-01-14 15:21:44-03:00,ChIJ1ZnoFcvKvJURCg5CPwYvMnM,UNKNOWN,0 days 00:06:12,2026-01,2,False,"-34.5984621°, -58.3738166°",-34.5984621,-58.3738166
2026-01-14 15:26:56-03:00,2026-01-14 17:14:13-03:00,ChIJIxYSMMbKvJURqZGJyCpvOFM,Trabajo Teatro Colon,0 days 01:47:17,2026-01,2,False,"-34.601152°, -58.3833278°",-34.601152,-58.3833278
2026-01-14 18:15:45-03:00,2026-01-14 22:33:55-03:00,ChIJiaxCaw7NvJURWGaM-OWByxk,INFERRED_HOME,0 days 04:18:10,2026-01,2,False,"-34.7184741°, -58.4074368°",-34.7184741,-58.4074368
2026-01-14 22:49:11-03:00,2026-01-15 01:10:11-03:00,ChIJt6mvqZrMvJURwEflIsBKbSQ,Casa madre,0 days 02:21:00,2026-01,2,False,"-34.673936°, -58.4054231°",-34.673936,-58.4054231
2026-01-15 01:30:37-03:00,2026-01-15 07:38:24-03:00,ChIJiaxCaw7NvJURWGaM-OWByxk,INFERRED_HOME,0 days 06:07:47,2026-01,3,False,"-34.7184741°, -58.4074368°",-34.7184741,-58.4074368
2026-01-15 08:33:16-03:00,2026-01-15 10:02:16-03:00,ChIJPbtP4lfKvJURDPKYCQYlUnw,WORK,0 days 01:29:00,2026-01,3,False,"-34.5436434°, -58.5172221°",-34.5436434,-58.5172221
2026-01-15 11:30:17-03:00,2026-01-15 11:55:51-03:00,ChIJH5qger_KvJURGG0fnQ_e1pM,UNKNOWN,0 days 00:25:34,2026-01,3,False,"-34.5997458°, -58.390965°",-34.5997458,-58.390965
2026-01-15 12:11:52-03:00,2026-01-15 17:12:06-03:00,ChIJIxYSMMbKvJURqZGJyCpvOFM,Trabajo Teatro Colon,0 days 05:00:14,2026-01,3,False,"-34.601152°, -58.3833278°",-34.601152,-58.3833278
2026-01-15 18:09:16-03:00,2026-01-16 09:21:25-03:00,ChIJiaxCaw7NvJURWGaM-OWByxk,INFERRED_HOME,0 days 15:12:09,2026-01,3,False,"-34.7184741°, -58.4074368°",-34.7184741,-58.4074368
2026-01-16 10:02:26-03:00,2026-01-16 10:42:28-03:00,ChIJO-0Pf0Uzo5URJy-ByCmlBnM,UNKNOWN,0 days 00:40:02,2026-01,4,False,"-34.663312°, -58.3598712°",-34.663312,-58.3598712
2026-01-16 11:02:49-03:00,2026-01-16 13:44:18-03:00,ChIJTan6eanLvJURuUIJCSLkP-I,UNKNOWN,0 days 02:41:29,2026-01,4,False,"-34.6282921°, -58.3908752°",-34.6282921,-58.3908752
2026-01-16 13:53:22-03:00,2026-01-16 14:19:34-03:00,ChIJO5OvTjDLvJURn--oIpRP89Q,UNKNOWN,0 days 00:26:12,2026-01,4,False,"-34.6283037°, -58.3805292°",-34.6283037,-58.3805292
2026-01-16 14:33:22-03:00,2026-01-16 16:39:15-03:00,ChIJIxYSMMbKvJURqZGJyCpvOFM,Trabajo Teatro Colon,0 days 02:05:53,2026-01,4,False,"-34.601152°, -58.3833278°",-34.601152,-58.3833278
2026-01-16 17:37:48-03:00,2026-01-16 20:22:27-03:00,ChIJiaxCaw7NvJURWGaM-OWByxk,INFERRED_HOME,0 days 02:44:39,2026-01,4,False,"-34.7184741°, -58.4074368°",-34.7184741,-58.4074368
2026-01-16 20:27:22-03:00,2026-01-16 20:35:18-03:00,ChIJrw867Q7NvJUR2_z7EyN-Qck,UNKNOWN,0 days 00:07:56,2026-01,4,False,"-34.7188036°, -58.4096209°",-34.7188036,-58.4096209
2026-01-16 20:39:19-03:00,2026-01-17 10:33:56-03:00,ChIJiaxCaw7NvJURWGaM-OWByxk,INFERRED_HOME,0 days 13:54:37,2026-01,4,False,"-34.7184741°, -58.4074368°",-34.7184741,-58.4074368
2026-01-17 10:43:04-03:00,2026-01-17 12:00:08-03:00,ChIJCbWWvRjNvJUREHqhy2YdI-Q,Barberia,0 days 01:17:04,2026-01,5,True,"-34.7072332°, -58.3956118°",-34.7072332,-58.3956118
2026-01-17 12:02:11-03:00,2026-01-17 12:20:22-03:00,ChIJf_M84P7NvJURlvgGVXb6RzY,UNKNOWN,0 days 00:18:11,2026-01,5,True,"-34.7065403°, -58.393201°",-34.7065403,-58.393201
2026-01-17 12:31:28-03:00,2026-01-17 12:56:44-03:00,ChIJa9k_n1rMvJURmFjEVhsJ6zE,Casa abuelos,0 days 00:25:16,2026-01,5,True,"-34.7000175°, -58.4272267°",-34.7000175,-58.4272267
2026-01-17 13:10:34-03:00,2026-01-17 18:42:17-03:00,ChIJa9k_n1rMvJURmFjEVhsJ6zE,Casa abuelos,0 days 05:31:43,2026-01,5,True,"-34.7000175°, -58.4272267°",-34.7000175,-58.4272267
2026-01-17 19:12:03-03:00,2026-01-17 19:36:02-03:00,ChIJP1wTjb23vJUR8LKQ7r1topw,Decathlon,0 days 00:23:59,2026-01,5,True,"-34.5319092°, -58.4669248°",-34.5319092,-58.4669248
2026-01-17 20:04:20-03:00,2026-01-17 20:08:58-03:00,ChIJNehg5MjNvJUR74tzY-Z2Elo,UNKNOWN,0 days 00:04:38,2026-01,5,True,"-34.7229895°, -58.4440828°",-34.7229895,-58.4440828
2026-01-17 20:04:20-03:00,2026-01-17 20:08:58-03:00,ChIJhZbyB8nNvJURLE13iuiI8bI,UNKNOWN,0 days 00:04:38,2026-01,5,True,"-34.7230272°, -58.4440662°",-34.7230272,-58.4440662
2026-01-17 20:23:05-03:00,2026-01-18 07:44:39-03:00,ChIJiaxCaw7NvJURWGaM-OWByxk,INFERRED_HOME,0 days 11:21:34,2026-01,5,True,"-34.7184741°, -58.4074368°",-34.7184741,-58.4074368
2026-01-18 07:57:48-03:00,2026-01-18 09:04:44-03:00,ChIJR2bHGKzSvJURQQxi9BnYwlQ,UNKNOWN,0 days 01:06:56,2026-01,6,True,"-34.7416884°, -58.3769931°",-34.7416884,-58.3769931
2026-01-18 09:46:33-03:00,2026-01-18 11:00:00-03:00,ChIJsZoQXdW3opURYcfcZPVqfj4,UNKNOWN,0 days 01:13:27,2026-01,6,True,"-35.173786°, -58.24028°",-35.173786,-58.24028
2026-01-18 11:43:52-03:00,2026-01-18 12:54:48-03:00,ChIJjTHOqkkBmJURW71apnFA6IU,UNKNOWN,0 days 01:10:56,2026-01,6,True,"-35.5156258°, -58.3133297°",-35.5156258,-58.3133297
2026-01-18 15:08:42-03:00,2026-01-18 15:26:40-03:00,ChIJezkwi09tmJURI4nbQ0Xa8DQ,UNKNOWN,0 days 00:17:58,2026-01,6,True,"-35.5848449°, -57.9960269°",-35.5848449,-57.9960269
2026-01-18 15:54:00-03:00,2026-01-18 16:02:50-03:00,ChIJERIgIfASmJURby2_7RmDB_8,UNKNOWN,0 days 00:08:50,2026-01,6,True,"-35.6152458°, -58.0414937°",-35.6152458,-58.0414937
2026-01-18 16:04:50-03:00,2026-01-18 19:16:34-03:00,ChIJbQhl49dsmJUR7VkdiFYeJmA,UNKNOWN,0 days 03:11:44,2026-01,6,True,"-35.6135564°, -57.9966542°",-35.6135564,-57.9966542
2026-01-18 19:48:55-03:00,2026-01-18 20:30:44-03:00,ChIJN43j4qkSmJURAR5PLbyC8SA,UNKNOWN,0 days 00:41:49,2026-01,6,True,"-35.5790706°, -58.0137368°",-35.5790706,-58.0137368
2026-01-18 20:30:44-03:00,2026-01-18 20:52:25-03:00,ChIJKRL92KsSmJUR5eggckHAmPU,UNKNOWN,0 days 00:21:41,2026-01,6,True,"-35.5826107°, -58.0126422°",-35.5826107,-58.0126422
2026-01-18 21:09:09-03:00,2026-01-19 07:18:11-03:00,ChIJbQhl49dsmJUR7VkdiFYeJmA,UNKNOWN,0 days 10:09:02,2026-01,6,True,"-35.6135564°, -57.9966542°",-35.6135564,-57.9966542
2026-01-19 07:37:05-03:00,2026-01-19 08:17:09-03:00,ChIJlUunEiltmJURq98KIThFUgA,UNKNOWN,0 days 00:40:04,2026-01,0,False,"-35.5097634°, -58.0237143°",-35.5097634,-58.0237143
2026-01-19 14:15:58-03:00,2026-01-19 14:24:56-03:00,ChIJMzGlxw_NvJUR0UobwG_mK24,UNKNOWN,0 days 00:08:58,2026-01,0,False,"-34.7162°, -58.40728°",-34.7162,-58.40728
2026-01-19 15:18:23-03:00,2026-01-19 16:47:01-03:00,ChIJozcskDQ1o5UR5Oc85yFQ8lE,Trabajo BBVA,0 days 01:28:38,2026-01,0,False,"-34.5975104°, -58.3700036°",-34.5975104,-58.3700036
2026-01-19 17:58:44-03:00,2026-01-20 09:47:32-03:00,ChIJn_zkHA_NvJUR7yILmZdoPHc,UNKNOWN,0 days 15:48:48,2026-01,0,False,"-34.7174026°, -58.4096116°",-34.7174026,-58.4096116
2026-01-20 10:44:54-03:00,2026-01-20 11:10:16-03:00,ChIJIxYSMMbKvJURqZGJyCpvOFM,Trabajo Teatro Colon,0 days 00:25:22,2026-01,1,False,"-34.601152°, -58.3833278°",-34.601152,-58.3833278
2026-01-20 11:21:52-03:00,2026-01-20 12:49:02-03:00,ChIJO5OvTjDLvJURn--oIpRP89Q,UNKNOWN,0 days 01:27:10,2026-01,1,False,"-34.6283037°, -58.3805292°",-34.6283037,-58.3805292
2026-01-20 13:08:29-03:00,2026-01-20 14:42:04-03:00,ChIJIxYSMMbKvJURqZGJyCpvOFM,Trabajo Teatro Colon,0 days 01:33:35,2026-01,1,False,"-34.601152°, -58.3833278°",-34.601152,-58.3833278
2026-01-20 14:55:37-03:00,2026-01-20 15:51:46-03:00,ChIJB_VEqHjLvJURlFpzKffxfto,Trabajo Galicia,0 days 00:56:09,2026-01,1,False,"-34.6061488°, -58.3723712°",-34.6061488,-58.3723712
2026-01-20 17:20:03-03:00,2026-01-20 19:39:32-03:00,ChIJn_zkHA_NvJUR7yILmZdoPHc,UNKNOWN,0 days 02:19:29,2026-01,1,False,"-34.7174026°, -58.4096116°",-34.7174026,-58.4096116
2026-01-20 20:05:58-03:00,2026-01-20 21:57:40-03:00,ChIJOTzvv8TMvJURKA_JCMHSIdM,UNKNOWN,0 days 01:51:42,2026-01,1,False,"-34.6876288°, -58.387384°",-34.6876288,-58.387384
2026-01-20 22:25:44-03:00,2026-01-21 08:01:32-03:00,ChIJn_zkHA_NvJUR7yILmZdoPHc,UNKNOWN,0 days 09:35:48,2026-01,1,False,"-34.7174026°, -58.4096116°",-34.7174026,-58.4096116
2026-01-21 09:10:08-03:00,2026-01-21 09:38:23-03:00,ChIJnQaGBgC3vJURdQYJeunM-VM,UNKNOWN,0 days 00:28:15,2026-01,2,False,"-34.5436143°, -58.5125134°",-34.5436143,-58.5125134
2026-01-21 09:43:50-03:00,2026-01-21 11:01:22-03:00,ChIJPbtP4lfKvJURDPKYCQYlUnw,WORK,0 days 01:17:32,2026-01,2,False,"-34.5436434°, -58.5172221°",-34.5436434,-58.5172221
2026-01-21 12:21:38-03:00,2026-01-21 17:00:42-03:00,ChIJIxYSMMbKvJURqZGJyCpvOFM,Trabajo Teatro Colon,0 days 04:39:04,2026-01,2,False,"-34.601152°, -58.3833278°",-34.601152,-58.3833278
2026-01-21 17:57:15-03:00,2026-01-22 12:53:49-03:00,ChIJn_zkHA_NvJUR7yILmZdoPHc,UNKNOWN,0 days 18:56:34,2026-01,2,False,"-34.7174026°, -58.4096116°",-34.7174026,-58.4096116
2026-01-22 13:58:58-03:00,2026-01-22 14:34:24-03:00,ChIJIxYSMMbKvJURqZGJyCpvOFM,Trabajo Teatro Colon,0 days 00:35:26,2026-01,3,False,"-34.601152°, -58.3833278°",-34.601152,-58.3833278
2026-01-22 14:48:18-03:00,2026-01-22 16:34:52-03:00,ChIJk3U0KS01o5URsofTDnwrNbI,Trabajo BNA,0 days 01:46:34,2026-01,3,False,"-34.6076093°, -58.3711929°",-34.6076093,-58.3711929
2026-01-22 17:18:12-03:00,2026-01-22 17:44:28-03:00,ChIJPbtP4lfKvJURDPKYCQYlUnw,WORK,0 days 00:26:16,2026-01,3,False,"-34.5436434°, -58.5172221°",-34.5436434,-58.5172221
2026-01-22 18:39:54-03:00,2026-01-22 18:45:28-03:00,ChIJrw867Q7NvJUR2_z7EyN-Qck,UNKNOWN,0 days 00:05:34,2026-01,3,False,"-34.7188036°, -58.4096209°",-34.7188036,-58.4096209
2026-01-22 18:48:33-03:00,2026-01-23 10:09:09-03:00,ChIJiaxCaw7NvJURWGaM-OWByxk,INFERRED_HOME,0 days 15:20:36,2026-01,3,False,"-34.7184741°, -58.4074368°",-34.7184741,-58.4074368
2026-01-23 10:19:57-03:00,2026-01-23 10:27:36-03:00,ChIJky2qn9_MvJURo6Pc29GfW8M,UNKNOWN,0 days 00:07:39,2026-01,4,False,"-34.69864°, -58.39189°",-34.69864,-58.39189
2026-01-23 11:07:29-03:00,2026-01-23 12:45:43-03:00,ChIJuZ28VzU1o5UR3yrH7JyU3FM,Trabajo Macro,0 days 01:38:14,2026-01,4,False,"-34.5940986°, -58.3717793°",-34.5940986,-58.3717793
2026-01-23 12:56:20-03:00,2026-01-23 13:12:45-03:00,ChIJw1s1NMG5vJURNA2CAhYcYec,UNKNOWN,0 days 00:16:25,2026-01,4,False,"-34.6075694°, -58.3732574°",-34.6075694,-58.3732574
2026-01-23 13:16:28-03:00,2026-01-23 13:50:01-03:00,ChIJV_Hhms3KvJURvwf8FWWmBss,UNKNOWN,0 days 00:33:33,2026-01,4,False,"-34.604836°, -58.375111°",-34.604836,-58.375111
2026-01-23 14:00:03-03:00,2026-01-23 14:08:44-03:00,ChIJw1s1NMG5vJURNA2CAhYcYec,UNKNOWN,0 days 00:08:41,2026-01,4,False,"-34.6075694°, -58.3732574°",-34.6075694,-58.3732574
2026-01-23 14:28:24-03:00,2026-01-23 17:00:50-03:00,ChIJIxYSMMbKvJURqZGJyCpvOFM,Trabajo Teatro Colon,0 days 02:32:26,2026-01,4,False,"-34.601152°, -58.3833278°",-34.601152,-58.3833278
2026-01-23 17:47:59-03:00,2026-01-24 12:55:57-03:00,ChIJn_zkHA_NvJUR7yILmZdoPHc,INFERRED_WORK,0 days 19:07:58,2026-01,4,False,"-34.7174026°, -58.4096116°",-34.7174026,-58.4096116
2026-01-24 13:06:13-03:00,2026-01-24 17:38:02-03:00,ChIJa9k_n1rMvJURmFjEVhsJ6zE,Casa abuelos,0 days 04:31:49,2026-01,5,True,"-34.7000175°, -58.4272267°",-34.7000175,-58.4272267
2026-01-24 17:43:22-03:00,2026-01-24 20:28:01-03:00,ChIJVwgYrFbMvJURVmDOUQniffU,UNKNOWN,0 days 02:44:39,2026-01,5,True,"-34.7035479°, -58.4227273°",-34.7035479,-58.4227273
2026-01-24 20:33:03-03:00,2026-01-26 10:50:59-03:00,ChIJn_zkHA_NvJUR7yILmZdoPHc,INFERRED_WORK,1 days 14:17:56,2026-01,5,True,"-34.7174026°, -58.4096116°",-34.7174026,-58.4096116
2026-01-26 11:29:55-03:00,2026-01-26 11:50:18-03:00,ChIJozcskDQ1o5UR5Oc85yFQ8lE,Trabajo BBVA,0 days 00:20:23,2026-01,0,False,"-34.5975104°, -58.3700036°",-34.5975104,-58.3700036
2026-01-26 11:50:18-03:00,2026-01-26 13:38:46-03:00,ChIJuZ28VzU1o5UR3yrH7JyU3FM,Trabajo Macro,0 days 01:48:28,2026-01,0,False,"-34.5940986°, -58.3717793°",-34.5940986,-58.3717793
2026-01-26 14:14:44-03:00,2026-01-26 14:43:04-03:00,ChIJi2cRdrm1vJURrDoLJ8k1V68,UNKNOWN,0 days 00:28:20,2026-01,0,False,"-34.5639145°, -58.4387302°",-34.5639145,-58.4387302
2026-01-26 14:56:14-03:00,2026-01-26 16:32:55-03:00,ChIJIxYSMMbKvJURqZGJyCpvOFM,Trabajo Teatro Colon,0 days 01:36:41,2026-01,0,False,"-34.601152°, -58.3833278°",-34.601152,-58.3833278
2026-01-26 17:27:15-03:00,2026-01-26 18:07:05-03:00,ChIJD8SQF5DNvJURNtxm8W6eG0I,Barberia,0 days 00:39:50,2026-01,0,False,"-34.7072503°, -58.3956021°",-34.7072503,-58.3956021
2026-01-26 18:15:57-03:00,2026-01-26 19:46:27-03:00,ChIJiaxCaw7NvJURWGaM-OWByxk,INFERRED_HOME,0 days 01:30:30,2026-01,0,False,"-34.7184741°, -58.4074368°",-34.7184741,-58.4074368
2026-01-26 20:10:34-03:00,2026-01-26 22:00:07-03:00,ChIJOTzvv8TMvJURKA_JCMHSIdM,UNKNOWN,0 days 01:49:33,2026-01,0,False,"-34.6876288°, -58.387384°",-34.6876288,-58.387384
2026-01-26 22:14:44-03:00,2026-01-27 07:35:31-03:00,ChIJ5_qqHA_NvJURsYhmhKQxDh0,UNKNOWN,0 days 09:20:47,2026-01,0,False,"-34.7172171°, -58.4094893°",-34.7172171,-58.4094893
2026-01-27 08:48:47-03:00,2026-01-27 09:22:59-03:00,ChIJ62REnqKlvJURaG35gyYt2T4,UNKNOWN,0 days 00:34:12,2026-01,1,False,"-34.4245645°, -58.5785084°",-34.4245645,-58.5785084
2026-01-27 09:48:07-03:00,2026-01-27 09:54:17-03:00,ChIJPbtP4lfKvJURDPKYCQYlUnw,WORK,0 days 00:06:10,2026-01,1,False,"-34.5436434°, -58.5172221°",-34.5436434,-58.5172221
2026-01-27 10:27:32-03:00,2026-01-27 10:34:41-03:00,ChIJa9k_n1rMvJURmFjEVhsJ6zE,Casa abuelos,0 days 00:07:09,2026-01,1,False,"-34.7000175°, -58.4272267°",-34.7000175,-58.4272267
2026-01-27 10:49:56-03:00,2026-01-27 14:26:42-03:00,ChIJ5_qqHA_NvJURsYhmhKQxDh0,UNKNOWN,0 days 03:36:46,2026-01,1,False,"-34.7172171°, -58.4094893°",-34.7172171,-58.4094893
2026-01-27 14:37:35-03:00,2026-01-27 15:24:29-03:00,ChIJa9k_n1rMvJURmFjEVhsJ6zE,Casa abuelos,0 days 00:46:54,2026-01,1,False,"-34.7000175°, -58.4272267°",-34.7000175,-58.4272267
2026-01-27 15:25:29-03:00,2026-01-27 15:41:03-03:00,ChIJJ-UgctXNvJURsSH6rtXhMRE,Casa abuelos,0 days 00:15:34,2026-01,1,False,"-34.7014691°, -58.4251947°",-34.7014691,-58.4251947
2026-01-27 15:44:26-03:00,2026-01-27 15:50:06-03:00,ChIJ70-LhazNvJURjDaEYFQg6os,UNKNOWN,0 days 00:05:40,2026-01,1,False,"-34.7113844°, -58.4236228°",-34.7113844,-58.4236228
2026-01-27 15:57:30-03:00,2026-01-28 09:33:35-03:00,ChIJ5_qqHA_NvJURsYhmhKQxDh0,UNKNOWN,0 days 17:36:05,2026-01,1,False,"-34.7172171°, -58.4094893°",-34.7172171,-58.4094893
2026-01-28 10:09:48-03:00,2026-01-28 10:17:45-03:00,ChIJcU3mvsfKvJURzobIGhy17YI,UNKNOWN,0 days 00:07:57,2026-01,2,False,"-34.601148°, -58.384589°",-34.601148,-58.384589
2026-01-28 10:20:19-03:00,2026-01-28 11:15:01-03:00,ChIJHRZm7tLKvJURYY4870wNDXs,Trabajo ICBC,0 days 00:54:42,2026-01,2,False,"-34.6068759°, -58.3741235°",-34.6068759,-58.3741235
2026-01-28 11:32:23-03:00,2026-01-28 12:57:18-03:00,ChIJozcskDQ1o5UR5Oc85yFQ8lE,Trabajo BBVA,0 days 01:24:55,2026-01,2,False,"-34.5975104°, -58.3700036°",-34.5975104,-58.3700036
2026-01-28 13:05:36-03:00,2026-01-28 14:31:26-03:00,ChIJIxYSMMbKvJURqZGJyCpvOFM,Trabajo Teatro Colon,0 days 01:25:50,2026-01,2,False,"-34.601152°, -58.3833278°",-34.601152,-58.3833278
2026-01-28 14:36:43-03:00,2026-01-28 16:05:33-03:00,ChIJ31FQXtLKvJURRh-ANe18zWc,Trabajo ICBC,0 days 01:28:50,2026-01,2,False,"-34.6066665°, -58.374614°",-34.6066665,-58.374614
2026-01-28 16:21:11-03:00,2026-01-28 17:17:25-03:00,ChIJIxYSMMbKvJURqZGJyCpvOFM,Trabajo Teatro Colon,0 days 00:56:14,2026-01,2,False,"-34.601152°, -58.3833278°",-34.601152,-58.3833278
2026-01-28 18:18:34-03:00,2026-01-28 20:10:16-03:00,ChIJ5_qqHA_NvJURsYhmhKQxDh0,UNKNOWN,0 days 01:51:42,2026-01,2,False,"-34.7172171°, -58.4094893°",-34.7172171,-58.4094893
2026-01-28 20:22:32-03:00,2026-01-28 21:10:47-03:00,ChIJOTzvv8TMvJURKA_JCMHSIdM,UNKNOWN,0 days 00:48:15,2026-01,2,False,"-34.6876288°, -58.387384°",-34.6876288,-58.387384
2026-01-28 21:23:22-03:00,2026-01-29 09:49:42-03:00,ChIJ5_qqHA_NvJURsYhmhKQxDh0,UNKNOWN,0 days 12:26:20,2026-01,2,False,"-34.7172171°, -58.4094893°",-34.7172171,-58.4094893
2026-01-29 10:32:05-03:00,2026-01-29 10:44:59-03:00,ChIJPbtP4lfKvJURDPKYCQYlUnw,WORK,0 days 00:12:54,2026-01,3,False,"-34.5436434°, -58.5172221°",-34.5436434,-58.5172221
2026-01-29 11:12:46-03:00,2026-01-29 12:29:14-03:00,ChIJVTJlXNLKvJURH9VZx-Qy428,Trabajo ICBC,0 days 01:16:28,2026-01,3,False,"-34.6069935°, -58.374986°",-34.6069935,-58.374986
2026-01-29 12:33:15-03:00,2026-01-29 13:03:20-03:00,ChIJKyzoRS01o5URxY4l0iCdu7I,Trabajo Columbia,0 days 00:30:05,2026-01,3,False,"-34.6052778°, -58.3708333°",-34.6052778,-58.3708333
2026-01-29 12:33:15-03:00,2026-01-29 13:03:20-03:00,ChIJYzmPTy01o5URVHM001Eb5QY,Trabajo Columbia,0 days 00:30:05,2026-01,3,False,"-34.6053094°, -58.37084°",-34.6053094,-58.37084
2026-01-29 13:03:20-03:00,2026-01-29 14:53:28-03:00,ChIJWwNBpdLKvJUR0nZKx5c7nq4,Trabajo Galicia,0 days 01:50:08,2026-01,3,False,"-34.6054579°, -58.3724473°",-34.6054579,-58.3724473
2026-01-29 14:03:51-03:00,2026-01-29 14:51:44-03:00,ChIJPaop8M3KvJURbpDWE-rnX6c,Trabajo Galicia,0 days 00:47:53,2026-01,3,False,"-34.6058223°, -58.3726811°",-34.6058223,-58.3726811
2026-01-29 15:14:42-03:00,2026-01-29 16:26:07-03:00,ChIJIxYSMMbKvJURqZGJyCpvOFM,Trabajo Teatro Colon,0 days 01:11:25,2026-01,3,False,"-34.601152°, -58.3833278°",-34.601152,-58.3833278
2026-01-29 17:15:30-03:00,2026-01-29 21:15:15-03:00,ChIJ5_qqHA_NvJURsYhmhKQxDh0,UNKNOWN,0 days 03:59:45,2026-01,3,False,"-34.7172171°, -58.4094893°",-34.7172171,-58.4094893
2026-01-29 21:30:55-03:00,2026-01-30 00:45:50-03:00,ChIJt6mvqZrMvJURwEflIsBKbSQ,Casa madre,0 days 03:14:55,2026-01,3,False,"-34.673936°, -58.4054231°",-34.673936,-58.4054231
2026-01-30 01:04:34-03:00,2026-01-30 10:28:31-03:00,ChIJ5_qqHA_NvJURsYhmhKQxDh0,UNKNOWN,0 days 09:23:57,2026-01,4,False,"-34.7172171°, -58.4094893°",-34.7172171,-58.4094893
2026-01-30 11:23:54-03:00,2026-01-30 12:15:50-03:00,ChIJS3xrUQDLvJURe9s1sM8yrao,Trabajo ICBC,0 days 00:51:56,2026-01,4,False,"-34.6069979°, -58.3749959°",-34.6069979,-58.3749959
2026-01-30 12:30:32-03:00,2026-01-30 12:35:27-03:00,ChIJ84aESwDLvJURXzr2ekMWrO4,UNKNOWN,0 days 00:04:55,2026-01,4,False,"-34.6026511°, -58.3829489°",-34.6026511,-58.3829489
2026-01-30 12:38:32-03:00,2026-01-30 13:41:36-03:00,ChIJIxYSMMbKvJURqZGJyCpvOFM,Trabajo Teatro Colon,0 days 01:03:04,2026-01,4,False,"-34.601152°, -58.3833278°",-34.601152,-58.3833278
2026-01-30 13:55:47-03:00,2026-01-30 17:14:51-03:00,ChIJuZ28VzU1o5UR3yrH7JyU3FM,Trabajo Macro,0 days 03:19:04,2026-01,4,False,"-34.5940986°, -58.3717793°",-34.5940986,-58.3717793
2026-01-30 18:28:23-03:00,2026-01-30 18:34:00-03:00,ChIJod24JQ7NvJURhERyxJTxKfQ,UNKNOWN,0 days 00:05:37,2026-01,4,False,"-34.7173693°, -58.4062157°",-34.7173693,-58.4062157
2026-01-30 18:39:47-03:00,2026-01-30 21:38:47-03:00,ChIJ5_qqHA_NvJURsYhmhKQxDh0,INFERRED_WORK,0 days 02:59:00,2026-01,4,False,"-34.7172171°, -58.4094893°",-34.7172171,-58.4094893
2026-01-30 21:44:36-03:00,2026-01-30 22:01:28-03:00,ChIJwbBR7hHNvJURUJAFL8QnhFY,UNKNOWN,0 days 00:16:52,2026-01,4,False,"-34.7189095°, -58.4050146°",-34.7189095,-58.4050146
2026-01-30 22:10:46-03:00,2026-01-31 00:16:12-03:00,ChIJiQDEBCPNvJUR1iaRPp6sr38,UNKNOWN,0 days 02:05:26,2026-01,4,False,"-34.7075567°, -58.3908743°",-34.7075567,-58.3908743
2026-01-31 00:26:15-03:00,2026-01-31 13:05:43-03:00,ChIJ5_qqHA_NvJURsYhmhKQxDh0,INFERRED_WORK,0 days 12:39:28,2026-01,5,True,"-34.7172171°, -58.4094893°",-34.7172171,-58.4094893
2026-01-31 13:10:15-03:00,2026-01-31 13:21:45-03:00,ChIJod24JQ7NvJURhERyxJTxKfQ,UNKNOWN,0 days 00:11:30,2026-01,5,True,"-34.7173693°, -58.4062157°",-34.7173693,-58.4062157
2026-01-31 14:05:48-03:00,2026-01-31 20:08:11-03:00,ChIJGXXEfzTVvJUR9-Ep0LSdW7o,UNKNOWN,0 days 06:02:23,2026-01,5,True,"-34.8691943°, -58.3746034°",-34.8691943,-58.3746034
2026-01-31 20:46:42-03:00,2026-02-01 09:25:52-03:00,ChIJ5_qqHA_NvJURsYhmhKQxDh0,INFERRED_WORK,0 days 12:39:10,2026-01,5,True,"-34.7172171°, -58.4094893°",-34.7172171,-58.4094893
2026-02-01 09:38:42-03:00,2026-02-01 10:00:14-03:00,ChIJCbWWvRjNvJUREHqhy2YdI-Q,Barberia,0 days 00:21:32,2026-02,6,True,"-34.7072332°, -58.3956118°",-34.7072332,-58.3956118
2026-02-01 10:20:24-03:00,2026-02-01 10:25:01-03:00,ChIJod24JQ7NvJURhERyxJTxKfQ,UNKNOWN,0 days 00:04:37,2026-02,6,True,"-34.7173693°, -58.4062157°",-34.7173693,-58.4062157
2026-02-01 10:30:26-03:00,2026-02-01 12:23:59-03:00,ChIJn_zkHA_NvJUR7yILmZdoPHc,UNKNOWN,0 days 01:53:33,2026-02,6,True,"-34.7174026°, -58.4096116°",-34.7174026,-58.4096116
2026-02-01 12:26:01-03:00,2026-02-01 12:35:32-03:00,ChIJrw867Q7NvJUR2_z7EyN-Qck,UNKNOWN,0 days 00:09:31,2026-02,6,True,"-34.7188036°, -58.4096209°",-34.7188036,-58.4096209
2026-02-01 12:39:11-03:00,2026-02-01 13:23:26-03:00,ChIJn_zkHA_NvJUR7yILmZdoPHc,UNKNOWN,0 days 00:44:15,2026-02,6,True,"-34.7174026°, -58.4096116°",-34.7174026,-58.4096116
2026-02-01 13:35:43-03:00,2026-02-01 13:44:46-03:00,ChIJt6mvqZrMvJURwEflIsBKbSQ,Casa madre,0 days 00:09:03,2026-02,6,True,"-34.673936°, -58.4054231°",-34.673936,-58.4054231
2026-02-01 13:58:33-03:00,2026-02-01 14:03:08-03:00,ChIJ0zCeOf_NvJUR7ab_WFlqMPU,UNKNOWN,0 days 00:04:35,2026-02,6,True,"-34.7055046°, -58.4051805°",-34.7055046,-58.4051805
2026-02-01 14:07:46-03:00,2026-02-01 16:58:21-03:00,ChIJn_zkHA_NvJUR7yILmZdoPHc,UNKNOWN,0 days 02:50:35,2026-02,6,True,"-34.7174026°, -58.4096116°",-34.7174026,-58.4096116
2026-02-01 17:26:10-03:00,2026-02-01 19:37:47-03:00,ChIJa9k_n1rMvJURmFjEVhsJ6zE,Casa abuelos,0 days 02:11:37,2026-02,6,True,"-34.7000175°, -58.4272267°",-34.7000175,-58.4272267
2026-02-01 19:45:51-03:00,2026-02-02 13:41:22-03:00,ChIJn_zkHA_NvJUR7yILmZdoPHc,UNKNOWN,0 days 17:55:31,2026-02,6,True,"-34.7174026°, -58.4096116°",-34.7174026,-58.4096116
2026-02-02 14:40:49-03:00,2026-02-02 15:47:29-03:00,ChIJw3WzxWo1o5URJcgq_cDiz1w,Trabajo Santander,0 days 01:06:40,2026-02,0,False,"-34.6238922°, -58.3673348°",-34.6238922,-58.3673348
2026-02-02 14:40:49-03:00,2026-02-02 15:47:29-03:00,ChIJS8u27s00o5UR9dtpsV0MFkM,Trabajo Santander,0 days 01:06:40,2026-02,0,False,"-34.6238941°, -58.367137°",-34.6238941,-58.367137
2026-02-02 16:09:19-03:00,2026-02-02 16:32:35-03:00,ChIJIxYSMMbKvJURqZGJyCpvOFM,Trabajo Teatro Colon,0 days 00:23:16,2026-02,0,False,"-34.601152°, -58.3833278°",-34.601152,-58.3833278
2026-02-02 17:25:08-03:00,2026-02-03 10:05:25-03:00,ChIJn_zkHA_NvJUR7yILmZdoPHc,UNKNOWN,0 days 16:40:17,2026-02,0,False,"-34.7174026°, -58.4096116°",-34.7174026,-58.4096116
2026-02-03 10:16:48-03:00,2026-02-03 10:30:06-03:00,ChIJ-Ym4EzvNvJURNMzWoZRW3FM,UNKNOWN,0 days 00:13:18,2026-02,1,False,"-34.7101369°, -58.386939°",-34.7101369,-58.386939
2026-02-03 10:47:22-03:00,2026-02-03 10:53:46-03:00,ChIJO5OvTjDLvJURn--oIpRP89Q,UNKNOWN,0 days 00:06:24,2026-02,1,False,"-34.6283037°, -58.3805292°",-34.6283037,-58.3805292
2026-02-03 10:57:12-03:00,2026-02-03 11:00:49-03:00,ChIJC-COMCjLvJURvGt0t-UtDkY,UNKNOWN,0 days 00:03:37,2026-02,1,False,"-34.6179521°, -58.3815784°",-34.6179521,-58.3815784
2026-02-03 11:10:34-03:00,2026-02-03 12:36:43-03:00,ChIJS3xrUQDLvJURe9s1sM8yrao,Trabajo ICBC,0 days 01:26:09,2026-02,1,False,"-34.6069979°, -58.3749959°",-34.6069979,-58.3749959
2026-02-03 12:48:25-03:00,2026-02-03 16:13:15-03:00,ChIJIxYSMMbKvJURqZGJyCpvOFM,Trabajo Teatro Colon,0 days 03:24:50,2026-02,1,False,"-34.601152°, -58.3833278°",-34.601152,-58.3833278
2026-02-03 17:06:32-03:00,2026-02-04 09:24:59-03:00,ChIJn_zkHA_NvJUR7yILmZdoPHc,UNKNOWN,0 days 16:18:27,2026-02,1,False,"-34.7174026°, -58.4096116°",-34.7174026,-58.4096116
2026-02-04 09:27:33-03:00,2026-02-04 09:34:52-03:00,ChIJMzGlxw_NvJUR0UobwG_mK24,UNKNOWN,0 days 00:07:19,2026-02,2,False,"-34.7162°, -58.40728°",-34.7162,-58.40728
2026-02-04 10:07:45-03:00,2026-02-04 10:15:11-03:00,ChIJO5OvTjDLvJURn--oIpRP89Q,UNKNOWN,0 days 00:07:26,2026-02,2,False,"-34.6283037°, -58.3805292°",-34.6283037,-58.3805292
2026-02-04 10:17:19-03:00,2026-02-04 10:25:00-03:00,ChIJC-COMCjLvJURvGt0t-UtDkY,UNKNOWN,0 days 00:07:41,2026-02,2,False,"-34.6179521°, -58.3815784°",-34.6179521,-58.3815784
2026-02-04 10:33:13-03:00,2026-02-04 12:42:17-03:00,ChIJS3xrUQDLvJURe9s1sM8yrao,Trabajo ICBC,0 days 02:09:04,2026-02,2,False,"-34.6069979°, -58.3749959°",-34.6069979,-58.3749959
2026-02-04 12:59:45-03:00,2026-02-04 13:25:45-03:00,ChIJiY3XeNLLvJURlfCxF5-nwUk,UNKNOWN,0 days 00:26:00,2026-02,2,False,"-34.6022749°, -58.3723888°",-34.6022749,-58.3723888
2026-02-04 13:31:58-03:00,2026-02-04 13:42:25-03:00,ChIJS3xrUQDLvJURe9s1sM8yrao,Trabajo ICBC,0 days 00:10:27,2026-02,2,False,"-34.6069979°, -58.3749959°",-34.6069979,-58.3749959
2026-02-04 13:56:27-03:00,2026-02-04 14:42:48-03:00,ChIJIxYSMMbKvJURqZGJyCpvOFM,Trabajo Teatro Colon,0 days 00:46:21,2026-02,2,False,"-34.601152°, -58.3833278°",-34.601152,-58.3833278
2026-02-04 15:04:38-03:00,2026-02-04 15:46:18-03:00,ChIJIxYSMMbKvJURqZGJyCpvOFM,Trabajo Teatro Colon,0 days 00:41:40,2026-02,2,False,"-34.601152°, -58.3833278°",-34.601152,-58.3833278
2026-02-04 16:40:53-03:00,2026-02-04 19:08:47-03:00,ChIJ5_qqHA_NvJURsYhmhKQxDh0,INFERRED_WORK,0 days 02:27:54,2026-02,2,False,"-34.7172171°, -58.4094893°",-34.7172171,-58.4094893
2026-02-04 19:36:29-03:00,2026-02-04 20:48:00-03:00,ChIJOTzvv8TMvJURKA_JCMHSIdM,UNKNOWN,0 days 01:11:31,2026-02,2,False,"-34.6876288°, -58.387384°",-34.6876288,-58.387384
2026-02-04 21:04:43-03:00,2026-02-05 09:06:14-03:00,ChIJn_zkHA_NvJUR7yILmZdoPHc,UNKNOWN,0 days 12:01:31,2026-02,2,False,"-34.7174026°, -58.4096116°",-34.7174026,-58.4096116
2026-02-05 10:14:53-03:00,2026-02-05 10:41:13-03:00,ChIJmcucDQDLvJURc-1_SCCTd7A,UNKNOWN,0 days 00:26:20,2026-02,3,False,"-34.5984748°, -58.3740645°",-34.5984748,-58.3740645
2026-02-05 10:44:08-03:00,2026-02-05 11:53:58-03:00,ChIJozcskDQ1o5UR5Oc85yFQ8lE,Trabajo BBVA,0 days 01:09:50,2026-02,3,False,"-34.5975104°, -58.3700036°",-34.5975104,-58.3700036
2026-02-05 12:04:24-03:00,2026-02-05 13:24:06-03:00,ChIJXx79V9vKvJURS2GosE58c8w,UNKNOWN,0 days 01:19:42,2026-02,3,False,"-34.6083667°, -58.3722832°",-34.6083667,-58.3722832
2026-02-05 13:36:35-03:00,2026-02-05 14:41:35-03:00,ChIJO5OvTjDLvJURn--oIpRP89Q,UNKNOWN,0 days 01:05:00,2026-02,3,False,"-34.6283037°, -58.3805292°",-34.6283037,-58.3805292
2026-02-05 15:09:38-03:00,2026-02-05 16:43:28-03:00,ChIJIxYSMMbKvJURqZGJyCpvOFM,Trabajo Teatro Colon,0 days 01:33:50,2026-02,3,False,"-34.601152°, -58.3833278°",-34.601152,-58.3833278
2026-02-05 17:44:54-03:00,2026-02-05 20:13:25-03:00,ChIJ5_qqHA_NvJURsYhmhKQxDh0,INFERRED_WORK,0 days 02:28:31,2026-02,3,False,"-34.7172171°, -58.4094893°",-34.7172171,-58.4094893
2026-02-05 20:17:28-03:00,2026-02-05 20:24:44-03:00,ChIJrw867Q7NvJUR2_z7EyN-Qck,UNKNOWN,0 days 00:07:16,2026-02,3,False,"-34.7188036°, -58.4096209°",-34.7188036,-58.4096209
2026-02-05 20:26:15-03:00,2026-02-06 12:45:31-03:00,ChIJn_zkHA_NvJUR7yILmZdoPHc,INFERRED_WORK,0 days 16:19:16,2026-02,3,False,"-34.7174026°, -58.4096116°",-34.7174026,-58.4096116
2026-02-06 13:46:49-03:00,2026-02-06 15:07:34-03:00,ChIJozcskDQ1o5UR5Oc85yFQ8lE,Trabajo BBVA,0 days 01:20:45,2026-02,4,False,"-34.5975104°, -58.3700036°",-34.5975104,-58.3700036
2026-02-06 15:23:15-03:00,2026-02-06 16:39:11-03:00,ChIJIxYSMMbKvJURqZGJyCpvOFM,Trabajo Teatro Colon,0 days 01:15:56,2026-02,4,False,"-34.601152°, -58.3833278°",-34.601152,-58.3833278
2026-02-06 17:32:26-03:00,2026-02-06 18:22:20-03:00,ChIJ5_qqHA_NvJURsYhmhKQxDh0,UNKNOWN,0 days 00:49:54,2026-02,4,False,"-34.7172171°, -58.4094893°",-34.7172171,-58.4094893
2026-02-06 18:22:20-03:00,2026-02-06 18:28:26-03:00,ChIJMzGlxw_NvJUR0UobwG_mK24,UNKNOWN,0 days 00:06:06,2026-02,4,False,"-34.7162°, -58.40728°",-34.7162,-58.40728
2026-02-06 18:48:39-03:00,2026-02-06 21:01:28-03:00,ChIJOTzvv8TMvJURKA_JCMHSIdM,UNKNOWN,0 days 02:12:49,2026-02,4,False,"-34.6876288°, -58.387384°",-34.6876288,-58.387384
2026-02-06 21:20:43-03:00,2026-02-07 11:04:41-03:00,ChIJn_zkHA_NvJUR7yILmZdoPHc,INFERRED_WORK,0 days 13:43:58,2026-02,4,False,"-34.7174026°, -58.4096116°",-34.7174026,-58.4096116
2026-02-07 11:11:43-03:00,2026-02-07 12:31:59-03:00,ChIJCbWWvRjNvJUREHqhy2YdI-Q,Barberia,0 days 01:20:16,2026-02,5,True,"-34.7072332°, -58.3956118°",-34.7072332,-58.3956118
2026-02-07 12:42:55-03:00,2026-02-07 18:34:51-03:00,ChIJa9k_n1rMvJURmFjEVhsJ6zE,Casa abuelos,0 days 05:51:56,2026-02,5,True,"-34.7000175°, -58.4272267°",-34.7000175,-58.4272267
2026-02-07 18:42:59-03:00,2026-02-08 10:12:12-03:00,ChIJn_zkHA_NvJUR7yILmZdoPHc,INFERRED_WORK,0 days 15:29:13,2026-02,5,True,"-34.7174026°, -58.4096116°",-34.7174026,-58.4096116
2026-02-08 11:15:44-03:00,2026-02-08 19:20:20-03:00,ChIJ8yqtk7ClvJUR4IPSej94zk8,Parque de la Costa,0 days 08:04:36,2026-02,6,True,"-34.4179859°, -58.5770168°",-34.4179859,-58.5770168
2026-02-08 19:46:05-03:00,2026-02-08 20:07:58-03:00,ChIJA4mal-O2vJURsskE9hBw_84,UNKNOWN,0 days 00:21:53,2026-02,6,True,"-34.559187°, -58.504904°",-34.559187,-58.504904
2026-02-08 20:33:19-03:00,2026-02-09 13:56:51-03:00,ChIJn_zkHA_NvJUR7yILmZdoPHc,INFERRED_WORK,0 days 17:23:32,2026-02,6,True,"-34.7174026°, -58.4096116°",-34.7174026,-58.4096116
2026-02-09 13:58:11-03:00,2026-02-09 14:02:55-03:00,ChIJMzGlxw_NvJUR0UobwG_mK24,UNKNOWN,0 days 00:04:44,2026-02,0,False,"-34.7162°, -58.40728°",-34.7162,-58.40728
2026-02-09 14:56:35-03:00,2026-02-09 15:38:19-03:00,ChIJ5TzWetLKvJURxzt1cDvPF-k,UNKNOWN,0 days 00:41:44,2026-02,0,False,"-34.6060778°, -58.3750133°",-34.6060778,-58.3750133
2026-02-09 14:58:37-03:00,2026-02-09 15:35:30-03:00,ChIJ78DDADHLvJURiYIvUAClLyY,UNKNOWN,0 days 00:36:53,2026-02,0,False,"-34.6061687°, -58.3737847°",-34.6061687,-58.3737847
2026-02-09 15:44:01-03:00,2026-02-09 16:07:19-03:00,ChIJ-5b1MtLKvJUR_MRYyAEgpow,UNKNOWN,0 days 00:23:18,2026-02,0,False,"-34.6083322°, -58.3766457°",-34.6083322,-58.3766457
2026-02-09 15:44:01-03:00,2026-02-09 16:07:19-03:00,ChIJAxcRzNPKvJURdTfUenR6Yxg,UNKNOWN,0 days 00:23:18,2026-02,0,False,"-34.6085502°, -58.3766474°",-34.6085502,-58.3766474
2026-02-09 16:18:55-03:00,2026-02-09 16:53:10-03:00,ChIJIxYSMMbKvJURqZGJyCpvOFM,Trabajo Teatro Colon,0 days 00:34:15,2026-02,0,False,"-34.601152°, -58.3833278°",-34.601152,-58.3833278
2026-02-09 17:45:35-03:00,2026-02-09 19:00:23-03:00,ChIJn_zkHA_NvJUR7yILmZdoPHc,INFERRED_WORK,0 days 01:14:48,2026-02,0,False,"-34.7174026°, -58.4096116°",-34.7174026,-58.4096116
2026-02-09 19:25:35-03:00,2026-02-09 20:35:02-03:00,ChIJOTzvv8TMvJURKA_JCMHSIdM,UNKNOWN,0 days 01:09:27,2026-02,0,False,"-34.6876288°, -58.387384°",-34.6876288,-58.387384
2026-02-09 20:54:34-03:00,2026-02-09 21:31:36-03:00,ChIJ5_qqHA_NvJURsYhmhKQxDh0,UNKNOWN,0 days 00:37:02,2026-02,0,False,"-34.7172171°, -58.4094893°",-34.7172171,-58.4094893
2026-02-09 21:43:17-03:00,2026-02-10 00:11:02-03:00,ChIJHQpoTyHNvJURQEWwISIb4Lo,UNKNOWN,0 days 02:27:45,2026-02,0,False,"-34.703468°, -58.3894744°",-34.703468,-58.3894744
2026-02-10 00:21:05-03:00,2026-02-10 14:17:28-03:00,ChIJn_zkHA_NvJUR7yILmZdoPHc,INFERRED_WORK,0 days 13:56:23,2026-02,1,False,"-34.7174026°, -58.4096116°",-34.7174026,-58.4096116
2026-02-10 15:32:52-03:00,2026-02-10 16:15:49-03:00,ChIJozcskDQ1o5UR5Oc85yFQ8lE,Trabajo BBVA,0 days 00:42:57,2026-02,1,False,"-34.5975104°, -58.3700036°",-34.5975104,-58.3700036
2026-02-10 17:34:22-03:00,2026-02-11 09:46:57-03:00,ChIJn_zkHA_NvJUR7yILmZdoPHc,UNKNOWN,0 days 16:12:35,2026-02,1,False,"-34.7174026°, -58.4096116°",-34.7174026,-58.4096116
2026-02-11 10:59:39-03:00,2026-02-11 12:10:51-03:00,ChIJS3xrUQDLvJURe9s1sM8yrao,Trabajo ICBC,0 days 01:11:12,2026-02,2,False,"-34.6069979°, -58.3749959°",-34.6069979,-58.3749959
2026-02-11 12:10:51-03:00,2026-02-11 12:34:35-03:00,ChIJ5TzWetLKvJURxzt1cDvPF-k,UNKNOWN,0 days 00:23:44,2026-02,2,False,"-34.6060778°, -58.3750133°",-34.6060778,-58.3750133
2026-02-11 12:10:51-03:00,2026-02-11 12:17:40-03:00,ChIJPS2oWi-1vJURqibnrmJx_yg,UNKNOWN,0 days 00:06:49,2026-02,2,False,"-34.6060581°, -58.3749897°",-34.6060581,-58.3749897
2026-02-11 12:18:51-03:00,2026-02-11 12:30:19-03:00,ChIJu4ubkdLKvJUReCD5EvsEjMU,UNKNOWN,0 days 00:11:28,2026-02,2,False,"-34.6060581°, -58.3749897°",-34.6060581,-58.3749897
2026-02-11 12:36:16-03:00,2026-02-11 12:46:35-03:00,ChIJ62bF9_bLvJURtgcM-qyrXLQ,UNKNOWN,0 days 00:10:19,2026-02,2,False,"-34.6020047°, -58.3751245°",-34.6020047,-58.3751245
2026-02-11 13:02:40-03:00,2026-02-11 16:24:52-03:00,ChIJIxYSMMbKvJURqZGJyCpvOFM,Trabajo Teatro Colon,0 days 03:22:12,2026-02,2,False,"-34.601152°, -58.3833278°",-34.601152,-58.3833278
2026-02-11 17:23:05-03:00,2026-02-11 19:38:51-03:00,ChIJn_zkHA_NvJUR7yILmZdoPHc,UNKNOWN,0 days 02:15:46,2026-02,2,False,"-34.7174026°, -58.4096116°",-34.7174026,-58.4096116
2026-02-11 20:06:17-03:00,2026-02-11 21:26:29-03:00,ChIJOTzvv8TMvJURKA_JCMHSIdM,UNKNOWN,0 days 01:20:12,2026-02,2,False,"-34.6876288°, -58.387384°",-34.6876288,-58.387384
2026-02-11 21:55:45-03:00,2026-02-12 13:37:16-03:00,ChIJn_zkHA_NvJUR7yILmZdoPHc,INFERRED_WORK,0 days 15:41:31,2026-02,2,False,"-34.7174026°, -58.4096116°",-34.7174026,-58.4096116
2026-02-12 14:46:17-03:00,2026-02-12 16:10:32-03:00,ChIJozcskDQ1o5UR5Oc85yFQ8lE,Trabajo BBVA,0 days 01:24:15,2026-02,3,False,"-34.5975104°, -58.3700036°",-34.5975104,-58.3700036
2026-02-12 16:27:17-03:00,2026-02-12 16:58:13-03:00,ChIJIxYSMMbKvJURqZGJyCpvOFM,Trabajo Teatro Colon,0 days 00:30:56,2026-02,3,False,"-34.601152°, -58.3833278°",-34.601152,-58.3833278
2026-02-12 17:54:16-03:00,2026-02-12 18:57:25-03:00,ChIJn_zkHA_NvJUR7yILmZdoPHc,INFERRED_WORK,0 days 01:03:09,2026-02,3,False,"-34.7174026°, -58.4096116°",-34.7174026,-58.4096116
2026-02-12 19:05:54-03:00,2026-02-12 20:11:45-03:00,ChIJ1TQySEjNvJURB9siV4LdLFc,UNKNOWN,0 days 01:05:51,2026-02,3,False,"-34.692774°, -58.3894437°",-34.692774,-58.3894437
2026-02-12 20:30:11-03:00,2026-02-12 22:25:44-03:00,ChIJOdO20PMyo5URR-hLVM9JilU,UNKNOWN,0 days 01:55:33,2026-02,3,False,"-34.69859°, -58.3339852°",-34.69859,-58.3339852
2026-02-12 22:55:39-03:00,2026-02-13 14:38:56-03:00,ChIJn_zkHA_NvJUR7yILmZdoPHc,INFERRED_WORK,0 days 15:43:17,2026-02,3,False,"-34.7174026°, -58.4096116°",-34.7174026,-58.4096116
2026-02-13 14:41:50-03:00,2026-02-13 14:50:09-03:00,ChIJMzGlxw_NvJUR0UobwG_mK24,UNKNOWN,0 days 00:08:19,2026-02,4,False,"-34.7162°, -58.40728°",-34.7162,-58.40728
2026-02-13 15:40:48-03:00,2026-02-13 16:38:27-03:00,ChIJIxYSMMbKvJURqZGJyCpvOFM,Trabajo Teatro Colon,0 days 00:57:39,2026-02,4,False,"-34.601152°, -58.3833278°",-34.601152,-58.3833278
2026-02-13 17:34:08-03:00,2026-02-14 08:50:57-03:00,ChIJn_zkHA_NvJUR7yILmZdoPHc,INFERRED_WORK,0 days 15:16:49,2026-02,4,False,"-34.7174026°, -58.4096116°",-34.7174026,-58.4096116
2026-02-14 09:05:43-03:00,2026-02-14 09:51:56-03:00,ChIJCbWWvRjNvJUREHqhy2YdI-Q,Barberia,0 days 00:46:13,2026-02,5,True,"-34.7072332°, -58.3956118°",-34.7072332,-58.3956118
2026-02-14 09:59:47-03:00,2026-02-14 10:05:17-03:00,ChIJzZnZQCLNvJURqLLk5fKg0mk,UNKNOWN,0 days 00:05:30,2026-02,5,True,"-34.70675°, -58.39278°",-34.70675,-58.39278
2026-02-14 10:13:33-03:00,2026-02-14 14:43:50-03:00,ChIJn_zkHA_NvJUR7yILmZdoPHc,INFERRED_WORK,0 days 04:30:17,2026-02,5,True,"-34.7174026°, -58.4096116°",-34.7174026,-58.4096116
2026-02-14 14:47:40-03:00,2026-02-14 14:54:37-03:00,ChIJMzGlxw_NvJUR0UobwG_mK24,UNKNOWN,0 days 00:06:57,2026-02,5,True,"-34.7162°, -58.40728°",-34.7162,-58.40728
2026-02-14 15:02:40-03:00,2026-02-14 16:23:12-03:00,ChIJ82zSNSDNvJURrmVwXbm3KHI,Bares Lanusita,0 days 01:20:32,2026-02,5,True,"-34.7026415°, -58.3931525°",-34.7026415,-58.3931525
2026-02-14 16:25:14-03:00,2026-02-14 16:32:28-03:00,ChIJmV-47CHNvJURZk1RtKctYqw,Bares Lanusita,0 days 00:07:14,2026-02,5,True,"-34.7044504°, -58.3930741°",-34.7044504,-58.3930741
2026-02-14 16:51:11-03:00,2026-02-15 02:08:48-03:00,ChIJ6dAd_PDLvJUR4NXxyy9MXVY,UNKNOWN,0 days 09:17:37,2026-02,5,True,"-34.6704786°, -58.4559063°",-34.6704786,-58.4559063
2026-02-15 03:34:42-03:00,2026-02-15 18:24:19-03:00,ChIJn_zkHA_NvJUR7yILmZdoPHc,INFERRED_WORK,0 days 14:49:37,2026-02,6,True,"-34.7174026°, -58.4096116°",-34.7174026,-58.4096116
2026-02-16 03:05:18-03:00,2026-02-16 14:02:45-03:00,ChIJn_zkHA_NvJUR7yILmZdoPHc,INFERRED_WORK,0 days 10:57:27,2026-02,0,False,"-34.7174026°, -58.4096116°",-34.7174026,-58.4096116
2026-02-16 14:08:46-03:00,2026-02-16 16:50:26-03:00,ChIJa9k_n1rMvJURmFjEVhsJ6zE,Casa abuelos,0 days 02:41:40,2026-02,0,False,"-34.7000175°, -58.4272267°",-34.7000175,-58.4272267
2026-02-16 16:52:28-03:00,2026-02-16 17:03:43-03:00,ChIJ116O0VfNvJURonmGPMcXY74,Casa abuelos,0 days 00:11:15,2026-02,0,False,"-34.7017018°, -58.4254239°",-34.7017018,-58.4254239
2026-02-16 17:05:44-03:00,2026-02-16 18:19:14-03:00,ChIJa9k_n1rMvJURmFjEVhsJ6zE,Casa abuelos,0 days 01:13:30,2026-02,0,False,"-34.7000175°, -58.4272267°",-34.7000175,-58.4272267
2026-02-16 18:41:13-03:00,2026-02-16 20:33:26-03:00,ChIJT6u_JwDNvJURSnRvuEwVJ68,Bares Lanusita,0 days 01:52:13,2026-02,0,False,"-34.7005714°, -58.3931948°",-34.7005714,-58.3931948
2026-02-16 20:48:47-03:00,2026-02-17 09:57:48-03:00,ChIJn_zkHA_NvJUR7yILmZdoPHc,UNKNOWN,0 days 13:09:01,2026-02,0,False,"-34.7174026°, -58.4096116°",-34.7174026,-58.4096116
2026-02-17 10:08:11-03:00,2026-02-17 10:52:21-03:00,ChIJn_zkHA_NvJUR7yILmZdoPHc,UNKNOWN,0 days 00:44:10,2026-02,1,False,"-34.7174026°, -58.4096116°",-34.7174026,-58.4096116
2026-02-17 11:00:26-03:00,2026-02-17 11:05:25-03:00,ChIJ39J_P0bNvJURlfoGW4ksUyk,casa santi,0 days 00:04:59,2026-02,1,False,"-34.7214058°, -58.3845787°",-34.7214058,-58.3845787
2026-02-17 11:08:37-03:00,2026-02-17 11:20:46-03:00,ChIJr-wIIUrNvJURxIYbrN_Jhgw,UNKNOWN,0 days 00:12:09,2026-02,1,False,"-34.7171515°, -58.3770765°",-34.7171515,-58.3770765
2026-02-17 11:27:38-03:00,2026-02-17 11:33:45-03:00,ChIJOy1344nNvJUR1SaPyXctunE,Casa gonza,0 days 00:06:07,2026-02,1,False,"-34.7180299°, -58.3809668°",-34.7180299,-58.3809668
2026-02-17 11:38:50-03:00,2026-02-17 11:49:44-03:00,ChIJ39J_P0bNvJURlfoGW4ksUyk,casa santi,0 days 00:10:54,2026-02,1,False,"-34.7214058°, -58.3845787°",-34.7214058,-58.3845787
2026-02-17 11:57:02-03:00,2026-02-17 12:13:43-03:00,ChIJ5zQgH6oyo5UR1ZFL3oUlYgc,Casa pablo,0 days 00:16:41,2026-02,1,False,"-34.7314837°, -58.3661421°",-34.7314837,-58.3661421
2026-02-17 12:21:20-03:00,2026-02-17 12:30:44-03:00,ChIJZ9YYcFLNvJURnQ4puZeFxBg,UNKNOWN,0 days 00:09:24,2026-02,1,False,"-34.725766°, -58.3753961°",-34.725766,-58.3753961
2026-02-17 12:38:45-03:00,2026-02-17 20:01:11-03:00,ChIJ39J_P0bNvJURlfoGW4ksUyk,casa santi,0 days 07:22:26,2026-02,1,False,"-34.7214058°, -58.3845787°",-34.7214058,-58.3845787
2026-02-17 20:23:06-03:00,2026-02-17 20:31:38-03:00,ChIJ39J_P0bNvJURlfoGW4ksUyk,casa santi,0 days 00:08:32,2026-02,1,False,"-34.7214058°, -58.3845787°",-34.7214058,-58.3845787
2026-02-17 20:41:39-03:00,2026-02-18 12:41:24-03:00,ChIJn_zkHA_NvJUR7yILmZdoPHc,INFERRED_WORK,0 days 15:59:45,2026-02,1,False,"-34.7174026°, -58.4096116°",-34.7174026,-58.4096116
2026-02-18 12:45:15-03:00,2026-02-18 12:58:11-03:00,ChIJMzGlxw_NvJUR0UobwG_mK24,UNKNOWN,0 days 00:12:56,2026-02,2,False,"-34.7162°, -58.40728°",-34.7162,-58.40728
2026-02-18 13:46:36-03:00,2026-02-18 17:32:25-03:00,ChIJIxYSMMbKvJURqZGJyCpvOFM,Trabajo Teatro Colon,0 days 03:45:49,2026-02,2,False,"-34.601152°, -58.3833278°",-34.601152,-58.3833278
2026-02-18 17:45:51-03:00,2026-02-18 18:00:30-03:00,ChIJS3xrUQDLvJURe9s1sM8yrao,Trabajo ICBC,0 days 00:14:39,2026-02,2,False,"-34.6069979°, -58.3749959°",-34.6069979,-58.3749959
2026-02-18 18:58:25-03:00,2026-02-19 12:02:09-03:00,ChIJn_zkHA_NvJUR7yILmZdoPHc,UNKNOWN,0 days 17:03:44,2026-02,2,False,"-34.7174026°, -58.4096116°",-34.7174026,-58.4096116
2026-02-19 12:06:34-03:00,2026-02-19 12:14:49-03:00,ChIJrw867Q7NvJUR2_z7EyN-Qck,UNKNOWN,0 days 00:08:15,2026-02,3,False,"-34.7188036°, -58.4096209°",-34.7188036,-58.4096209
2026-02-19 12:18:04-03:00,2026-02-20 08:12:33-03:00,ChIJn_zkHA_NvJUR7yILmZdoPHc,INFERRED_WORK,0 days 19:54:29,2026-02,3,False,"-34.7174026°, -58.4096116°",-34.7174026,-58.4096116
2026-02-20 08:23:53-03:00,2026-02-20 09:02:06-03:00,ChIJCbWWvRjNvJUREHqhy2YdI-Q,Barberia,0 days 00:38:13,2026-02,4,False,"-34.7072332°, -58.3956118°",-34.7072332,-58.3956118
2026-02-20 09:11:56-03:00,2026-02-20 11:13:49-03:00,ChIJ5_qqHA_NvJURsYhmhKQxDh0,UNKNOWN,0 days 02:01:53,2026-02,4,False,"-34.7172171°, -58.4094893°",-34.7172171,-58.4094893
2026-02-20 12:10:36-03:00,2026-02-20 15:00:45-03:00,ChIJIxYSMMbKvJURqZGJyCpvOFM,Trabajo Teatro Colon,0 days 02:50:09,2026-02,4,False,"-34.601152°, -58.3833278°",-34.601152,-58.3833278
2026-02-20 15:30:48-03:00,2026-02-20 16:46:47-03:00,ChIJtccx9ae1vJUR28qcL4mS2f0,Aeroparque,0 days 01:15:59,2026-02,4,False,"-34.5590184°, -58.4156511°",-34.5590184,-58.4156511
2026-02-20 21:11:21-03:00,2026-02-20 21:33:05-03:00,ChIJGSMR2SNrRZQRMG8Zp8J880Y,UNKNOWN,0 days 00:21:44,2026-02,4,False,"-27.4583954°, -58.7678322°",-27.4583954,-58.7678322
2026-02-20 21:44:44-03:00,2026-02-21 01:49:28-03:00,ChIJM0CfZ7xqRZQROGpkU5LKyNs,UNKNOWN,0 days 04:04:44,2026-02,4,False,"-27.4465618°, -58.7517242°",-27.4465618,-58.7517242
2026-02-21 01:58:07-03:00,2026-02-21 10:33:31-03:00,ChIJGSMR2SNrRZQRMG8Zp8J880Y,UNKNOWN,0 days 08:35:24,2026-02,5,True,"-27.4583954°, -58.7678322°",-27.4583954,-58.7678322
2026-02-21 11:46:59-03:00,2026-02-21 12:33:05-03:00,ChIJjcVaW8bHT5QRyHeWKehEXds,UNKNOWN,0 days 00:46:06,2026-02,5,True,"-28.2452502°, -58.7046835°",-28.2452502,-58.7046835
2026-02-21 13:39:22-03:00,2026-02-21 16:20:36-03:00,ChIJBy45wgS7UZQRH_EKA2AUNWA,UNKNOWN,0 days 02:41:14,2026-02,5,True,"-28.3937922°, -57.8882273°",-28.3937922,-57.8882273
2026-02-21 20:53:33-03:00,2026-02-21 21:05:06-03:00,ChIJrfaeq3a6UZQR_ToXI8WBCRQ,UNKNOWN,0 days 00:11:33,2026-02,5,True,"-28.3909087°, -57.8877779°",-28.3909087,-57.8877779
2026-02-21 21:12:27-03:00,2026-02-22 06:19:46-03:00,ChIJBy45wgS7UZQRH_EKA2AUNWA,UNKNOWN,0 days 09:07:19,2026-02,5,True,"-28.3937922°, -57.8882273°",-28.3937922,-57.8882273
2026-02-22 10:41:07-03:00,2026-02-22 10:50:12-03:00,ChIJrfaeq3a6UZQR_ToXI8WBCRQ,UNKNOWN,0 days 00:09:05,2026-02,6,True,"-28.3909087°, -57.8877779°",-28.3909087,-57.8877779
2026-02-22 11:00:25-03:00,2026-02-22 18:39:23-03:00,ChIJBy45wgS7UZQRH_EKA2AUNWA,UNKNOWN,0 days 07:38:58,2026-02,6,True,"-28.3937922°, -57.8882273°",-28.3937922,-57.8882273
2026-02-22 19:31:39-03:00,2026-02-22 21:50:01-03:00,ChIJBy45wgS7UZQRH_EKA2AUNWA,UNKNOWN,0 days 02:18:22,2026-02,6,True,"-28.3937922°, -57.8882273°",-28.3937922,-57.8882273
2026-02-22 21:50:01-03:00,2026-02-22 23:46:37-03:00,ChIJl5HZ_du7UZQREE3xqHfviBo,UNKNOWN,0 days 01:56:36,2026-02,6,True,"-28.3938217°, -57.8866199°",-28.3938217,-57.8866199
2026-02-22 23:48:40-03:00,2026-02-23 09:06:10-03:00,ChIJBy45wgS7UZQRH_EKA2AUNWA,UNKNOWN,0 days 09:17:30,2026-02,6,True,"-28.3937922°, -57.8882273°",-28.3937922,-57.8882273
2026-02-23 09:28:38-03:00,2026-02-23 09:38:43-03:00,ChIJB0O3dEMzUJQROmFE0qRIYYY,UNKNOWN,0 days 00:10:05,2026-02,0,False,"-28.260441°, -58.111996°",-28.260441,-58.111996
2026-02-23 11:45:24-03:00,2026-02-23 13:23:55-03:00,ChIJP7DeQJFtRZQRcVWCmQ6lVvY,UNKNOWN,0 days 01:38:31,2026-02,0,False,"-27.4736668°, -58.850581°",-27.4736668,-58.850581
2026-02-23 11:45:24-03:00,2026-02-23 11:56:46-03:00,ChIJI_Jyb6VtRZQRHZlhue4qPAE,UNKNOWN,0 days 00:11:22,2026-02,0,False,"-27.4737339°, -58.8506199°",-27.4737339,-58.8506199
2026-02-23 12:01:03-03:00,2026-02-23 13:05:20-03:00,ChIJ2WXdMQBtRZQRPlHeIH8Mnvo,UNKNOWN,0 days 01:04:17,2026-02,0,False,"-27.4734083°, -58.8510481°",-27.4734083,-58.8510481
2026-02-23 13:08:46-03:00,2026-02-23 13:23:55-03:00,ChIJI_Jyb6VtRZQRHZlhue4qPAE,UNKNOWN,0 days 00:15:09,2026-02,0,False,"-27.4737339°, -58.8506199°",-27.4737339,-58.8506199
2026-02-23 14:02:15-03:00,2026-02-23 14:44:09-03:00,ChIJjeBfNsFsRZQRdhpxc2P8Ofw,UNKNOWN,0 days 00:41:54,2026-02,0,False,"-27.4735508°, -58.8561057°",-27.4735508,-58.8561057
2026-02-23 15:14:06-03:00,2026-02-23 15:23:24-03:00,ChIJNQmMSKcNRZQR5TJMRJK_0jk,UNKNOWN,0 days 00:09:18,2026-02,0,False,"-27.446692°, -58.977822°",-27.446692,-58.977822
2026-02-23 16:08:47-03:00,2026-02-23 17:34:05-03:00,ChIJ20u9j60NRZQRJQZvap4zmb8,UNKNOWN,0 days 01:25:18,2026-02,0,False,"-27.4320988°, -58.9637341°",-27.4320988,-58.9637341
2026-02-23 16:08:47-03:00,2026-02-23 17:34:05-03:00,ChIJQfT0ZjwNRZQRU2HBuBecbu4,UNKNOWN,0 days 01:25:18,2026-02,0,False,"-27.4310304°, -58.9628248°",-27.4310304,-58.9628248
2026-02-23 17:52:47-03:00,2026-02-23 19:20:46-03:00,ChIJGVYnErQLRZQRN_vavOeRx-E,UNKNOWN,0 days 01:27:59,2026-02,0,False,"-27.4448221°, -59.0485742°",-27.4448221,-59.0485742
2026-02-23 17:52:47-03:00,2026-02-23 19:20:46-03:00,ChIJ-c68bLcLRZQRR7zyJaFz5cI,UNKNOWN,0 days 01:27:59,2026-02,0,False,"-27.444504°, -59.0481472°",-27.444504,-59.0481472
2026-02-23 20:44:32-03:00,2026-02-23 21:10:57-03:00,ChIJtccx9ae1vJUR28qcL4mS2f0,Aeroparque,0 days 00:26:25,2026-02,0,False,"-34.5590184°, -58.4156511°",-34.5590184,-58.4156511
2026-02-23 22:29:12-03:00,2026-02-24 08:03:20-03:00,ChIJ5_qqHA_NvJURsYhmhKQxDh0,UNKNOWN,0 days 09:34:08,2026-02,0,False,"-34.7172171°, -58.4094893°",-34.7172171,-58.4094893
2026-02-24 08:46:06-03:00,2026-02-24 08:56:45-03:00,ChIJGWHOk4S3vJURJNFkgcR4q7w,UNKNOWN,0 days 00:10:39,2026-02,1,False,"-34.5904349°, -58.5448917°",-34.5904349,-58.5448917
2026-02-24 09:19:40-03:00,2026-02-24 10:13:00-03:00,ChIJPbtP4lfKvJURDPKYCQYlUnw,WORK,0 days 00:53:20,2026-02,1,False,"-34.5436434°, -58.5172221°",-34.5436434,-58.5172221
2026-02-24 10:16:56-03:00,2026-02-24 10:22:58-03:00,ChIJjzAq8C23vJURnZZ-G70FHf4,UNKNOWN,0 days 00:06:02,2026-02,1,False,"-34.54142°, -58.51943°",-34.54142,-58.51943
2026-02-24 11:08:51-03:00,2026-02-24 12:30:22-03:00,ChIJmTZoHrw0o5URBlauEuPiJK8,UNKNOWN,0 days 01:21:31,2026-02,1,False,"-34.6345428°, -58.353458°",-34.6345428,-58.353458
2026-02-24 13:02:01-03:00,2026-02-24 15:15:14-03:00,ChIJIxYSMMbKvJURqZGJyCpvOFM,Trabajo Teatro Colon,0 days 02:13:13,2026-02,1,False,"-34.601152°, -58.3833278°",-34.601152,-58.3833278
2026-02-24 15:26:42-03:00,2026-02-24 16:17:57-03:00,ChIJ1WvoxM3KvJURaJFpWZzt2gM,SEARCHED_ADDRESS,0 days 00:51:15,2026-02,1,False,"-34.6043224°, -58.3765857°",-34.6043224,-58.3765857
2026-02-24 16:31:27-03:00,2026-02-24 17:08:16-03:00,ChIJIxYSMMbKvJURqZGJyCpvOFM,Trabajo Teatro Colon,0 days 00:36:49,2026-02,1,False,"-34.601152°, -58.3833278°",-34.601152,-58.3833278
2026-02-24 18:10:15-03:00,2026-02-24 18:36:23-03:00,ChIJ5zQgH6oyo5UR1ZFL3oUlYgc,Casa pablo,0 days 00:26:08,2026-02,1,False,"-34.7314837°, -58.3661421°",-34.7314837,-58.3661421
2026-02-24 18:52:31-03:00,2026-02-24 22:08:18-03:00,ChIJiaxCaw7NvJURWGaM-OWByxk,INFERRED_HOME,0 days 03:15:47,2026-02,1,False,"-34.7184741°, -58.4074368°",-34.7184741,-58.4074368
2026-02-24 22:45:40-03:00,2026-02-24 22:55:55-03:00,ChIJPbtP4lfKvJURDPKYCQYlUnw,WORK,0 days 00:10:15,2026-02,1,False,"-34.5436434°, -58.5172221°",-34.5436434,-58.5172221
2026-02-24 23:26:53-03:00,2026-02-24 23:50:34-03:00,ChIJmTZoHrw0o5URBlauEuPiJK8,UNKNOWN,0 days 00:23:41,2026-02,1,False,"-34.6345428°, -58.353458°",-34.6345428,-58.353458
2026-02-25 00:18:21-03:00,2026-02-25 13:48:17-03:00,ChIJiaxCaw7NvJURWGaM-OWByxk,INFERRED_HOME,0 days 13:29:56,2026-02,2,False,"-34.7184741°, -58.4074368°",-34.7184741,-58.4074368
2026-02-25 14:19:20-03:00,2026-02-25 15:36:49-03:00,ChIJO5OvTjDLvJURn--oIpRP89Q,UNKNOWN,0 days 01:17:29,2026-02,2,False,"-34.6283037°, -58.3805292°",-34.6283037,-58.3805292
2026-02-25 15:48:46-03:00,2026-02-25 16:47:29-03:00,ChIJIxYSMMbKvJURqZGJyCpvOFM,Trabajo Teatro Colon,0 days 00:58:43,2026-02,2,False,"-34.601152°, -58.3833278°",-34.601152,-58.3833278
2026-02-25 17:56:53-03:00,2026-02-25 19:06:07-03:00,ChIJiaxCaw7NvJURWGaM-OWByxk,INFERRED_HOME,0 days 01:09:14,2026-02,2,False,"-34.7184741°, -58.4074368°",-34.7184741,-58.4074368
2026-02-25 19:18:37-03:00,2026-02-25 21:38:15-03:00,ChIJOTzvv8TMvJURKA_JCMHSIdM,UNKNOWN,0 days 02:19:38,2026-02,2,False,"-34.6876288°, -58.387384°",-34.6876288,-58.387384
2026-02-25 21:52:52-03:00,2026-02-26 11:26:31-03:00,ChIJiaxCaw7NvJURWGaM-OWByxk,INFERRED_HOME,0 days 13:33:39,2026-02,2,False,"-34.7184741°, -58.4074368°",-34.7184741,-58.4074368
2026-02-26 11:37:28-03:00,2026-02-26 11:47:33-03:00,ChIJky2qn9_MvJURo6Pc29GfW8M,UNKNOWN,0 days 00:10:05,2026-02,3,False,"-34.69864°, -58.39189°",-34.69864,-58.39189
2026-02-26 12:23:58-03:00,2026-02-26 15:46:18-03:00,ChIJozcskDQ1o5UR5Oc85yFQ8lE,Trabajo BBVA,0 days 03:22:20,2026-02,3,False,"-34.5975104°, -58.3700036°",-34.5975104,-58.3700036
2026-02-26 15:54:58-03:00,2026-02-26 16:51:18-03:00,ChIJIxYSMMbKvJURqZGJyCpvOFM,Trabajo Teatro Colon,0 days 00:56:20,2026-02,3,False,"-34.601152°, -58.3833278°",-34.601152,-58.3833278
2026-02-26 18:00:55-03:00,2026-02-26 18:07:51-03:00,ChIJ5zQgH6oyo5UR1ZFL3oUlYgc,Casa pablo,0 days 00:06:56,2026-02,3,False,"-34.7314837°, -58.3661421°",-34.7314837,-58.3661421
2026-02-26 18:16:17-03:00,2026-02-26 19:05:56-03:00,ChIJDVgYgkbNvJURwz4PTodt19o,UNKNOWN,0 days 00:49:39,2026-02,3,False,"-34.7231722°, -58.3863791°",-34.7231722,-58.3863791
2026-02-26 19:15:18-03:00,2026-02-26 21:22:02-03:00,ChIJiaxCaw7NvJURWGaM-OWByxk,INFERRED_WORK,0 days 02:06:44,2026-02,3,False,"-34.7184741°, -58.4074368°",-34.7184741,-58.4074368
2026-02-26 21:38:43-03:00,2026-02-26 23:52:59-03:00,ChIJt6mvqZrMvJURwEflIsBKbSQ,Casa madre,0 days 02:14:16,2026-02,3,False,"-34.673936°, -58.4054231°",-34.673936,-58.4054231
2026-02-27 00:15:39-03:00,2026-02-27 10:15:00-03:00,ChIJiaxCaw7NvJURWGaM-OWByxk,INFERRED_HOME,0 days 09:59:21,2026-02,4,False,"-34.7184741°, -58.4074368°",-34.7184741,-58.4074368
2026-02-27 10:56:39-03:00,2026-02-27 11:39:23-03:00,ChIJPbtP4lfKvJURDPKYCQYlUnw,WORK,0 days 00:42:44,2026-02,4,False,"-34.5436434°, -58.5172221°",-34.5436434,-58.5172221
2026-02-27 11:45:36-03:00,2026-02-27 12:13:49-03:00,ChIJbY5O7NW2vJURePH7iNTLxqo,UNKNOWN,0 days 00:28:13,2026-02,4,False,"-34.538039°, -58.507866°",-34.538039,-58.507866
2026-02-27 12:32:14-03:00,2026-02-27 13:02:32-03:00,ChIJtQq4O3-3vJURR_aFdNPrJnI,UNKNOWN,0 days 00:30:18,2026-02,4,False,"-34.5464077°, -58.5159358°",-34.5464077,-58.5159358
2026-02-27 13:30:25-03:00,2026-02-27 15:41:50-03:00,ChIJIxYSMMbKvJURqZGJyCpvOFM,Trabajo Teatro Colon,0 days 02:11:25,2026-02,4,False,"-34.601152°, -58.3833278°",-34.601152,-58.3833278
2026-02-27 16:38:09-03:00,2026-02-27 18:00:54-03:00,ChIJc76vqlrMvJUR2rFJ_9-mceM,Casa abuelos,0 days 01:22:45,2026-02,4,False,"-34.70057°, -58.42861°",-34.70057,-58.42861
2026-02-27 18:08:53-03:00,2026-02-27 18:59:20-03:00,ChIJiaxCaw7NvJURWGaM-OWByxk,INFERRED_HOME,0 days 00:50:27,2026-02,4,False,"-34.7184741°, -58.4074368°",-34.7184741,-58.4074368
2026-02-27 19:11:43-03:00,2026-02-27 20:29:08-03:00,ChIJOTzvv8TMvJURKA_JCMHSIdM,UNKNOWN,0 days 01:17:25,2026-02,4,False,"-34.6876288°, -58.387384°",-34.6876288,-58.387384
2026-02-27 20:43:49-03:00,2026-02-28 11:08:41-03:00,ChIJn_zkHA_NvJUR7yILmZdoPHc,INFERRED_HOME,0 days 14:24:52,2026-02,4,False,"-34.7174026°, -58.4096116°",-34.7174026,-58.4096116
2026-02-28 11:16:07-03:00,2026-02-28 12:34:04-03:00,ChIJD8SQF5DNvJURNtxm8W6eG0I,Barberia,0 days 01:17:57,2026-02,5,True,"-34.7072503°, -58.3956021°",-34.7072503,-58.3956021
2026-02-28 12:34:04-03:00,2026-02-28 12:38:54-03:00,ChIJYc68NxnNvJURuQk-5IKsvGU,UNKNOWN,0 days 00:04:50,2026-02,5,True,"-34.7082142°, -58.3960578°",-34.7082142,-58.3960578
2026-02-28 12:56:49-03:00,2026-02-28 13:04:31-03:00,ChIJBZiI81DMvJUR7g6IHqjwaI4,Casa abuelos,0 days 00:07:42,2026-02,5,True,"-34.7012064°, -58.4255272°",-34.7012064,-58.4255272
2026-02-28 13:07:56-03:00,2026-02-28 18:02:18-03:00,ChIJ07U9l1rMvJUR45T1QwpzrYI,Casa abuelos,0 days 04:54:22,2026-02,5,True,"-34.6994748°, -58.4270458°",-34.6994748,-58.4270458
2026-02-28 18:09:46-03:00,2026-02-28 20:03:12-03:00,ChIJn_zkHA_NvJUR7yILmZdoPHc,INFERRED_HOME,0 days 01:53:26,2026-02,5,True,"-34.7174026°, -58.4096116°",-34.7174026,-58.4096116
2026-02-28 20:07:52-03:00,2026-02-28 20:14:54-03:00,ChIJfaTsoBfNvJURz6hScz-h-3U,UNKNOWN,0 days 00:07:02,2026-02,5,True,"-34.7129023°, -58.3972906°",-34.7129023,-58.3972906
2026-02-28 20:24:58-03:00,2026-02-28 20:54:53-03:00,ChIJOy1344nNvJUR1SaPyXctunE,Casa gonza,0 days 00:29:55,2026-02,5,True,"-34.7180299°, -58.3809668°",-34.7180299,-58.3809668
2026-02-28 21:01:49-03:00,2026-03-01 01:35:21-03:00,ChIJ5zQgH6oyo5UR1ZFL3oUlYgc,Casa pablo,0 days 04:33:32,2026-02,5,True,"-34.7314837°, -58.3661421°",-34.7314837,-58.3661421
2026-03-01 01:55:17-03:00,2026-03-01 12:21:47-03:00,ChIJiaxCaw7NvJURWGaM-OWByxk,INFERRED_WORK,0 days 10:26:30,2026-03,6,True,"-34.7184741°, -58.4074368°",-34.7184741,-58.4074368
2026-03-01 12:43:11-03:00,2026-03-01 12:51:16-03:00,ChIJt6mvqZrMvJURwEflIsBKbSQ,Casa madre,0 days 00:08:05,2026-03,6,True,"-34.673936°, -58.4054231°",-34.673936,-58.4054231
2026-03-01 13:46:33-03:00,2026-03-01 19:02:28-03:00,ChIJKwaR9Hm9vJURCx3t9sueVmE,UNKNOWN,0 days 05:15:55,2026-03,6,True,"-34.5517741°, -58.727227°",-34.5517741,-58.727227
2026-03-01 20:48:32-03:00,2026-03-02 09:09:20-03:00,ChIJ5_qqHA_NvJURsYhmhKQxDh0,UNKNOWN,0 days 12:20:48,2026-03,6,True,"-34.7172171°, -58.4094893°",-34.7172171,-58.4094893
2026-03-02 09:15:51-03:00,2026-03-02 09:21:30-03:00,ChIJ_0dbh5_NvJURftrUM5wsqpg,UNKNOWN,0 days 00:05:39,2026-03,0,False,"-34.7280182°, -58.4197566°",-34.7280182,-58.4197566
2026-03-02 10:00:53-03:00,2026-03-02 10:51:45-03:00,ChIJPbtP4lfKvJURDPKYCQYlUnw,WORK,0 days 00:50:52,2026-03,0,False,"-34.5436434°, -58.5172221°",-34.5436434,-58.5172221
2026-03-02 12:09:26-03:00,2026-03-02 12:52:24-03:00,ChIJIxYSMMbKvJURqZGJyCpvOFM,Trabajo Teatro Colon,0 days 00:42:58,2026-03,0,False,"-34.6011075°, -58.3833057°",-34.6011075,-58.3833057
2026-03-02 13:02:09-03:00,2026-03-02 13:37:14-03:00,ChIJS3xrUQDLvJURe9s1sM8yrao,Trabajo ICBC,0 days 00:35:05,2026-03,0,False,"-34.6069979°, -58.3749959°",-34.6069979,-58.3749959
2026-03-02 13:39:30-03:00,2026-03-02 14:37:02-03:00,ChIJWwNBpdLKvJUR0nZKx5c7nq4,Trabajo Galicia,0 days 00:57:32,2026-03,0,False,"-34.6054579°, -58.3724473°",-34.6054579,-58.3724473
2026-03-02 13:39:30-03:00,2026-03-02 14:29:39-03:00,ChIJPaop8M3KvJURbpDWE-rnX6c,Trabajo Galicia,0 days 00:50:09,2026-03,0,False,"-34.6058223°, -58.3726811°",-34.6058223,-58.3726811
2026-03-02 15:00:35-03:00,2026-03-02 17:08:19-03:00,ChIJIxYSMMbKvJURqZGJyCpvOFM,Trabajo Teatro Colon,0 days 02:07:44,2026-03,0,False,"-34.6011075°, -58.3833057°",-34.6011075,-58.3833057
2026-03-02 18:11:07-03:00,2026-03-02 20:03:36-03:00,ChIJ5_qqHA_NvJURsYhmhKQxDh0,UNKNOWN,0 days 01:52:29,2026-03,0,False,"-34.7172171°, -58.4094893°",-34.7172171,-58.4094893
2026-03-02 20:27:55-03:00,2026-03-02 20:53:07-03:00,ChIJOTzvv8TMvJURKA_JCMHSIdM,UNKNOWN,0 days 00:25:12,2026-03,0,False,"-34.6876288°, -58.387384°",-34.6876288,-58.387384
2026-03-02 21:03:08-03:00,2026-03-02 21:06:05-03:00,ChIJiQDEBCPNvJUR1iaRPp6sr38,UNKNOWN,0 days 00:02:57,2026-03,0,False,"-34.7075567°, -58.3908743°",-34.7075567,-58.3908743
2026-03-02 21:16:00-03:00,2026-03-03 13:14:39-03:00,ChIJ5_qqHA_NvJURsYhmhKQxDh0,UNKNOWN,0 days 15:58:39,2026-03,0,False,"-34.7172171°, -58.4094893°",-34.7172171,-58.4094893
2026-03-03 13:17:14-03:00,2026-03-03 13:27:58-03:00,ChIJMzGlxw_NvJUR0UobwG_mK24,UNKNOWN,0 days 00:10:44,2026-03,1,False,"-34.7162°, -58.40728°",-34.7162,-58.40728
2026-03-03 14:11:48-03:00,2026-03-03 14:39:27-03:00,ChIJw3WzxWo1o5URJcgq_cDiz1w,Trabajo Santander,0 days 00:27:39,2026-03,1,False,"-34.6238922°, -58.3673348°",-34.6238922,-58.3673348
2026-03-03 14:11:48-03:00,2026-03-03 14:39:27-03:00,ChIJS8u27s00o5UR9dtpsV0MFkM,Trabajo Santander,0 days 00:27:39,2026-03,1,False,"-34.6238941°, -58.367137°",-34.6238941,-58.367137
2026-03-03 14:48:14-03:00,2026-03-03 16:00:57-03:00,ChIJXx79V9vKvJURS2GosE58c8w,UNKNOWN,0 days 01:12:43,2026-03,1,False,"-34.6083667°, -58.3722832°",-34.6083667,-58.3722832
2026-03-03 16:22:08-03:00,2026-03-03 18:11:34-03:00,ChIJR1tvl5DKvJURCNrXrDI6zC4,UNKNOWN,0 days 01:49:26,2026-03,1,False,"-34.5941066°, -58.4020485°",-34.5941066,-58.4020485
2026-03-03 19:10:04-03:00,2026-03-04 10:26:17-03:00,ChIJ5_qqHA_NvJURsYhmhKQxDh0,UNKNOWN,0 days 15:16:13,2026-03,1,False,"-34.7172171°, -58.4094893°",-34.7172171,-58.4094893
2026-03-04 10:55:12-03:00,2026-03-04 11:10:41-03:00,ChIJIxYSMMbKvJURqZGJyCpvOFM,Trabajo Teatro Colon,0 days 00:15:29,2026-03,2,False,"-34.6011075°, -58.3833057°",-34.6011075,-58.3833057
2026-03-04 11:21:57-03:00,2026-03-04 13:29:57-03:00,ChIJO5OvTjDLvJURn--oIpRP89Q,UNKNOWN,0 days 02:08:00,2026-03,2,False,"-34.6283037°, -58.3805292°",-34.6283037,-58.3805292
2026-03-04 13:56:27-03:00,2026-03-04 17:35:35-03:00,ChIJIxYSMMbKvJURqZGJyCpvOFM,Trabajo Teatro Colon,0 days 03:39:08,2026-03,2,False,"-34.6011075°, -58.3833057°",-34.6011075,-58.3833057
2026-03-04 17:55:08-03:00,2026-03-04 20:26:15-03:00,ChIJAQWetIe1vJUR_QAEDotH-DU,UNKNOWN,0 days 02:31:07,2026-03,2,False,"-34.5881363°, -58.4268587°",-34.5881363,-58.4268587
2026-03-04 20:37:01-03:00,2026-03-04 22:15:08-03:00,ChIJzQQ31oa1vJURRaQBopNIhUU,UNKNOWN,0 days 01:38:07,2026-03,2,False,"-34.5870255°, -58.4233808°",-34.5870255,-58.4233808
2026-03-04 22:18:41-03:00,2026-03-04 22:30:57-03:00,ChIJAQWetIe1vJUR_QAEDotH-DU,UNKNOWN,0 days 00:12:16,2026-03,2,False,"-34.5881363°, -58.4268587°",-34.5881363,-58.4268587
2026-03-04 23:09:42-03:00,2026-03-05 08:31:45-03:00,ChIJ5_qqHA_NvJURsYhmhKQxDh0,UNKNOWN,0 days 09:22:03,2026-03,2,False,"-34.7172171°, -58.4094893°",-34.7172171,-58.4094893
2026-03-05 09:57:46-03:00,2026-03-05 11:19:14-03:00,ChIJXx79V9vKvJURS2GosE58c8w,UNKNOWN,0 days 01:21:28,2026-03,3,False,"-34.6083667°, -58.3722832°",-34.6083667,-58.3722832
2026-03-05 11:30:02-03:00,2026-03-05 12:48:21-03:00,ChIJ6xYokMvKvJURSVdhnYwPp7s,UNKNOWN,0 days 01:18:19,2026-03,3,False,"-34.6000555°, -58.3754498°",-34.6000555,-58.3754498
2026-03-05 12:58:34-03:00,2026-03-05 13:19:18-03:00,ChIJH5qger_KvJURGG0fnQ_e1pM,UNKNOWN,0 days 00:20:44,2026-03,3,False,"-34.5997458°, -58.390965°",-34.5997458,-58.390965
2026-03-05 13:35:17-03:00,2026-03-05 14:15:30-03:00,ChIJIxYSMMbKvJURqZGJyCpvOFM,Trabajo Teatro Colon,0 days 00:40:13,2026-03,3,False,"-34.6011075°, -58.3833057°",-34.6011075,-58.3833057
2026-03-05 14:35:11-03:00,2026-03-05 15:33:39-03:00,ChIJXx79V9vKvJURS2GosE58c8w,UNKNOWN,0 days 00:58:28,2026-03,3,False,"-34.6083667°, -58.3722832°",-34.6083667,-58.3722832
2026-03-05 15:37:40-03:00,2026-03-05 15:48:24-03:00,ChIJJ2OUhDI1o5URg69hsFo_MgE,UNKNOWN,0 days 00:10:44,2026-03,3,False,"-34.6035818°, -58.3694925°",-34.6035818,-58.3694925
2026-03-05 15:56:26-03:00,2026-03-05 17:27:03-03:00,ChIJozcskDQ1o5UR5Oc85yFQ8lE,Trabajo BBVA,0 days 01:30:37,2026-03,3,False,"-34.5975104°, -58.3700036°",-34.5975104,-58.3700036
2026-03-05 17:32:56-03:00,2026-03-05 17:39:17-03:00,ChIJ2WVuqLPKvJURSMIERHR62l0,UNKNOWN,0 days 00:06:21,2026-03,3,False,"-34.5893615°, -58.3731595°",-34.5893615,-58.3731595
2026-03-05 18:55:59-03:00,2026-03-06 10:22:42-03:00,ChIJ5_qqHA_NvJURsYhmhKQxDh0,UNKNOWN,0 days 15:26:43,2026-03,3,False,"-34.7172171°, -58.4094893°",-34.7172171,-58.4094893
2026-03-06 11:03:29-03:00,2026-03-06 11:11:53-03:00,ChIJO5OvTjDLvJURn--oIpRP89Q,UNKNOWN,0 days 00:08:24,2026-03,4,False,"-34.6283037°, -58.3805292°",-34.6283037,-58.3805292
2026-03-06 11:19:54-03:00,2026-03-06 12:07:40-03:00,ChIJw3WzxWo1o5URJcgq_cDiz1w,Trabajo Santander,0 days 00:47:46,2026-03,4,False,"-34.6238922°, -58.3673348°",-34.6238922,-58.3673348
2026-03-06 11:19:54-03:00,2026-03-06 12:07:40-03:00,ChIJS8u27s00o5UR9dtpsV0MFkM,Trabajo Santander,0 days 00:47:46,2026-03,4,False,"-34.6238941°, -58.367137°",-34.6238941,-58.367137
2026-03-06 12:14:53-03:00,2026-03-06 15:12:16-03:00,ChIJXx79V9vKvJURS2GosE58c8w,UNKNOWN,0 days 02:57:23,2026-03,4,False,"-34.6083667°, -58.3722832°",-34.6083667,-58.3722832
2026-03-06 15:27:43-03:00,2026-03-06 15:53:42-03:00,ChIJlWIqu8zKvJURz40NYbdKDHo,UNKNOWN,0 days 00:25:59,2026-03,4,False,"-34.6005322°, -58.371004°",-34.6005322,-58.371004
2026-03-06 16:06:20-03:00,2026-03-06 18:11:27-03:00,ChIJuZ28VzU1o5UR3yrH7JyU3FM,Trabajo Macro,0 days 02:05:07,2026-03,4,False,"-34.5940986°, -58.3717793°",-34.5940986,-58.3717793
2026-03-06 18:57:28-03:00,2026-03-07 11:17:20-03:00,ChIJ5_qqHA_NvJURsYhmhKQxDh0,UNKNOWN,0 days 16:19:52,2026-03,4,False,"-34.7172171°, -58.4094893°",-34.7172171,-58.4094893
2026-03-07 11:21:49-03:00,2026-03-07 12:41:41-03:00,ChIJCbWWvRjNvJUREHqhy2YdI-Q,Barberia,0 days 01:19:52,2026-03,5,True,"-34.7072332°, -58.3956118°",-34.7072332,-58.3956118
2026-03-07 12:50:15-03:00,2026-03-07 13:19:25-03:00,ChIJB7rt0CnLvJUR7-LaPUwZjbo,UNKNOWN,0 days 00:29:10,2026-03,5,True,"-34.7365259°, -58.3979022°",-34.7365259,-58.3979022
2026-03-07 13:36:56-03:00,2026-03-07 17:47:32-03:00,ChIJ07U9l1rMvJUR45T1QwpzrYI,Casa abuelos,0 days 04:10:36,2026-03,5,True,"-34.6994748°, -58.4270458°",-34.6994748,-58.4270458
2026-03-07 17:54:14-03:00,2026-03-07 19:46:15-03:00,ChIJ5_qqHA_NvJURsYhmhKQxDh0,UNKNOWN,0 days 01:52:01,2026-03,5,True,"-34.7172171°, -58.4094893°",-34.7172171,-58.4094893
2026-03-07 20:28:59-03:00,2026-03-07 21:11:10-03:00,ChIJIxYSMMbKvJURqZGJyCpvOFM,Trabajo Teatro Colon,0 days 00:42:11,2026-03,5,True,"-34.6011075°, -58.3833057°",-34.6011075,-58.3833057
2026-03-07 21:33:21-03:00,2026-03-08 02:53:26-03:00,ChIJlZhJERPKvJURYn4VfkUmKKw,Casa ema,0 days 05:20:05,2026-03,5,True,"-34.6082304°, -58.4419707°",-34.6082304,-58.4419707
2026-03-08 03:23:58-03:00,2026-03-08 11:02:23-03:00,ChIJ5_qqHA_NvJURsYhmhKQxDh0,UNKNOWN,0 days 07:38:25,2026-03,6,True,"-34.7172171°, -58.4094893°",-34.7172171,-58.4094893
2026-03-08 11:15:15-03:00,2026-03-08 13:17:30-03:00,ChIJR2bHGKzSvJURQQxi9BnYwlQ,UNKNOWN,0 days 02:02:15,2026-03,6,True,"-34.7416884°, -58.3769931°",-34.7416884,-58.3769931
2026-03-08 13:28:55-03:00,2026-03-09 09:50:51-03:00,ChIJ5_qqHA_NvJURsYhmhKQxDh0,UNKNOWN,0 days 20:21:56,2026-03,6,True,"-34.7172171°, -58.4094893°",-34.7172171,-58.4094893
2026-03-09 11:24:42-03:00,2026-03-09 13:12:46-03:00,ChIJuZ28VzU1o5UR3yrH7JyU3FM,Trabajo Macro,0 days 01:48:04,2026-03,0,False,"-34.5940986°, -58.3717793°",-34.5940986,-58.3717793
2026-03-09 13:31:14-03:00,2026-03-09 15:14:37-03:00,ChIJAfunx8zKvJURgwwHIg4DZ_g,UNKNOWN,0 days 01:43:23,2026-03,0,False,"-34.6011493°, -58.3727343°",-34.6011493,-58.3727343
2026-03-09 13:31:14-03:00,2026-03-09 15:09:40-03:00,ChIJQbZ1H5qwvJURgNaGb88e65M,UNKNOWN,0 days 01:38:26,2026-03,0,False,"-34.6010743°, -58.3726472°",-34.6010743,-58.3726472
2026-03-09 15:34:45-03:00,2026-03-09 15:41:17-03:00,ChIJ2WVuqLPKvJURSMIERHR62l0,UNKNOWN,0 days 00:06:32,2026-03,0,False,"-34.5893615°, -58.3731595°",-34.5893615,-58.3731595
2026-03-09 16:51:34-03:00,2026-03-10 10:08:35-03:00,ChIJ5_qqHA_NvJURsYhmhKQxDh0,UNKNOWN,0 days 17:17:01,2026-03,0,False,"-34.7172171°, -58.4094893°",-34.7172171,-58.4094893
2026-03-10 10:11:46-03:00,2026-03-10 10:23:02-03:00,ChIJMzGlxw_NvJUR0UobwG_mK24,UNKNOWN,0 days 00:11:16,2026-03,1,False,"-34.7162°, -58.40728°",-34.7162,-58.40728
2026-03-10 11:25:33-03:00,2026-03-10 12:27:41-03:00,ChIJ6xYokMvKvJURSVdhnYwPp7s,UNKNOWN,0 days 01:02:08,2026-03,1,False,"-34.6000555°, -58.3754498°",-34.6000555,-58.3754498
2026-03-10 12:33:22-03:00,2026-03-10 12:48:56-03:00,ChIJ-YHoIiDLvJURupaMEGDPQQY,UNKNOWN,0 days 00:15:34,2026-03,1,False,"-34.6007223°, -58.3809999°",-34.6007223,-58.3809999
2026-03-10 12:58:54-03:00,2026-03-10 16:45:54-03:00,ChIJIxYSMMbKvJURqZGJyCpvOFM,Trabajo Teatro Colon,0 days 03:47:00,2026-03,1,False,"-34.6011075°, -58.3833057°",-34.6011075,-58.3833057
2026-03-10 17:54:21-03:00,2026-03-11 09:32:28-03:00,ChIJ5_qqHA_NvJURsYhmhKQxDh0,UNKNOWN,0 days 15:38:07,2026-03,1,False,"-34.7172171°, -58.4094893°",-34.7172171,-58.4094893
2026-03-11 09:33:53-03:00,2026-03-11 09:41:43-03:00,ChIJMzGlxw_NvJUR0UobwG_mK24,UNKNOWN,0 days 00:07:50,2026-03,2,False,"-34.7162°, -58.40728°",-34.7162,-58.40728
2026-03-11 10:47:26-03:00,2026-03-11 14:19:54-03:00,ChIJWwNBpdLKvJUR0nZKx5c7nq4,Trabajo Galicia,0 days 03:32:28,2026-03,2,False,"-34.6054579°, -58.3724473°",-34.6054579,-58.3724473
2026-03-11 10:47:26-03:00,2026-03-11 14:13:59-03:00,ChIJPaop8M3KvJURbpDWE-rnX6c,Trabajo Galicia,0 days 03:26:33,2026-03,2,False,"-34.6058223°, -58.3726811°",-34.6058223,-58.3726811
2026-03-11 14:27:09-03:00,2026-03-11 14:55:25-03:00,ChIJlWIqu8zKvJURz40NYbdKDHo,UNKNOWN,0 days 00:28:16,2026-03,2,False,"-34.6005322°, -58.371004°",-34.6005322,-58.371004
2026-03-11 15:08:11-03:00,2026-03-11 15:33:53-03:00,ChIJI-jcuc7KvJURujiwv9B1Rl0,UNKNOWN,0 days 00:25:42,2026-03,2,False,"-34.602532°, -58.3789245°",-34.602532,-58.3789245
2026-03-11 15:08:11-03:00,2026-03-11 15:33:53-03:00,ChIJt1qvkDHLvJUR48_3YrxFZug,UNKNOWN,0 days 00:25:42,2026-03,2,False,"-34.6024729°, -58.37883°",-34.6024729,-58.37883
2026-03-11 16:58:24-03:00,2026-03-11 17:03:52-03:00,ChIJ5_qqHA_NvJURsYhmhKQxDh0,UNKNOWN,0 days 00:05:28,2026-03,2,False,"-34.7172171°, -58.4094893°",-34.7172171,-58.4094893
2026-03-11 17:32:40-03:00,2026-03-11 18:49:37-03:00,ChIJIxYSMMbKvJURqZGJyCpvOFM,Trabajo Teatro Colon,0 days 01:16:57,2026-03,2,False,"-34.6011075°, -58.3833057°",-34.6011075,-58.3833057
2026-03-11 18:49:37-03:00,2026-03-11 19:04:42-03:00,ChIJ6UjPU8_KvJURyYTBMLdCCUw,UNKNOWN,0 days 00:15:05,2026-03,2,False,"-34.6029969°, -58.382605°",-34.6029969,-58.382605
2026-03-11 19:28:41-03:00,2026-03-12 10:01:38-03:00,ChIJ5_qqHA_NvJURsYhmhKQxDh0,UNKNOWN,0 days 14:32:57,2026-03,2,False,"-34.7172171°, -58.4094893°",-34.7172171,-58.4094893
2026-03-12 11:08:37-03:00,2026-03-12 12:10:14-03:00,ChIJ6xYokMvKvJURSVdhnYwPp7s,UNKNOWN,0 days 01:01:37,2026-03,3,False,"-34.6000555°, -58.3754498°",-34.6000555,-58.3754498
2026-03-12 12:29:37-03:00,2026-03-12 14:02:25-03:00,ChIJw3WzxWo1o5URJcgq_cDiz1w,Trabajo Santander,0 days 01:32:48,2026-03,3,False,"-34.6238922°, -58.3673348°",-34.6238922,-58.3673348
2026-03-12 12:29:37-03:00,2026-03-12 14:02:25-03:00,ChIJS8u27s00o5UR9dtpsV0MFkM,Trabajo Santander,0 days 01:32:48,2026-03,3,False,"-34.6238941°, -58.367137°",-34.6238941,-58.367137
2026-03-12 14:32:34-03:00,2026-03-12 16:25:22-03:00,ChIJIxYSMMbKvJURqZGJyCpvOFM,Trabajo Teatro Colon,0 days 01:52:48,2026-03,3,False,"-34.6011075°, -58.3833057°",-34.6011075,-58.3833057
2026-03-12 17:26:55-03:00,2026-03-13 08:56:52-03:00,ChIJ5_qqHA_NvJURsYhmhKQxDh0,UNKNOWN,0 days 15:29:57,2026-03,3,False,"-34.7172171°, -58.4094893°",-34.7172171,-58.4094893
2026-03-13 09:01:02-03:00,2026-03-13 09:18:30-03:00,ChIJ1eopyATNvJURR3EXZh_3qPM,UNKNOWN,0 days 00:17:28,2026-03,4,False,"-34.710169°, -58.4071118°",-34.710169,-58.4071118
2026-03-13 09:39:16-03:00,2026-03-13 13:07:09-03:00,ChIJw3WzxWo1o5URJcgq_cDiz1w,Trabajo Santander,0 days 03:27:53,2026-03,4,False,"-34.6238922°, -58.3673348°",-34.6238922,-58.3673348
2026-03-13 09:39:16-03:00,2026-03-13 13:07:09-03:00,ChIJS8u27s00o5UR9dtpsV0MFkM,Trabajo Santander,0 days 03:27:53,2026-03,4,False,"-34.6238941°, -58.367137°",-34.6238941,-58.367137
2026-03-13 13:11:16-03:00,2026-03-13 14:15:02-03:00,ChIJnXrVuzLLvJURqh0sjCdT94I,UNKNOWN,0 days 01:03:46,2026-03,4,False,"-34.6257016°, -58.3725394°",-34.6257016,-58.3725394
2026-03-13 14:35:49-03:00,2026-03-13 17:37:51-03:00,ChIJIxYSMMbKvJURqZGJyCpvOFM,Trabajo Teatro Colon,0 days 03:02:02,2026-03,4,False,"-34.6011075°, -58.3833057°",-34.6011075,-58.3833057
2026-03-13 18:15:25-03:00,2026-03-13 19:00:24-03:00,ChIJ5_qqHA_NvJURsYhmhKQxDh0,INFERRED_WORK,0 days 00:44:59,2026-03,4,False,"-34.7172171°, -58.4094893°",-34.7172171,-58.4094893
2026-03-13 19:00:24-03:00,2026-03-13 19:04:50-03:00,ChIJrw867Q7NvJUR2_z7EyN-Qck,UNKNOWN,0 days 00:04:26,2026-03,4,False,"-34.7188036°, -58.4096209°",-34.7188036,-58.4096209
2026-03-13 19:08:50-03:00,2026-03-14 12:27:20-03:00,ChIJ5_qqHA_NvJURsYhmhKQxDh0,INFERRED_WORK,0 days 17:18:30,2026-03,4,False,"-34.7172171°, -58.4094893°",-34.7172171,-58.4094893
2026-03-14 12:36:59-03:00,2026-03-14 13:46:13-03:00,ChIJCbWWvRjNvJUREHqhy2YdI-Q,Barberia,0 days 01:09:14,2026-03,5,True,"-34.7072332°, -58.3956118°",-34.7072332,-58.3956118
2026-03-14 13:57:53-03:00,2026-03-14 14:04:11-03:00,ChIJt6mvqZrMvJURwEflIsBKbSQ,Casa madre,0 days 00:06:18,2026-03,5,True,"-34.673936°, -58.4054231°",-34.673936,-58.4054231
2026-03-14 14:16:30-03:00,2026-03-14 16:04:16-03:00,ChIJ07U9l1rMvJUR45T1QwpzrYI,Casa abuelos,0 days 01:47:46,2026-03,5,True,"-34.6994748°, -58.4270458°",-34.6994748,-58.4270458
2026-03-14 16:10:30-03:00,2026-03-14 16:45:47-03:00,ChIJ5_qqHA_NvJURsYhmhKQxDh0,INFERRED_WORK,0 days 00:35:17,2026-03,5,True,"-34.7172171°, -58.4094893°",-34.7172171,-58.4094893
2026-03-14 16:53:38-03:00,2026-03-14 17:03:35-03:00,ChIJU-nblfjMvJURYNiiX16s8vE,SEARCHED_ADDRESS,0 days 00:09:57,2026-03,5,True,"-34.700724°, -58.4162394°",-34.700724,-58.4162394
2026-03-14 17:37:45-03:00,2026-03-14 17:42:45-03:00,ChIJMaFMaM62vJURd25AjVAUkQI,UNKNOWN,0 days 00:05:00,2026-03,5,True,"-34.5364884°, -58.495303°",-34.5364884,-58.495303
2026-03-14 21:05:54-03:00,2026-03-15 20:18:20-03:00,ChIJ5_qqHA_NvJURsYhmhKQxDh0,INFERRED_WORK,0 days 23:12:26,2026-03,5,True,"-34.7172171°, -58.4094893°",-34.7172171,-58.4094893
2026-03-15 20:41:08-03:00,2026-03-16 10:09:00-03:00,ChIJ5_qqHA_NvJURsYhmhKQxDh0,INFERRED_WORK,0 days 13:27:52,2026-03,6,True,"-34.7172171°, -58.4094893°",-34.7172171,-58.4094893
2026-03-16 10:45:05-03:00,2026-03-16 10:52:56-03:00,ChIJO5OvTjDLvJURn--oIpRP89Q,UNKNOWN,0 days 00:07:51,2026-03,0,False,"-34.6283037°, -58.3805292°",-34.6283037,-58.3805292
2026-03-16 10:59:17-03:00,2026-03-16 12:58:58-03:00,ChIJw3WzxWo1o5URJcgq_cDiz1w,Trabajo Santander,0 days 01:59:41,2026-03,0,False,"-34.6238922°, -58.3673348°",-34.6238922,-58.3673348
2026-03-16 10:59:17-03:00,2026-03-16 12:58:58-03:00,ChIJS8u27s00o5UR9dtpsV0MFkM,Trabajo Santander,0 days 01:59:41,2026-03,0,False,"-34.6238941°, -58.367137°",-34.6238941,-58.367137
2026-03-16 13:26:14-03:00,2026-03-16 19:00:01-03:00,ChIJIxYSMMbKvJURqZGJyCpvOFM,Trabajo Teatro Colon,0 days 05:33:47,2026-03,0,False,"-34.601152°, -58.3833278°",-34.601152,-58.3833278
2026-03-16 19:38:26-03:00,2026-03-17 09:02:52-03:00,ChIJ5_qqHA_NvJURsYhmhKQxDh0,INFERRED_WORK,0 days 13:24:26,2026-03,0,False,"-34.7172171°, -58.4094893°",-34.7172171,-58.4094893
2026-03-17 09:59:55-03:00,2026-03-17 11:28:58-03:00,ChIJIxYSMMbKvJURqZGJyCpvOFM,Trabajo Teatro Colon,0 days 01:29:03,2026-03,1,False,"-34.601152°, -58.3833278°",-34.601152,-58.3833278
2026-03-17 11:39:17-03:00,2026-03-17 13:23:21-03:00,ChIJuZ28VzU1o5UR3yrH7JyU3FM,Trabajo Macro,0 days 01:44:04,2026-03,1,False,"-34.5940986°, -58.3717793°",-34.5940986,-58.3717793
2026-03-17 13:26:57-03:00,2026-03-17 14:14:32-03:00,ChIJozcskDQ1o5UR5Oc85yFQ8lE,Trabajo BBVA,0 days 00:47:35,2026-03,1,False,"-34.5975104°, -58.3700036°",-34.5975104,-58.3700036
2026-03-17 14:27:57-03:00,2026-03-17 16:43:18-03:00,ChIJIxYSMMbKvJURqZGJyCpvOFM,Trabajo Teatro Colon,0 days 02:15:21,2026-03,1,False,"-34.601152°, -58.3833278°",-34.601152,-58.3833278
2026-03-17 17:46:04-03:00,2026-03-18 08:10:11-03:00,ChIJ5_qqHA_NvJURsYhmhKQxDh0,INFERRED_WORK,0 days 14:24:07,2026-03,1,False,"-34.7172171°, -58.4094893°",-34.7172171,-58.4094893
2026-03-18 09:18:58-03:00,2026-03-18 10:50:59-03:00,ChIJPbtP4lfKvJURDPKYCQYlUnw,WORK,0 days 01:32:01,2026-03,2,False,"-34.5436434°, -58.5172221°",-34.5436434,-58.5172221
2026-03-18 11:29:18-03:00,2026-03-18 16:37:27-03:00,ChIJIxYSMMbKvJURqZGJyCpvOFM,Trabajo Teatro Colon,0 days 05:08:09,2026-03,2,False,"-34.601152°, -58.3833278°",-34.601152,-58.3833278
2026-03-18 16:44:33-03:00,2026-03-18 17:38:17-03:00,ChIJWwNBpdLKvJUR0nZKx5c7nq4,Trabajo Galicia,0 days 00:53:44,2026-03,2,False,"-34.6054579°, -58.3724473°",-34.6054579,-58.3724473
2026-03-18 17:51:02-03:00,2026-03-18 18:13:43-03:00,ChIJozcskDQ1o5UR5Oc85yFQ8lE,Trabajo BBVA,0 days 00:22:41,2026-03,2,False,"-34.5975104°, -58.3700036°",-34.5975104,-58.3700036
2026-03-18 18:22:50-03:00,2026-03-18 19:37:58-03:00,ChIJy7SfBczKvJURwMHf6VFAL2I,UNKNOWN,0 days 01:15:08,2026-03,2,False,"-34.6015397°, -58.3767959°",-34.6015397,-58.3767959
2026-03-18 18:22:50-03:00,2026-03-18 19:37:58-03:00,ChIJhb0RvHPLvJURBPafurRT5H0,UNKNOWN,0 days 01:15:08,2026-03,2,False,"-34.6010234°, -58.3766483°",-34.6010234,-58.3766483
2026-03-18 19:45:25-03:00,2026-03-18 19:48:55-03:00,ChIJIxYSMMbKvJURqZGJyCpvOFM,Trabajo Teatro Colon,0 days 00:03:30,2026-03,2,False,"-34.601152°, -58.3833278°",-34.601152,-58.3833278
2026-03-18 20:25:43-03:00,2026-03-18 20:31:28-03:00,ChIJ3YY4qiPNvJURR9QstWDh9so,UNKNOWN,0 days 00:05:45,2026-03,2,False,"-34.7072531°, -58.3913887°",-34.7072531,-58.3913887
2026-03-18 20:43:36-03:00,2026-03-19 09:26:19-03:00,ChIJ5_qqHA_NvJURsYhmhKQxDh0,INFERRED_WORK,0 days 12:42:43,2026-03,2,False,"-34.7172171°, -58.4094893°",-34.7172171,-58.4094893
2026-03-19 09:45:25-03:00,2026-03-19 09:52:08-03:00,ChIJP1NWQSLNvJURdfELzrv4ek8,UNKNOWN,0 days 00:06:43,2026-03,3,False,"-34.7068131°, -58.3927608°",-34.7068131,-58.3927608
2026-03-19 10:31:05-03:00,2026-03-19 14:08:56-03:00,ChIJIxYSMMbKvJURqZGJyCpvOFM,Trabajo Teatro Colon,0 days 03:37:51,2026-03,3,False,"-34.601152°, -58.3833278°",-34.601152,-58.3833278
2026-03-19 14:59:10-03:00,2026-03-19 15:37:52-03:00,ChIJ6etiOO-1vJURPsYRljWH3iY,UNKNOWN,0 days 00:38:42,2026-03,3,False,"-34.5830595°, -58.4500245°",-34.5830595,-58.4500245
2026-03-19 16:01:09-03:00,2026-03-19 17:31:18-03:00,ChIJIxYSMMbKvJURqZGJyCpvOFM,Trabajo Teatro Colon,0 days 01:30:09,2026-03,3,False,"-34.601152°, -58.3833278°",-34.601152,-58.3833278
2026-03-19 21:10:23-03:00,2026-03-19 21:16:54-03:00,ChIJiQDEBCPNvJUR1iaRPp6sr38,UNKNOWN,0 days 00:06:31,2026-03,3,False,"-34.7075567°, -58.3908743°",-34.7075567,-58.3908743
2026-03-19 21:30:49-03:00,2026-03-19 23:43:21-03:00,ChIJt6mvqZrMvJURwEflIsBKbSQ,Casa madre,0 days 02:12:32,2026-03,3,False,"-34.673936°, -58.4054231°",-34.673936,-58.4054231
2026-03-19 23:58:01-03:00,2026-03-20 07:31:19-03:00,ChIJ5_qqHA_NvJURsYhmhKQxDh0,INFERRED_WORK,0 days 07:33:18,2026-03,3,False,"-34.7172171°, -58.4094893°",-34.7172171,-58.4094893
2026-03-20 07:42:40-03:00,2026-03-20 07:49:28-03:00,ChIJP1NWQSLNvJURdfELzrv4ek8,UNKNOWN,0 days 00:06:48,2026-03,4,False,"-34.7068131°, -58.3927608°",-34.7068131,-58.3927608
2026-03-20 09:07:56-03:00,2026-03-20 10:28:25-03:00,ChIJPbtP4lfKvJURDPKYCQYlUnw,WORK,0 days 01:20:29,2026-03,4,False,"-34.5436434°, -58.5172221°",-34.5436434,-58.5172221
2026-03-20 11:45:11-03:00,2026-03-20 13:14:33-03:00,ChIJIxYSMMbKvJURqZGJyCpvOFM,Trabajo Teatro Colon,0 days 01:29:22,2026-03,4,False,"-34.601152°, -58.3833278°",-34.601152,-58.3833278
2026-03-20 13:31:29-03:00,2026-03-20 14:50:35-03:00,ChIJuZ28VzU1o5UR3yrH7JyU3FM,Trabajo Macro,0 days 01:19:06,2026-03,4,False,"-34.5940986°, -58.3717793°",-34.5940986,-58.3717793
2026-03-20 15:01:57-03:00,2026-03-20 15:07:39-03:00,ChIJ2WVuqLPKvJURSMIERHR62l0,UNKNOWN,0 days 00:05:42,2026-03,4,False,"-34.5893615°, -58.3731595°",-34.5893615,-58.3731595
2026-03-20 16:14:05-03:00,2026-03-20 17:06:38-03:00,ChIJ5_qqHA_NvJURsYhmhKQxDh0,INFERRED_WORK,0 days 00:52:33,2026-03,4,False,"-34.7172171°, -58.4094893°",-34.7172171,-58.4094893
2026-03-20 17:17:00-03:00,2026-03-20 18:04:39-03:00,ChIJc76vqlrMvJUR2rFJ_9-mceM,Casa abuelos,0 days 00:47:39,2026-03,4,False,"-34.70057°, -58.42861°",-34.70057,-58.42861
2026-03-20 18:28:02-03:00,2026-03-20 21:33:30-03:00,ChIJETQ-T0HKvJURSeCbV2PJB5A,UNKNOWN,0 days 03:05:28,2026-03,4,False,"-34.6172368°, -58.4354405°",-34.6172368,-58.4354405
2026-03-20 22:34:01-03:00,2026-03-21 10:54:08-03:00,ChIJ5_qqHA_NvJURsYhmhKQxDh0,INFERRED_WORK,0 days 12:20:07,2026-03,4,False,"-34.7172171°, -58.4094893°",-34.7172171,-58.4094893
2026-03-21 11:08:07-03:00,2026-03-21 12:01:04-03:00,ChIJD8SQF5DNvJURNtxm8W6eG0I,Barberia,0 days 00:52:57,2026-03,5,True,"-34.7072503°, -58.3956021°",-34.7072503,-58.3956021
2026-03-21 12:09:12-03:00,2026-03-21 15:15:51-03:00,ChIJ5_qqHA_NvJURsYhmhKQxDh0,INFERRED_WORK,0 days 03:06:39,2026-03,5,True,"-34.7172171°, -58.4094893°",-34.7172171,-58.4094893
2026-03-21 15:28:15-03:00,2026-03-21 18:50:23-03:00,ChIJc76vqlrMvJUR2rFJ_9-mceM,Casa abuelos,0 days 03:22:08,2026-03,5,True,"-34.70057°, -58.42861°",-34.70057,-58.42861
2026-03-21 18:52:25-03:00,2026-03-21 18:59:30-03:00,ChIJWx_A2I3NvJURBprZdbuAqk0,Casa abuelos,0 days 00:07:05,2026-03,5,True,"-34.6983111°, -58.4295644°",-34.6983111,-58.4295644
2026-03-21 19:08:34-03:00,2026-03-21 20:41:54-03:00,ChIJ5_qqHA_NvJURsYhmhKQxDh0,INFERRED_WORK,0 days 01:33:20,2026-03,5,True,"-34.7172171°, -58.4094893°",-34.7172171,-58.4094893
2026-03-21 20:50:24-03:00,2026-03-22 12:28:07-03:00,ChIJf7aONkjNvJURrAIeUyaagWQ,Casa gonza,0 days 15:37:43,2026-03,5,True,"-34.7177795°, -58.3806658°",-34.7177795,-58.3806658
2026-03-22 12:42:00-03:00,2026-03-23 19:04:42-03:00,ChIJ5_qqHA_NvJURsYhmhKQxDh0,INFERRED_WORK,1 days 06:22:42,2026-03,6,True,"-34.7172171°, -58.4094893°",-34.7172171,-58.4094893
2026-03-23 19:07:45-03:00,2026-03-23 19:14:55-03:00,ChIJrw867Q7NvJUR2_z7EyN-Qck,UNKNOWN,0 days 00:07:10,2026-03,0,False,"-34.7188036°, -58.4096209°",-34.7188036,-58.4096209
2026-03-23 19:16:59-03:00,2026-03-23 19:37:48-03:00,ChIJ5_qqHA_NvJURsYhmhKQxDh0,INFERRED_WORK,0 days 00:20:49,2026-03,0,False,"-34.7172171°, -58.4094893°",-34.7172171,-58.4094893
2026-03-23 19:42:38-03:00,2026-03-23 19:53:29-03:00,ChIJfaTsoBfNvJURz6hScz-h-3U,UNKNOWN,0 days 00:10:51,2026-03,0,False,"-34.7129023°, -58.3972906°",-34.7129023,-58.3972906
2026-03-23 20:04:54-03:00,2026-03-24 03:27:40-03:00,ChIJ5zQgH6oyo5UR1ZFL3oUlYgc,Casa pablo,0 days 07:22:46,2026-03,0,False,"-34.7314837°, -58.3661421°",-34.7314837,-58.3661421
2026-03-24 03:50:38-03:00,2026-03-24 17:53:14-03:00,ChIJ5_qqHA_NvJURsYhmhKQxDh0,INFERRED_WORK,0 days 14:02:36,2026-03,1,False,"-34.7172171°, -58.4094893°",-34.7172171,-58.4094893
2026-03-24 17:54:43-03:00,2026-03-24 18:00:52-03:00,ChIJrw867Q7NvJUR2_z7EyN-Qck,UNKNOWN,0 days 00:06:09,2026-03,1,False,"-34.7188036°, -58.4096209°",-34.7188036,-58.4096209
2026-03-24 18:02:53-03:00,2026-03-25 09:18:35-03:00,ChIJ5_qqHA_NvJURsYhmhKQxDh0,INFERRED_WORK,0 days 15:15:42,2026-03,1,False,"-34.7172171°, -58.4094893°",-34.7172171,-58.4094893
2026-03-25 10:19:29-03:00,2026-03-25 11:01:00-03:00,ChIJPbtP4lfKvJURDPKYCQYlUnw,WORK,0 days 00:41:31,2026-03,2,False,"-34.5436434°, -58.5172221°",-34.5436434,-58.5172221
2026-03-25 11:58:28-03:00,2026-03-25 14:50:13-03:00,ChIJIxYSMMbKvJURqZGJyCpvOFM,Trabajo Teatro Colon,0 days 02:51:45,2026-03,2,False,"-34.601152°, -58.3833278°",-34.601152,-58.3833278
2026-03-25 15:06:28-03:00,2026-03-25 15:38:33-03:00,ChIJWwNBpdLKvJUR0nZKx5c7nq4,Trabajo Galicia,0 days 00:32:05,2026-03,2,False,"-34.6054579°, -58.3724473°",-34.6054579,-58.3724473
2026-03-25 15:06:28-03:00,2026-03-25 15:38:33-03:00,ChIJPaop8M3KvJURbpDWE-rnX6c,Trabajo Galicia,0 days 00:32:05,2026-03,2,False,"-34.6058223°, -58.3726811°",-34.6058223,-58.3726811
2026-03-25 15:56:35-03:00,2026-03-25 17:02:20-03:00,ChIJIxYSMMbKvJURqZGJyCpvOFM,Trabajo Teatro Colon,0 days 01:05:45,2026-03,2,False,"-34.601152°, -58.3833278°",-34.601152,-58.3833278
2026-03-25 18:14:31-03:00,2026-03-26 09:23:21-03:00,ChIJ5_qqHA_NvJURsYhmhKQxDh0,INFERRED_WORK,0 days 15:08:50,2026-03,2,False,"-34.7172171°, -58.4094893°",-34.7172171,-58.4094893
2026-03-26 11:15:09-03:00,2026-03-26 12:25:37-03:00,ChIJ6xYokMvKvJURSVdhnYwPp7s,UNKNOWN,0 days 01:10:28,2026-03,3,False,"-34.6000555°, -58.3754498°",-34.6000555,-58.3754498
2026-03-26 12:54:31-03:00,2026-03-26 14:15:34-03:00,ChIJuZ28VzU1o5UR3yrH7JyU3FM,Trabajo Macro,0 days 01:21:03,2026-03,3,False,"-34.5940986°, -58.3717793°",-34.5940986,-58.3717793
2026-03-26 14:30:33-03:00,2026-03-26 17:03:30-03:00,ChIJIxYSMMbKvJURqZGJyCpvOFM,Trabajo Teatro Colon,0 days 02:32:57,2026-03,3,False,"-34.601152°, -58.3833278°",-34.601152,-58.3833278
2026-03-26 17:47:10-03:00,2026-03-26 17:54:29-03:00,ChIJu0ixG7syo5URrk-f1i1OTkI,UNKNOWN,0 days 00:07:19,2026-03,3,False,"-34.7177955°, -58.3577999°",-34.7177955,-58.3577999
2026-03-26 18:20:07-03:00,2026-03-27 08:17:15-03:00,ChIJ5_qqHA_NvJURsYhmhKQxDh0,INFERRED_WORK,0 days 13:57:08,2026-03,3,False,"-34.7172171°, -58.4094893°",-34.7172171,-58.4094893
2026-03-27 09:29:26-03:00,2026-03-27 10:31:10-03:00,ChIJPbtP4lfKvJURDPKYCQYlUnw,WORK,0 days 01:01:44,2026-03,4,False,"-34.5436434°, -58.5172221°",-34.5436434,-58.5172221
2026-03-27 11:02:21-03:00,2026-03-27 11:29:12-03:00,ChIJma7G_8fKvJURnn6mUFx6GE4,UNKNOWN,0 days 00:26:51,2026-03,4,False,"-34.5982503°, -58.3833353°",-34.5982503,-58.3833353
2026-03-27 12:11:19-03:00,2026-03-27 12:56:18-03:00,ChIJw3WzxWo1o5URJcgq_cDiz1w,Trabajo Santander,0 days 00:44:59,2026-03,4,False,"-34.6238922°, -58.3673348°",-34.6238922,-58.3673348
2026-03-27 12:11:19-03:00,2026-03-27 12:56:18-03:00,ChIJS8u27s00o5UR9dtpsV0MFkM,Trabajo Santander,0 days 00:44:59,2026-03,4,False,"-34.6238941°, -58.367137°",-34.6238941,-58.367137
2026-03-27 13:26:34-03:00,2026-03-27 16:11:50-03:00,ChIJIxYSMMbKvJURqZGJyCpvOFM,Trabajo Teatro Colon,0 days 02:45:16,2026-03,4,False,"-34.601152°, -58.3833278°",-34.601152,-58.3833278
2026-03-27 16:23:48-03:00,2026-03-27 16:34:00-03:00,ChIJXx79V9vKvJURS2GosE58c8w,UNKNOWN,0 days 00:10:12,2026-03,4,False,"-34.6083667°, -58.3722832°",-34.6083667,-58.3722832
2026-03-27 16:58:31-03:00,2026-03-27 17:36:51-03:00,ChIJO1gShUzLvJURx0JG3jhNjZ8,UNKNOWN,0 days 00:38:20,2026-03,4,False,"-34.6406563°, -58.3737594°",-34.6406563,-58.3737594
2026-03-27 17:43:53-03:00,2026-03-27 21:32:23-03:00,ChIJh4ZK0FfLvJURIjsYSB7jdIo,Casa lau,0 days 03:48:30,2026-03,4,False,"-34.6363768°, -58.3748847°",-34.6363768,-58.3748847
2026-03-27 22:34:38-03:00,2026-03-28 11:04:04-03:00,ChIJ5_qqHA_NvJURsYhmhKQxDh0,INFERRED_HOME,0 days 12:29:26,2026-03,4,False,"-34.7172171°, -58.4094893°",-34.7172171,-58.4094893
2026-03-28 11:10:01-03:00,2026-03-28 12:53:00-03:00,ChIJD8SQF5DNvJURNtxm8W6eG0I,Barberia,0 days 01:42:59,2026-03,5,True,"-34.7072503°, -58.3956021°",-34.7072503,-58.3956021
2026-03-28 12:59:18-03:00,2026-03-28 17:23:40-03:00,ChIJ5_qqHA_NvJURsYhmhKQxDh0,INFERRED_HOME,0 days 04:24:22,2026-03,5,True,"-34.7172171°, -58.4094893°",-34.7172171,-58.4094893
2026-03-28 18:04:06-03:00,2026-03-28 18:46:49-03:00,ChIJPbtP4lfKvJURDPKYCQYlUnw,WORK,0 days 00:42:43,2026-03,5,True,"-34.5436434°, -58.5172221°",-34.5436434,-58.5172221
2026-03-28 19:18:41-03:00,2026-03-28 20:57:48-03:00,ChIJh4ZK0FfLvJURIjsYSB7jdIo,Casa lau,0 days 01:39:07,2026-03,5,True,"-34.6363768°, -58.3748847°",-34.6363768,-58.3748847
2026-03-28 21:35:05-03:00,2026-03-28 21:42:19-03:00,ChIJc76vqlrMvJUR2rFJ_9-mceM,Casa abuelos,0 days 00:07:14,2026-03,5,True,"-34.70057°, -58.42861°",-34.70057,-58.42861
2026-03-28 21:49:59-03:00,2026-03-29 18:02:14-03:00,ChIJ5_qqHA_NvJURsYhmhKQxDh0,INFERRED_HOME,0 days 20:12:15,2026-03,5,True,"-34.7172171°, -58.4094893°",-34.7172171,-58.4094893
2026-03-29 18:19:18-03:00,2026-03-29 18:42:19-03:00,ChIJHQpoTyHNvJURQEWwISIb4Lo,UNKNOWN,0 days 00:23:01,2026-03,6,True,"-34.703468°, -58.3894744°",-34.703468,-58.3894744
2026-03-29 18:47:20-03:00,2026-03-29 20:02:14-03:00,ChIJlTY894bNvJUR9I-T6pG4xBo,UNKNOWN,0 days 01:14:54,2026-03,6,True,"-34.708685°, -58.3863312°",-34.708685,-58.3863312
2026-03-29 20:08:58-03:00,2026-03-29 20:30:09-03:00,ChIJHQpoTyHNvJURQEWwISIb4Lo,UNKNOWN,0 days 00:21:11,2026-03,6,True,"-34.703468°, -58.3894744°",-34.703468,-58.3894744
2026-03-29 20:38:39-03:00,2026-03-30 11:12:19-03:00,ChIJ5_qqHA_NvJURsYhmhKQxDh0,INFERRED_HOME,0 days 14:33:40,2026-03,6,True,"-34.7172171°, -58.4094893°",-34.7172171,-58.4094893
2026-03-30 12:03:18-03:00,2026-03-30 13:15:23-03:00,ChIJIxYSMMbKvJURqZGJyCpvOFM,Trabajo Teatro Colon,0 days 01:12:05,2026-03,0,False,"-34.601152°, -58.3833278°",-34.601152,-58.3833278
2026-03-30 13:31:01-03:00,2026-03-30 14:07:58-03:00,ChIJXx79V9vKvJURS2GosE58c8w,UNKNOWN,0 days 00:36:57,2026-03,0,False,"-34.6083667°, -58.3722832°",-34.6083667,-58.3722832
2026-03-30 14:31:33-03:00,2026-03-30 17:18:27-03:00,ChIJIxYSMMbKvJURqZGJyCpvOFM,Trabajo Teatro Colon,0 days 02:46:54,2026-03,0,False,"-34.601152°, -58.3833278°",-34.601152,-58.3833278
2026-03-30 17:23:37-03:00,2026-03-30 18:10:55-03:00,ChIJXx79V9vKvJURS2GosE58c8w,UNKNOWN,0 days 00:47:18,2026-03,0,False,"-34.6083667°, -58.3722832°",-34.6083667,-58.3722832
2026-03-30 19:01:08-03:00,2026-03-30 20:51:54-03:00,ChIJ4f09BKoyo5URRI4Km8H2xVY,Casa pablo,0 days 01:50:46,2026-03,0,False,"-34.7321423°, -58.3664323°",-34.7321423,-58.3664323
2026-03-30 21:12:09-03:00,2026-03-31 08:13:11-03:00,ChIJ5_qqHA_NvJURsYhmhKQxDh0,INFERRED_HOME,0 days 11:01:02,2026-03,0,False,"-34.7172171°, -58.4094893°",-34.7172171,-58.4094893
2026-03-31 09:18:03-03:00,2026-03-31 09:46:50-03:00,ChIJPbtP4lfKvJURDPKYCQYlUnw,WORK,0 days 00:28:47,2026-03,1,False,"-34.5436434°, -58.5172221°",-34.5436434,-58.5172221
2026-03-31 10:41:19-03:00,2026-03-31 11:04:47-03:00,ChIJIxYSMMbKvJURqZGJyCpvOFM,Trabajo Teatro Colon,0 days 00:23:28,2026-03,1,False,"-34.601152°, -58.3833278°",-34.601152,-58.3833278
2026-03-31 11:17:37-03:00,2026-03-31 12:12:39-03:00,ChIJ6xYokMvKvJURSVdhnYwPp7s,UNKNOWN,0 days 00:55:02,2026-03,1,False,"-34.6000555°, -58.3754498°",-34.6000555,-58.3754498
2026-03-31 12:24:56-03:00,2026-03-31 13:45:25-03:00,ChIJWwNBpdLKvJUR0nZKx5c7nq4,Trabajo Galicia,0 days 01:20:29,2026-03,1,False,"-34.6054579°, -58.3724473°",-34.6054579,-58.3724473
2026-03-31 13:53:17-03:00,2026-03-31 14:16:09-03:00,ChIJlWIqu8zKvJURz40NYbdKDHo,UNKNOWN,0 days 00:22:52,2026-03,1,False,"-34.6005322°, -58.371004°",-34.6005322,-58.371004
2026-03-31 14:21:57-03:00,2026-03-31 14:33:00-03:00,ChIJ_Zyvj8vLvJURz0UeXv4y_qI,UNKNOWN,0 days 00:11:03,2026-03,1,False,"-34.6015612°, -58.3751887°",-34.6015612,-58.3751887
2026-03-31 14:23:45-03:00,2026-03-31 14:33:00-03:00,ChIJH5Gl6bTLvJURGtgO7jqgbcM,UNKNOWN,0 days 00:09:15,2026-03,1,False,"-34.6015612°, -58.3751887°",-34.6015612,-58.3751887
2026-03-31 14:47:39-03:00,2026-03-31 17:16:54-03:00,ChIJIxYSMMbKvJURqZGJyCpvOFM,Trabajo Teatro Colon,0 days 02:29:15,2026-03,1,False,"-34.601152°, -58.3833278°",-34.601152,-58.3833278
2026-03-31 19:02:51-03:00,2026-03-31 19:37:22-03:00,ChIJc76vqlrMvJUR2rFJ_9-mceM,Casa abuelos,0 days 00:34:31,2026-03,1,False,"-34.70057°, -58.42861°",-34.70057,-58.42861
2026-03-31 19:44:40-03:00,2026-04-01 07:54:13-03:00,ChIJ5_qqHA_NvJURsYhmhKQxDh0,INFERRED_HOME,0 days 12:09:33,2026-03,1,False,"-34.7172171°, -58.4094893°",-34.7172171,-58.4094893
2026-04-01 08:58:29-03:00,2026-04-01 09:37:01-03:00,ChIJPbtP4lfKvJURDPKYCQYlUnw,WORK,0 days 00:38:32,2026-04,2,False,"-34.5436434°, -58.5172221°",-34.5436434,-58.5172221
2026-04-01 11:04:46-03:00,2026-04-01 11:32:35-03:00,ChIJIxYSMMbKvJURqZGJyCpvOFM,Trabajo Teatro Colon,0 days 00:27:49,2026-04,2,False,"-34.601152°, -58.3833278°",-34.601152,-58.3833278
2026-04-01 11:46:43-03:00,2026-04-01 12:50:20-03:00,ChIJO5OvTjDLvJURn--oIpRP89Q,UNKNOWN,0 days 01:03:37,2026-04,2,False,"-34.6283037°, -58.3805292°",-34.6283037,-58.3805292
2026-04-01 13:19:10-03:00,2026-04-01 13:28:02-03:00,ChIJeZBdPczKvJUR0HBJJSy2NiI,UNKNOWN,0 days 00:08:52,2026-04,2,False,"-34.6022372°, -58.3764792°",-34.6022372,-58.3764792
2026-04-01 13:28:02-03:00,2026-04-01 13:48:51-03:00,ChIJ-0nr-szKvJURL-vQgj-7kpQ,UNKNOWN,0 days 00:20:49,2026-04,2,False,"-34.6021843°, -58.3739805°",-34.6021843,-58.3739805
2026-04-01 13:41:35-03:00,2026-04-01 13:48:51-03:00,ChIJ-UKW-szKvJURQvo8wUFwWeQ,UNKNOWN,0 days 00:07:16,2026-04,2,False,"-34.602247°, -58.3739775°",-34.602247,-58.3739775
2026-04-01 13:57:55-03:00,2026-04-01 16:16:34-03:00,ChIJozcskDQ1o5UR5Oc85yFQ8lE,Trabajo BBVA,0 days 02:18:39,2026-04,2,False,"-34.5975104°, -58.3700036°",-34.5975104,-58.3700036
2026-04-01 16:26:51-03:00,2026-04-01 16:33:03-03:00,ChIJ2WVuqLPKvJURSMIERHR62l0,UNKNOWN,0 days 00:06:12,2026-04,2,False,"-34.5893615°, -58.3731595°",-34.5893615,-58.3731595
2026-04-01 17:46:06-03:00,2026-04-03 17:53:26-03:00,ChIJ5_qqHA_NvJURsYhmhKQxDh0,INFERRED_HOME,2 days 00:07:20,2026-04,2,False,"-34.7172444°, -58.4095029°",-34.7172444,-58.4095029
2026-04-03 17:58:15-03:00,2026-04-03 18:01:04-03:00,ChIJrw867Q7NvJUR2_z7EyN-Qck,UNKNOWN,0 days 00:02:49,2026-04,4,False,"-34.7188036°, -58.4096209°",-34.7188036,-58.4096209
2026-04-03 18:05:20-03:00,2026-04-03 19:07:02-03:00,ChIJ5_qqHA_NvJURsYhmhKQxDh0,INFERRED_HOME,0 days 01:01:42,2026-04,4,False,"-34.7172444°, -58.4095029°",-34.7172444,-58.4095029
2026-04-03 19:17:32-03:00,2026-04-03 19:29:39-03:00,ChIJf7aONkjNvJURrAIeUyaagWQ,Casa gonza,0 days 00:12:07,2026-04,4,False,"-34.7177795°, -58.3806658°",-34.7177795,-58.3806658
2026-04-03 19:45:30-03:00,2026-04-04 11:01:23-03:00,ChIJ5_qqHA_NvJURsYhmhKQxDh0,INFERRED_HOME,0 days 15:15:53,2026-04,4,False,"-34.7172444°, -58.4095029°",-34.7172444,-58.4095029
2026-04-04 11:08:18-03:00,2026-04-04 12:11:45-03:00,ChIJD8SQF5DNvJURNtxm8W6eG0I,Barberia,0 days 01:03:27,2026-04,5,True,"-34.7072503°, -58.3956021°",-34.7072503,-58.3956021
2026-04-04 12:18:44-03:00,2026-04-04 12:58:49-03:00,ChIJ5_qqHA_NvJURsYhmhKQxDh0,INFERRED_HOME,0 days 00:40:05,2026-04,5,True,"-34.7172444°, -58.4095029°",-34.7172444,-58.4095029
2026-04-04 13:10:23-03:00,2026-04-04 13:15:39-03:00,ChIJt6mvqZrMvJURwEflIsBKbSQ,Casa madre,0 days 00:05:16,2026-04,5,True,"-34.673936°, -58.4054231°",-34.673936,-58.4054231
2026-04-04 13:26:22-03:00,2026-04-04 18:46:29-03:00,ChIJc76vqlrMvJUR2rFJ_9-mceM,Casa abuelos,0 days 05:20:07,2026-04,5,True,"-34.70057°, -58.42861°",-34.70057,-58.42861
2026-04-04 18:54:20-03:00,2026-04-05 18:27:16-03:00,ChIJ5_qqHA_NvJURsYhmhKQxDh0,INFERRED_HOME,0 days 23:32:56,2026-04,5,True,"-34.7172444°, -58.4095029°",-34.7172444,-58.4095029
2026-04-05 18:47:02-03:00,2026-04-05 20:26:00-03:00,ChIJJTOXY6bNvJUR-qfoB6L6b0o,UNKNOWN,0 days 01:38:58,2026-04,6,True,"-34.7209298°, -58.4220972°",-34.7209298,-58.4220972
2026-04-05 20:29:57-03:00,2026-04-06 12:10:16-03:00,ChIJ5_qqHA_NvJURsYhmhKQxDh0,INFERRED_HOME,0 days 15:40:19,2026-04,6,True,"-34.7172444°, -58.4095029°",-34.7172444,-58.4095029
2026-04-06 13:25:47-03:00,2026-04-06 13:37:31-03:00,ChIJeZBdPczKvJUR0HBJJSy2NiI,UNKNOWN,0 days 00:11:44,2026-04,0,False,"-34.6022372°, -58.3764792°",-34.6022372,-58.3764792
2026-04-06 13:46:30-03:00,2026-04-06 16:52:54-03:00,ChIJIxYSMMbKvJURqZGJyCpvOFM,Trabajo Teatro Colon,0 days 03:06:24,2026-04,0,False,"-34.601152°, -58.3833278°",-34.601152,-58.3833278
2026-04-06 18:05:47-03:00,2026-04-07 08:23:00-03:00,ChIJ5_qqHA_NvJURsYhmhKQxDh0,INFERRED_HOME,0 days 14:17:13,2026-04,0,False,"-34.7172444°, -58.4095029°",-34.7172444,-58.4095029
2026-04-07 09:01:15-03:00,2026-04-07 09:25:46-03:00,ChIJMxCpZt3JvJURqrHS8MG7IhA,UNKNOWN,0 days 00:24:31,2026-04,1,False,"-34.658284°, -58.4701426°",-34.658284,-58.4701426
2026-04-07 09:29:49-03:00,2026-04-07 09:53:11-03:00,ChIJRbGe-JfJvJURN57SzCrKU_c,UNKNOWN,0 days 00:23:22,2026-04,1,False,"-34.659295°, -58.4643147°",-34.659295,-58.4643147
2026-04-07 10:28:39-03:00,2026-04-07 11:49:28-03:00,ChIJIxYSMMbKvJURqZGJyCpvOFM,Trabajo Teatro Colon,0 days 01:20:49,2026-04,1,False,"-34.601152°, -58.3833278°",-34.601152,-58.3833278
2026-04-07 12:22:26-03:00,2026-04-07 14:42:50-03:00,ChIJuZ28VzU1o5UR3yrH7JyU3FM,Trabajo Macro,0 days 02:20:24,2026-04,1,False,"-34.5940986°, -58.3717793°",-34.5940986,-58.3717793
2026-04-07 15:01:02-03:00,2026-04-07 15:08:39-03:00,ChIJ2W2PlDI1o5URfvvS6r0e4cs,UNKNOWN,0 days 00:07:37,2026-04,1,False,"-34.6029924°, -58.3700536°",-34.6029924,-58.3700536
2026-04-07 16:18:35-03:00,2026-04-07 16:57:39-03:00,ChIJ5_qqHA_NvJURsYhmhKQxDh0,INFERRED_HOME,0 days 00:39:04,2026-04,1,False,"-34.7172444°, -58.4095029°",-34.7172444,-58.4095029
2026-04-07 17:09:08-03:00,2026-04-07 18:12:32-03:00,ChIJIR1BJurNvJURLCh14f6YOBE,UNKNOWN,0 days 01:03:24,2026-04,1,False,"-34.7386716°, -58.4101372°",-34.7386716,-58.4101372
2026-04-07 18:24:01-03:00,2026-04-08 10:12:44-03:00,ChIJ5_qqHA_NvJURsYhmhKQxDh0,INFERRED_HOME,0 days 15:48:43,2026-04,1,False,"-34.7172444°, -58.4095029°",-34.7172444,-58.4095029
2026-04-08 11:16:58-03:00,2026-04-08 12:30:59-03:00,ChIJ6xYokMvKvJURSVdhnYwPp7s,UNKNOWN,0 days 01:14:01,2026-04,2,False,"-34.6000555°, -58.3754498°",-34.6000555,-58.3754498
2026-04-08 12:34:59-03:00,2026-04-08 12:56:15-03:00,ChIJ62bF9_bLvJURtgcM-qyrXLQ,UNKNOWN,0 days 00:21:16,2026-04,2,False,"-34.6020047°, -58.3751245°",-34.6020047,-58.3751245
2026-04-08 13:11:18-03:00,2026-04-08 16:10:05-03:00,ChIJIxYSMMbKvJURqZGJyCpvOFM,Trabajo Teatro Colon,0 days 02:58:47,2026-04,2,False,"-34.601152°, -58.3833278°",-34.601152,-58.3833278
2026-04-08 16:20:24-03:00,2026-04-08 16:41:59-03:00,ChIJ_Zyvj8vLvJURz0UeXv4y_qI,UNKNOWN,0 days 00:21:35,2026-04,2,False,"-34.6015612°, -58.3751887°",-34.6015612,-58.3751887
2026-04-08 16:22:50-03:00,2026-04-08 16:41:59-03:00,ChIJH5Gl6bTLvJURGtgO7jqgbcM,UNKNOWN,0 days 00:19:09,2026-04,2,False,"-34.6015612°, -58.3751887°",-34.6015612,-58.3751887
2026-04-08 18:10:55-03:00,2026-04-08 20:14:30-03:00,ChIJ5_qqHA_NvJURsYhmhKQxDh0,INFERRED_HOME,0 days 02:03:35,2026-04,2,False,"-34.7172444°, -58.4095029°",-34.7172444,-58.4095029
2026-04-08 20:28:05-03:00,2026-04-09 00:46:54-03:00,ChIJt6mvqZrMvJURwEflIsBKbSQ,Casa madre,0 days 04:18:49,2026-04,2,False,"-34.673936°, -58.4054231°",-34.673936,-58.4054231
2026-04-09 00:58:15-03:00,2026-04-09 11:02:27-03:00,ChIJ5_qqHA_NvJURsYhmhKQxDh0,INFERRED_HOME,0 days 10:04:12,2026-04,3,False,"-34.7172444°, -58.4095029°",-34.7172444,-58.4095029
2026-04-09 11:34:33-03:00,2026-04-09 13:09:46-03:00,ChIJIxYSMMbKvJURqZGJyCpvOFM,Trabajo Teatro Colon,0 days 01:35:13,2026-04,3,False,"-34.601152°, -58.3833278°",-34.601152,-58.3833278
2026-04-09 13:20:41-03:00,2026-04-09 13:27:52-03:00,ChIJeZBdPczKvJUR0HBJJSy2NiI,UNKNOWN,0 days 00:07:11,2026-04,3,False,"-34.6022372°, -58.3764792°",-34.6022372,-58.3764792
2026-04-09 13:37:29-03:00,2026-04-09 13:52:25-03:00,ChIJnXKxpgDLvJURt3jesYFzTmo,UNKNOWN,0 days 00:14:56,2026-04,3,False,"-34.603458°, -58.3753006°",-34.603458,-58.3753006
2026-04-09 13:39:13-03:00,2026-04-09 13:52:25-03:00,ChIJST_5rc3KvJURYG5i2qmdwUE,UNKNOWN,0 days 00:13:12,2026-04,3,False,"-34.603509°, -58.3753372°",-34.603509,-58.3753372
2026-04-09 13:56:31-03:00,2026-04-09 16:12:54-03:00,ChIJS3xrUQDLvJURe9s1sM8yrao,Trabajo ICBC,0 days 02:16:23,2026-04,3,False,"-34.6069979°, -58.3749959°",-34.6069979,-58.3749959
2026-04-09 16:31:16-03:00,2026-04-09 16:55:51-03:00,ChIJIxYSMMbKvJURqZGJyCpvOFM,Trabajo Teatro Colon,0 days 00:24:35,2026-04,3,False,"-34.601152°, -58.3833278°",-34.601152,-58.3833278
2026-04-09 17:19:53-03:00,2026-04-09 22:06:10-03:00,ChIJiXqyScC2vJURa7eDXB_4r7Q,DOT,0 days 04:46:17,2026-04,3,False,"-34.5464856°, -58.4878535°",-34.5464856,-58.4878535
2026-04-09 17:22:12-03:00,2026-04-09 17:34:06-03:00,ChIJVdWUBsG2vJURvJLR8J_liAA,DOT,0 days 00:11:54,2026-04,3,False,"-34.5463714°, -58.4879455°",-34.5463714,-58.4879455
2026-04-09 17:34:47-03:00,2026-04-09 20:44:11-03:00,ChIJT6r3g0G3vJURUSu_4gg_xGc,DOT,0 days 03:09:24,2026-04,3,False,"-34.5469088°, -58.4873339°",-34.5469088,-58.4873339
2026-04-09 20:50:02-03:00,2026-04-09 22:06:10-03:00,ChIJVdWUBsG2vJURvJLR8J_liAA,DOT,0 days 01:16:08,2026-04,3,False,"-34.5463714°, -58.4879455°",-34.5463714,-58.4879455
2026-04-09 22:41:32-03:00,2026-04-10 09:59:25-03:00,ChIJ5_qqHA_NvJURsYhmhKQxDh0,INFERRED_HOME,0 days 11:17:53,2026-04,3,False,"-34.7172444°, -58.4095029°",-34.7172444,-58.4095029
2026-04-10 10:01:07-03:00,2026-04-10 10:06:47-03:00,ChIJMzGlxw_NvJUR0UobwG_mK24,UNKNOWN,0 days 00:05:40,2026-04,4,False,"-34.7162°, -58.40728°",-34.7162,-58.40728
2026-04-10 10:41:27-03:00,2026-04-10 12:48:45-03:00,ChIJgWdTK0rLvJUR8U_7Xq3V7Bk,Trabajo Galicia,0 days 02:07:18,2026-04,4,False,"-34.605719°, -58.3722054°",-34.605719,-58.3722054
2026-04-10 13:03:07-03:00,2026-04-10 13:38:19-03:00,ChIJW_RLQ9s0o5URm6e2X8XKsWs,UNKNOWN,0 days 00:35:12,2026-04,4,False,"-34.6122717°, -58.3582845°",-34.6122717,-58.3582845
2026-04-10 13:47:24-03:00,2026-04-10 15:18:52-03:00,ChIJuZ28VzU1o5UR3yrH7JyU3FM,Trabajo Macro,0 days 01:31:28,2026-04,4,False,"-34.5940986°, -58.3717793°",-34.5940986,-58.3717793
2026-04-10 15:54:41-03:00,2026-04-10 19:06:02-03:00,ChIJ5_qqHA_NvJURsYhmhKQxDh0,INFERRED_HOME,0 days 03:11:21,2026-04,4,False,"-34.7172444°, -58.4095029°",-34.7172444,-58.4095029
2026-04-10 19:07:39-03:00,2026-04-10 19:12:31-03:00,ChIJrw867Q7NvJUR2_z7EyN-Qck,UNKNOWN,0 days 00:04:52,2026-04,4,False,"-34.7188036°, -58.4096209°",-34.7188036,-58.4096209
2026-04-10 19:16:40-03:00,2026-04-11 12:21:25-03:00,ChIJ5_qqHA_NvJURsYhmhKQxDh0,INFERRED_HOME,0 days 17:04:45,2026-04,4,False,"-34.7172444°, -58.4095029°",-34.7172444,-58.4095029
2026-04-11 12:32:11-03:00,2026-04-11 13:29:52-03:00,ChIJD8SQF5DNvJURNtxm8W6eG0I,Barberia,0 days 00:57:41,2026-04,5,True,"-34.7072503°, -58.3956021°",-34.7072503,-58.3956021
2026-04-11 14:00:54-03:00,2026-04-11 18:47:12-03:00,ChIJ07U9l1rMvJUR45T1QwpzrYI,Casa abuelos,0 days 04:46:18,2026-04,5,True,"-34.6994748°, -58.4270458°",-34.6994748,-58.4270458
2026-04-11 19:16:12-03:00,2026-04-12 11:43:32-03:00,ChIJ5_qqHA_NvJURsYhmhKQxDh0,INFERRED_HOME,0 days 16:27:20,2026-04,5,True,"-34.7172444°, -58.4095029°",-34.7172444,-58.4095029
2026-04-12 11:55:05-03:00,2026-04-12 16:34:25-03:00,ChIJ4f09BKoyo5URRI4Km8H2xVY,Casa pablo,0 days 04:39:20,2026-04,6,True,"-34.7321423°, -58.3664323°",-34.7321423,-58.3664323
2026-04-12 16:47:26-03:00,2026-04-13 11:23:13-03:00,ChIJ5_qqHA_NvJURsYhmhKQxDh0,INFERRED_HOME,0 days 18:35:47,2026-04,6,True,"-34.7172444°, -58.4095029°",-34.7172444,-58.4095029
2026-04-13 12:23:04-03:00,2026-04-13 16:24:20-03:00,ChIJT-ybv9LKvJURHb0Ku5piHEA,Trabajo Galicia,0 days 04:01:16,2026-04,0,False,"-34.6058223°, -58.3726811°",-34.6058223,-58.3726811
2026-04-13 16:38:42-03:00,2026-04-13 17:46:00-03:00,ChIJIxYSMMbKvJURqZGJyCpvOFM,Trabajo Teatro Colon,0 days 01:07:18,2026-04,0,False,"-34.601152°, -58.3833278°",-34.601152,-58.3833278
2026-04-13 18:26:52-03:00,2026-04-13 18:38:24-03:00,ChIJ2WVuqLPKvJURSMIERHR62l0,UNKNOWN,0 days 00:11:32,2026-04,0,False,"-34.5893615°, -58.3731595°",-34.5893615,-58.3731595
2026-04-13 19:38:10-03:00,2026-04-13 19:45:49-03:00,ChIJiQDEBCPNvJUR1iaRPp6sr38,UNKNOWN,0 days 00:07:39,2026-04,0,False,"-34.7075567°, -58.3908743°",-34.7075567,-58.3908743
2026-04-13 20:02:13-03:00,2026-04-14 00:04:54-03:00,ChIJ4f09BKoyo5URRI4Km8H2xVY,Casa pablo,0 days 04:02:41,2026-04,0,False,"-34.7321423°, -58.3664323°",-34.7321423,-58.3664323
2026-04-14 00:21:29-03:00,2026-04-14 11:54:48-03:00,ChIJ5_qqHA_NvJURsYhmhKQxDh0,INFERRED_HOME,0 days 11:33:19,2026-04,1,False,"-34.7172444°, -58.4095029°",-34.7172444,-58.4095029
2026-04-14 12:19:32-03:00,2026-04-14 12:34:14-03:00,ChIJiQDEBCPNvJUR1iaRPp6sr38,UNKNOWN,0 days 00:14:42,2026-04,1,False,"-34.7075567°, -58.3908743°",-34.7075567,-58.3908743
2026-04-14 12:55:21-03:00,2026-04-14 13:35:53-03:00,ChIJO5OvTjDLvJURn--oIpRP89Q,UNKNOWN,0 days 00:40:32,2026-04,1,False,"-34.6283037°, -58.3805292°",-34.6283037,-58.3805292
2026-04-14 14:18:42-03:00,2026-04-14 16:13:26-03:00,ChIJT-ybv9LKvJURHb0Ku5piHEA,Trabajo Galicia,0 days 01:54:44,2026-04,1,False,"-34.6058223°, -58.3726811°",-34.6058223,-58.3726811
2026-04-14 16:16:57-03:00,2026-04-14 16:45:51-03:00,ChIJS3xrUQDLvJURe9s1sM8yrao,Trabajo ICBC,0 days 00:28:54,2026-04,1,False,"-34.6069979°, -58.3749959°",-34.6069979,-58.3749959
2026-04-14 17:02:37-03:00,2026-04-14 17:08:40-03:00,ChIJUzg-m7TKvJURFFWLi1oLlFA,UNKNOWN,0 days 00:06:03,2026-04,1,False,"-34.5911987°, -58.3747633°",-34.5911987,-58.3747633
2026-04-14 18:25:03-03:00,2026-04-15 07:44:02-03:00,ChIJ5_qqHA_NvJURsYhmhKQxDh0,INFERRED_HOME,0 days 13:18:59,2026-04,1,False,"-34.7172444°, -58.4095029°",-34.7172444,-58.4095029
2026-04-15 08:08:40-03:00,2026-04-15 08:16:12-03:00,ChIJLbwJk5XNvJUR-EENUL2B24w,UNKNOWN,0 days 00:07:32,2026-04,2,False,"-34.7071574°, -58.4534573°",-34.7071574,-58.4534573
2026-04-15 09:12:55-03:00,2026-04-15 09:15:08-03:00,ChIJPffus-W2vJUR7wOEvU1Rw9M,UNKNOWN,0 days 00:02:13,2026-04,2,False,"-34.5541236°, -58.4979444°",-34.5541236,-58.4979444
2026-04-15 09:30:34-03:00,2026-04-15 10:57:26-03:00,ChIJPbtP4lfKvJURDPKYCQYlUnw,WORK,0 days 01:26:52,2026-04,2,False,"-34.5436434°, -58.5172221°",-34.5436434,-58.5172221
2026-04-15 12:16:52-03:00,2026-04-15 15:37:49-03:00,ChIJIxYSMMbKvJURqZGJyCpvOFM,Trabajo Teatro Colon,0 days 03:20:57,2026-04,2,False,"-34.601152°, -58.3833278°",-34.601152,-58.3833278
2026-04-15 16:00:18-03:00,2026-04-15 17:18:15-03:00,ChIJS3xrUQDLvJURe9s1sM8yrao,Trabajo ICBC,0 days 01:17:57,2026-04,2,False,"-34.6069979°, -58.3749959°",-34.6069979,-58.3749959
2026-04-15 18:45:59-03:00,2026-04-15 19:29:48-03:00,ChIJ5_qqHA_NvJURsYhmhKQxDh0,INFERRED_HOME,0 days 00:43:49,2026-04,2,False,"-34.7172444°, -58.4095029°",-34.7172444,-58.4095029
2026-04-15 19:55:15-03:00,2026-04-15 20:07:29-03:00,ChIJh4ZK0FfLvJURIjsYSB7jdIo,Casa lau,0 days 00:12:14,2026-04,2,False,"-34.6363768°, -58.3748847°",-34.6363768,-58.3748847
2026-04-15 20:07:29-03:00,2026-04-15 20:10:25-03:00,ChIJre7bZUrLvJUROnGZ8HlhbM0,Casa lau,0 days 00:02:56,2026-04,2,False,"-34.6363797°, -58.3752336°",-34.6363797,-58.3752336
2026-04-15 20:38:44-03:00,2026-04-15 21:10:22-03:00,ChIJvf4Z1yW0vJURbbSsI1T0Fhk,UNKNOWN,0 days 00:31:38,2026-04,2,False,"-34.5473952°, -58.4571874°",-34.5473952,-58.4571874
2026-04-15 21:38:21-03:00,2026-04-15 23:38:25-03:00,ChIJ7eDd5Tq0vJURDBvQjwO2u3k,Monumental,0 days 02:00:04,2026-04,2,False,"-34.5453404°, -58.4494332°",-34.5453404,-58.4494332
2026-04-15 21:38:21-03:00,2026-04-15 23:38:25-03:00,ChIJ340B5jq0vJURijD6W6dgfz0,Monumental,0 days 02:00:04,2026-04,2,False,"-34.5455302°, -58.4496732°",-34.5455302,-58.4496732
2026-04-16 01:20:22-03:00,2026-04-16 10:29:04-03:00,ChIJ5_qqHA_NvJURsYhmhKQxDh0,INFERRED_HOME,0 days 09:08:42,2026-04,3,False,"-34.7172444°, -58.4095029°",-34.7172444,-58.4095029
2026-04-16 11:30:11-03:00,2026-04-16 12:07:27-03:00,ChIJ6xYokMvKvJURSVdhnYwPp7s,UNKNOWN,0 days 00:37:16,2026-04,3,False,"-34.6000555°, -58.3754498°",-34.6000555,-58.3754498
2026-04-16 12:11:28-03:00,2026-04-16 12:26:25-03:00,ChIJeZBdPczKvJUR0HBJJSy2NiI,UNKNOWN,0 days 00:14:57,2026-04,3,False,"-34.6022372°, -58.3764792°",-34.6022372,-58.3764792
2026-04-16 12:36:19-03:00,2026-04-16 15:15:01-03:00,ChIJIxYSMMbKvJURqZGJyCpvOFM,Trabajo Teatro Colon,0 days 02:38:42,2026-04,3,False,"-34.601152°, -58.3833278°",-34.601152,-58.3833278
2026-04-16 15:31:46-03:00,2026-04-16 17:25:54-03:00,ChIJuZ28VzU1o5UR3yrH7JyU3FM,Trabajo Macro,0 days 01:54:08,2026-04,3,False,"-34.5940986°, -58.3717793°",-34.5940986,-58.3717793
2026-04-16 18:49:53-03:00,2026-04-16 20:56:19-03:00,ChIJ5_qqHA_NvJURsYhmhKQxDh0,INFERRED_HOME,0 days 02:06:26,2026-04,3,False,"-34.7172444°, -58.4095029°",-34.7172444,-58.4095029
2026-04-16 21:06:10-03:00,2026-04-17 00:28:34-03:00,ChIJ205JPiDNvJURGxlchjUiEmA,Bares Lanusita,0 days 03:22:24,2026-04,3,False,"-34.7017804°, -58.393452°",-34.7017804,-58.393452
2026-04-17 00:36:29-03:00,2026-04-17 10:34:24-03:00,ChIJ5_qqHA_NvJURsYhmhKQxDh0,INFERRED_HOME,0 days 09:57:55,2026-04,4,False,"-34.7172444°, -58.4095029°",-34.7172444,-58.4095029
2026-04-17 11:30:36-03:00,2026-04-17 11:37:56-03:00,ChIJ217apvCpSgARi1VOI06tvhE,UNKNOWN,0 days 00:07:20,2026-04,4,False,"-34.6037037°, -58.3816022°",-34.6037037,-58.3816022
2026-04-17 11:44:56-03:00,2026-04-17 13:04:44-03:00,ChIJWwNBpdLKvJUR0nZKx5c7nq4,Trabajo Galicia,0 days 01:19:48,2026-04,4,False,"-34.6054579°, -58.3724473°",-34.6054579,-58.3724473
2026-04-17 11:44:56-03:00,2026-04-17 13:04:44-03:00,ChIJPaop8M3KvJURbpDWE-rnX6c,Trabajo Galicia,0 days 01:19:48,2026-04,4,False,"-34.6058223°, -58.3726811°",-34.6058223,-58.3726811
2026-04-17 13:05:51-03:00,2026-04-17 15:33:11-03:00,ChIJS3xrUQDLvJURe9s1sM8yrao,Trabajo ICBC,0 days 02:27:20,2026-04,4,False,"-34.6069979°, -58.3749959°",-34.6069979,-58.3749959
2026-04-17 16:01:09-03:00,2026-04-17 16:04:09-03:00,ChIJUzg-m7TKvJURFFWLi1oLlFA,UNKNOWN,0 days 00:03:00,2026-04,4,False,"-34.5911987°, -58.3747633°",-34.5911987,-58.3747633
2026-04-17 16:04:09-03:00,2026-04-17 16:12:42-03:00,ChIJ2WVuqLPKvJURSMIERHR62l0,UNKNOWN,0 days 00:08:33,2026-04,4,False,"-34.5893615°, -58.3731595°",-34.5893615,-58.3731595
2026-04-17 17:05:08-03:00,2026-04-17 17:07:09-03:00,ChIJiQDEBCPNvJUR1iaRPp6sr38,UNKNOWN,0 days 00:02:01,2026-04,4,False,"-34.7075567°, -58.3908743°",-34.7075567,-58.3908743
2026-04-17 17:19:29-03:00,2026-04-18 11:06:32-03:00,ChIJ5_qqHA_NvJURsYhmhKQxDh0,INFERRED_HOME,0 days 17:47:03,2026-04,4,False,"-34.7172444°, -58.4095029°",-34.7172444,-58.4095029
2026-04-18 11:12:18-03:00,2026-04-18 12:14:00-03:00,ChIJD8SQF5DNvJURNtxm8W6eG0I,Barberia,0 days 01:01:42,2026-04,5,True,"-34.7072503°, -58.3956021°",-34.7072503,-58.3956021
2026-04-18 12:21:27-03:00,2026-04-18 13:52:53-03:00,ChIJ5_qqHA_NvJURsYhmhKQxDh0,INFERRED_HOME,0 days 01:31:26,2026-04,5,True,"-34.7172444°, -58.4095029°",-34.7172444,-58.4095029
2026-04-18 14:08:27-03:00,2026-04-18 14:14:10-03:00,ChIJt6mvqZrMvJURwEflIsBKbSQ,Casa madre,0 days 00:05:43,2026-04,5,True,"-34.673936°, -58.4054231°",-34.673936,-58.4054231
2026-04-18 14:26:20-03:00,2026-04-18 17:06:51-03:00,ChIJa9k_n1rMvJURmFjEVhsJ6zE,Casa abuelos,0 days 02:40:31,2026-04,5,True,"-34.7000175°, -58.4272267°",-34.7000175,-58.4272267
2026-04-18 17:13:30-03:00,2026-04-18 17:58:20-03:00,ChIJ5_qqHA_NvJURsYhmhKQxDh0,INFERRED_HOME,0 days 00:44:50,2026-04,5,True,"-34.7172444°, -58.4095029°",-34.7172444,-58.4095029
2026-04-18 18:06:55-03:00,2026-04-18 18:12:24-03:00,ChIJc5bnPkbNvJURel4yeHp9Fls,casa santi,0 days 00:05:29,2026-04,5,True,"-34.7212655°, -58.3843104°",-34.7212655,-58.3843104
2026-04-18 18:51:05-03:00,2026-04-18 18:59:31-03:00,ChIJlzjO6O_LvJURIeUqHsOQKto,UNKNOWN,0 days 00:08:26,2026-04,5,True,"-34.6090532°, -58.3811318°",-34.6090532,-58.3811318
2026-04-18 19:10:40-03:00,2026-04-18 22:48:40-03:00,ChIJXx79V9vKvJURS2GosE58c8w,UNKNOWN,0 days 03:38:00,2026-04,5,True,"-34.6083667°, -58.3722832°",-34.6083667,-58.3722832
2026-04-18 23:14:02-03:00,2026-04-18 23:23:00-03:00,ChIJ3WoAGtDKvJURApnZJc8DYUw,UNKNOWN,0 days 00:08:58,2026-04,5,True,"-34.6081912°, -58.3821971°",-34.6081912,-58.3821971
2026-04-18 23:14:02-03:00,2026-04-18 23:23:00-03:00,ChIJXfjOFtDKvJURljYt76zpx8g,UNKNOWN,0 days 00:08:58,2026-04,5,True,"-34.6082069°, -58.382253°",-34.6082069,-58.382253
2026-04-18 23:23:00-03:00,2026-04-19 00:31:12-03:00,ChIJlZhJERPKvJURYn4VfkUmKKw,Casa ema,0 days 01:08:12,2026-04,5,True,"-34.6082304°, -58.4419707°",-34.6082304,-58.4419707
2026-04-19 00:36:12-03:00,2026-04-19 00:55:44-03:00,ChIJ6dnwfgDLvJURURH-I_9UUAE,UNKNOWN,0 days 00:19:32,2026-04,6,True,"-34.608645°, -58.4374447°",-34.608645,-58.4374447
2026-04-19 00:59:04-03:00,2026-04-19 03:00:01-03:00,ChIJlZhJERPKvJURYn4VfkUmKKw,Casa ema,0 days 02:00:57,2026-04,6,True,"-34.6082304°, -58.4419707°",-34.6082304,-58.4419707
2026-04-19 03:43:25-03:00,2026-04-20 09:07:45-03:00,ChIJ5_qqHA_NvJURsYhmhKQxDh0,INFERRED_HOME,1 days 05:24:20,2026-04,6,True,"-34.7172444°, -58.4095029°",-34.7172444,-58.4095029
2026-04-20 09:27:49-03:00,2026-04-20 09:49:14-03:00,ChIJvZEaxFvSvJURNJ3v1oUuAso,UNKNOWN,0 days 00:21:25,2026-04,0,False,"-34.7755795°, -58.424209°",-34.7755795,-58.424209
2026-04-20 09:53:26-03:00,2026-04-20 10:03:16-03:00,ChIJj66pGu3SvJURyhnErxOp1e0,UNKNOWN,0 days 00:09:50,2026-04,0,False,"-34.7650471°, -58.4038061°",-34.7650471,-58.4038061
2026-04-20 11:52:24-03:00,2026-04-20 12:43:55-03:00,ChIJO5OvTjDLvJURn--oIpRP89Q,UNKNOWN,0 days 00:51:31,2026-04,0,False,"-34.6283037°, -58.3805292°",-34.6283037,-58.3805292
2026-04-20 12:51:28-03:00,2026-04-20 14:18:46-03:00,ChIJw3WzxWo1o5URJcgq_cDiz1w,Trabajo Santander,0 days 01:27:18,2026-04,0,False,"-34.6238922°, -58.3673348°",-34.6238922,-58.3673348
2026-04-20 12:51:28-03:00,2026-04-20 14:18:46-03:00,ChIJS8u27s00o5UR9dtpsV0MFkM,Trabajo Santander,0 days 01:27:18,2026-04,0,False,"-34.6238941°, -58.367137°",-34.6238941,-58.367137
2026-04-20 14:27:51-03:00,2026-04-20 15:58:13-03:00,ChIJXx79V9vKvJURS2GosE58c8w,UNKNOWN,0 days 01:30:22,2026-04,0,False,"-34.6083667°, -58.3722832°",-34.6083667,-58.3722832
2026-04-20 16:10:06-03:00,2026-04-20 17:01:12-03:00,ChIJVTJlXNLKvJURH9VZx-Qy428,Trabajo ICBC,0 days 00:51:06,2026-04,0,False,"-34.6069935°, -58.374986°",-34.6069935,-58.374986
2026-04-20 17:17:05-03:00,2026-04-20 17:23:05-03:00,ChIJ2WVuqLPKvJURSMIERHR62l0,UNKNOWN,0 days 00:06:00,2026-04,0,False,"-34.5893615°, -58.3731595°",-34.5893615,-58.3731595
2026-04-20 18:43:04-03:00,2026-04-21 08:15:36-03:00,ChIJ5_qqHA_NvJURsYhmhKQxDh0,INFERRED_HOME,0 days 13:32:32,2026-04,0,False,"-34.7172444°, -58.4095029°",-34.7172444,-58.4095029
2026-04-21 09:24:56-03:00,2026-04-21 17:05:44-03:00,ChIJiwnm7Ry1vJUR8nNieUyUB9I,UNKNOWN,0 days 07:40:48,2026-04,1,False,"-34.5908599°, -58.4527462°",-34.5908599,-58.4527462
2026-04-21 18:08:03-03:00,2026-04-22 10:46:17-03:00,ChIJ5_qqHA_NvJURsYhmhKQxDh0,INFERRED_HOME,0 days 16:38:14,2026-04,1,False,"-34.7172444°, -58.4095029°",-34.7172444,-58.4095029
2026-04-22 11:53:01-03:00,2026-04-22 13:44:33-03:00,ChIJuZ28VzU1o5UR3yrH7JyU3FM,Trabajo Macro,0 days 01:51:32,2026-04,2,False,"-34.5940986°, -58.3717793°",-34.5940986,-58.3717793
2026-04-22 14:05:48-03:00,2026-04-22 15:32:58-03:00,ChIJWwNBpdLKvJUR0nZKx5c7nq4,Trabajo Galicia,0 days 01:27:10,2026-04,2,False,"-34.6054579°, -58.3724473°",-34.6054579,-58.3724473
2026-04-22 14:05:48-03:00,2026-04-22 15:30:04-03:00,ChIJPaop8M3KvJURbpDWE-rnX6c,Trabajo Galicia,0 days 01:24:16,2026-04,2,False,"-34.6058223°, -58.3726811°",-34.6058223,-58.3726811
2026-04-22 15:46:38-03:00,2026-04-22 17:14:43-03:00,ChIJozcskDQ1o5UR5Oc85yFQ8lE,Trabajo BBVA,0 days 01:28:05,2026-04,2,False,"-34.5975104°, -58.3700036°",-34.5975104,-58.3700036
2026-04-22 17:22:19-03:00,2026-04-22 17:28:51-03:00,ChIJ2WVuqLPKvJURSMIERHR62l0,UNKNOWN,0 days 00:06:32,2026-04,2,False,"-34.5893615°, -58.3731595°",-34.5893615,-58.3731595
2026-04-22 19:33:18-03:00,2026-04-23 08:57:47-03:00,ChIJ5_qqHA_NvJURsYhmhKQxDh0,INFERRED_HOME,0 days 13:24:29,2026-04,2,False,"-34.7172444°, -58.4095029°",-34.7172444,-58.4095029
2026-04-23 08:59:15-03:00,2026-04-23 09:05:10-03:00,ChIJMzGlxw_NvJUR0UobwG_mK24,UNKNOWN,0 days 00:05:55,2026-04,3,False,"-34.7162°, -58.40728°",-34.7162,-58.40728
2026-04-23 10:13:27-03:00,2026-04-23 10:32:32-03:00,ChIJ_Zyvj8vLvJURz0UeXv4y_qI,UNKNOWN,0 days 00:19:05,2026-04,3,False,"-34.6015612°, -58.3751887°",-34.6015612,-58.3751887
2026-04-23 10:15:28-03:00,2026-04-23 10:32:32-03:00,ChIJH5Gl6bTLvJURGtgO7jqgbcM,UNKNOWN,0 days 00:17:04,2026-04,3,False,"-34.6015612°, -58.3751887°",-34.6015612,-58.3751887
2026-04-23 10:35:37-03:00,2026-04-23 12:26:28-03:00,ChIJRREV783KvJURxKvamfe-iBE,UNKNOWN,0 days 01:50:51,2026-04,3,False,"-34.6051205°, -58.3766535°",-34.6051205,-58.3766535
2026-04-23 13:09:25-03:00,2026-04-23 13:34:00-03:00,ChIJPbtP4lfKvJURDPKYCQYlUnw,WORK,0 days 00:24:35,2026-04,3,False,"-34.5436434°, -58.5172221°",-34.5436434,-58.5172221
2026-04-23 14:15:05-03:00,2026-04-23 14:30:04-03:00,ChIJIxYSMMbKvJURqZGJyCpvOFM,Trabajo Teatro Colon,0 days 00:14:59,2026-04,3,False,"-34.601152°, -58.3833278°",-34.601152,-58.3833278
2026-04-23 14:30:39-03:00,2026-04-23 14:58:03-03:00,ChIJ217apvCpSgARi1VOI06tvhE,UNKNOWN,0 days 00:27:24,2026-04,3,False,"-34.6037037°, -58.3816022°",-34.6037037,-58.3816022
2026-04-23 15:10:53-03:00,2026-04-23 16:32:43-03:00,ChIJXx79V9vKvJURS2GosE58c8w,UNKNOWN,0 days 01:21:50,2026-04,3,False,"-34.6083667°, -58.3722832°",-34.6083667,-58.3722832
2026-04-23 17:43:24-03:00,2026-04-23 20:49:23-03:00,ChIJ5_qqHA_NvJURsYhmhKQxDh0,INFERRED_HOME,0 days 03:05:59,2026-04,3,False,"-34.7172444°, -58.4095029°",-34.7172444,-58.4095029
2026-04-23 20:54:09-03:00,2026-04-23 21:04:10-03:00,ChIJ2-6zoP_MvJURqdyG1h_7tag,UNKNOWN,0 days 00:10:01,2026-04,3,False,"-34.7044212°, -58.4155711°",-34.7044212,-58.4155711
2026-04-23 21:16:32-03:00,2026-04-23 21:46:51-03:00,ChIJt6mvqZrMvJURwEflIsBKbSQ,Casa madre,0 days 00:30:19,2026-04,3,False,"-34.673936°, -58.4054231°",-34.673936,-58.4054231
2026-04-23 22:01:25-03:00,2026-04-24 00:24:51-03:00,ChIJt6mvqZrMvJURwEflIsBKbSQ,Casa madre,0 days 02:23:26,2026-04,3,False,"-34.673936°, -58.4054231°",-34.673936,-58.4054231
2026-04-24 00:38:14-03:00,2026-04-24 08:44:22-03:00,ChIJ5_qqHA_NvJURsYhmhKQxDh0,INFERRED_HOME,0 days 08:06:08,2026-04,4,False,"-34.7172444°, -58.4095029°",-34.7172444,-58.4095029
2026-04-24 09:42:58-03:00,2026-04-24 17:07:56-03:00,ChIJiwnm7Ry1vJUR8nNieUyUB9I,UNKNOWN,0 days 07:24:58,2026-04,4,False,"-34.5908599°, -58.4527462°",-34.5908599,-58.4527462
2026-04-24 18:10:18-03:00,2026-04-25 11:15:28-03:00,ChIJ5_qqHA_NvJURsYhmhKQxDh0,INFERRED_HOME,0 days 17:05:10,2026-04,4,False,"-34.7172444°, -58.4095029°",-34.7172444,-58.4095029
2026-04-25 11:24:54-03:00,2026-04-25 12:42:51-03:00,ChIJD8SQF5DNvJURNtxm8W6eG0I,Barberia,0 days 01:17:57,2026-04,5,True,"-34.7072503°, -58.3956021°",-34.7072503,-58.3956021
2026-04-25 12:45:10-03:00,2026-04-25 13:15:23-03:00,ChIJX7ZB7MnNvJURzdliotPzuRw,UNKNOWN,0 days 00:30:13,2026-04,5,True,"-34.7080318°, -58.394899°",-34.7080318,-58.394899
2026-04-25 13:35:17-03:00,2026-04-25 13:40:20-03:00,ChIJt6mvqZrMvJURwEflIsBKbSQ,Casa madre,0 days 00:05:03,2026-04,5,True,"-34.673936°, -58.4054231°",-34.673936,-58.4054231
2026-04-25 13:57:14-03:00,2026-04-25 16:28:27-03:00,ChIJc76vqlrMvJUR2rFJ_9-mceM,Casa abuelos,0 days 02:31:13,2026-04,5,True,"-34.70057°, -58.42861°",-34.70057,-58.42861
2026-04-25 17:12:03-03:00,2026-04-25 18:58:57-03:00,ChIJ07DpvfjMvJURKcDXLNvBj-0,UNKNOWN,0 days 01:46:54,2026-04,5,True,"-34.7008935°, -58.4163779°",-34.7008935,-58.4163779
2026-04-25 19:27:58-03:00,2026-04-26 01:03:27-03:00,ChIJ5_qqHA_NvJURsYhmhKQxDh0,INFERRED_HOME,0 days 05:35:29,2026-04,5,True,"-34.7172444°, -58.4095029°",-34.7172444,-58.4095029
2026-04-26 02:13:47-03:00,2026-04-26 06:07:03-03:00,ChIJQRkCVQDLvJUR1xpMRiNjzXg,UNKNOWN,0 days 03:53:16,2026-04,6,True,"-34.6124613°, -58.3833634°",-34.6124613,-58.3833634
2026-04-26 06:45:16-03:00,2026-04-27 08:55:31-03:00,ChIJ5_qqHA_NvJURsYhmhKQxDh0,INFERRED_HOME,1 days 02:10:15,2026-04,6,True,"-34.7172444°, -58.4095029°",-34.7172444,-58.4095029
2026-04-27 09:52:29-03:00,2026-04-27 17:13:41-03:00,ChIJiwnm7Ry1vJUR8nNieUyUB9I,UNKNOWN,0 days 07:21:12,2026-04,0,False,"-34.5908599°, -58.4527462°",-34.5908599,-58.4527462
2026-04-27 17:21:30-03:00,2026-04-27 17:27:45-03:00,ChIJt_1UgPe1vJURMk_HYyws79w,UNKNOWN,0 days 00:06:15,2026-04,0,False,"-34.5951782°, -58.4512698°",-34.5951782,-58.4512698
2026-04-27 18:24:01-03:00,2026-04-27 21:22:17-03:00,ChIJ5_qqHA_NvJURsYhmhKQxDh0,INFERRED_HOME,0 days 02:58:16,2026-04,0,False,"-34.7172444°, -58.4095029°",-34.7172444,-58.4095029
2026-04-27 21:36:56-03:00,2026-04-27 23:11:04-03:00,ChIJt6mvqZrMvJURwEflIsBKbSQ,Casa madre,0 days 01:34:08,2026-04,0,False,"-34.673936°, -58.4054231°",-34.673936,-58.4054231
2026-04-27 23:31:46-03:00,2026-04-28 08:03:33-03:00,ChIJ5_qqHA_NvJURsYhmhKQxDh0,INFERRED_HOME,0 days 08:31:47,2026-04,0,False,"-34.7172444°, -58.4095029°",-34.7172444,-58.4095029
2026-04-28 09:27:08-03:00,2026-04-28 10:25:56-03:00,ChIJPbtP4lfKvJURDPKYCQYlUnw,WORK,0 days 00:58:48,2026-04,1,False,"-34.5436434°, -58.5172221°",-34.5436434,-58.5172221
2026-04-28 11:04:33-03:00,2026-04-28 12:59:42-03:00,ChIJIxYSMMbKvJURqZGJyCpvOFM,Trabajo Teatro Colon,0 days 01:55:09,2026-04,1,False,"-34.601152°, -58.3833278°",-34.601152,-58.3833278
2026-04-28 13:09:38-03:00,2026-04-28 14:42:47-03:00,ChIJuZ28VzU1o5UR3yrH7JyU3FM,Trabajo Macro,0 days 01:33:09,2026-04,1,False,"-34.5940986°, -58.3717793°",-34.5940986,-58.3717793
2026-04-28 15:05:51-03:00,2026-04-28 16:26:12-03:00,ChIJS3xrUQDLvJURe9s1sM8yrao,Trabajo ICBC,0 days 01:20:21,2026-04,1,False,"-34.6069979°, -58.3749959°",-34.6069979,-58.3749959
2026-04-28 16:36:40-03:00,2026-04-28 16:43:39-03:00,ChIJIxYSMMbKvJURqZGJyCpvOFM,Trabajo Teatro Colon,0 days 00:06:59,2026-04,1,False,"-34.601152°, -58.3833278°",-34.601152,-58.3833278
2026-04-28 17:39:36-03:00,2026-04-29 08:50:12-03:00,ChIJ5_qqHA_NvJURsYhmhKQxDh0,INFERRED_HOME,0 days 15:10:36,2026-04,1,False,"-34.7172444°, -58.4095029°",-34.7172444,-58.4095029
2026-04-29 09:52:41-03:00,2026-04-29 17:03:05-03:00,ChIJiwnm7Ry1vJUR8nNieUyUB9I,UNKNOWN,0 days 07:10:24,2026-04,2,False,"-34.5908599°, -58.4527462°",-34.5908599,-58.4527462
2026-04-29 18:08:24-03:00,2026-04-30 08:07:01-03:00,ChIJ5_qqHA_NvJURsYhmhKQxDh0,INFERRED_HOME,0 days 13:58:37,2026-04,2,False,"-34.7172444°, -58.4095029°",-34.7172444,-58.4095029
2026-04-30 10:15:27-03:00,2026-04-30 11:03:45-03:00,ChIJPbtP4lfKvJURDPKYCQYlUnw,WORK,0 days 00:48:18,2026-04,3,False,"-34.5436434°, -58.5172221°",-34.5436434,-58.5172221
2026-04-30 12:22:17-03:00,2026-04-30 15:03:45-03:00,ChIJIxYSMMbKvJURqZGJyCpvOFM,Trabajo Teatro Colon,0 days 02:41:28,2026-04,3,False,"-34.601152°, -58.3833278°",-34.601152,-58.3833278
2026-04-30 15:12:16-03:00,2026-04-30 16:16:05-03:00,ChIJS3xrUQDLvJURe9s1sM8yrao,Trabajo ICBC,0 days 01:03:49,2026-04,3,False,"-34.6069979°, -58.3749959°",-34.6069979,-58.3749959
2026-04-30 16:19:25-03:00,2026-04-30 16:27:06-03:00,ChIJAwLgB3LLvJUR45iyk-N3mEg,UNKNOWN,0 days 00:07:41,2026-04,3,False,"-34.6022713°, -58.3749475°",-34.6022713,-58.3749475
2026-04-30 16:30:54-03:00,2026-04-30 16:39:33-03:00,ChIJ2W2PlDI1o5URfvvS6r0e4cs,UNKNOWN,0 days 00:08:39,2026-04,3,False,"-34.6029924°, -58.3700536°",-34.6029924,-58.3700536
2026-04-30 16:49:21-03:00,2026-04-30 17:06:40-03:00,ChIJIxYSMMbKvJURqZGJyCpvOFM,Trabajo Teatro Colon,0 days 00:17:19,2026-04,3,False,"-34.601152°, -58.3833278°",-34.601152,-58.3833278
2026-04-30 18:21:22-03:00,2026-04-30 19:17:23-03:00,ChIJ5_qqHA_NvJURsYhmhKQxDh0,INFERRED_HOME,0 days 00:56:01,2026-04,3,False,"-34.7172444°, -58.4095029°",-34.7172444,-58.4095029
2026-04-30 20:36:46-03:00,2026-05-01 02:37:14-03:00,ChIJlZhJERPKvJURYn4VfkUmKKw,Casa ema,0 days 06:00:28,2026-04,3,False,"-34.6082304°, -58.4419707°",-34.6082304,-58.4419707
2026-05-01 03:26:28-03:00,2026-05-02 11:33:16-03:00,ChIJ5_qqHA_NvJURsYhmhKQxDh0,INFERRED_HOME,1 days 08:06:48,2026-05,4,False,"-34.7172444°, -58.4095029°",-34.7172444,-58.4095029
2026-05-02 11:39:36-03:00,2026-05-02 12:39:11-03:00,ChIJCbWWvRjNvJUREHqhy2YdI-Q,Barberia,0 days 00:59:35,2026-05,5,True,"-34.7072332°, -58.3956118°",-34.7072332,-58.3956118
2026-05-02 12:54:10-03:00,2026-05-02 12:58:10-03:00,ChIJt6mvqZrMvJURwEflIsBKbSQ,Casa madre,0 days 00:04:00,2026-05,5,True,"-34.673936°, -58.4054231°",-34.673936,-58.4054231
2026-05-02 13:11:28-03:00,2026-05-02 17:00:01-03:00,ChIJ07U9l1rMvJUR45T1QwpzrYI,Casa abuelos,0 days 03:48:33,2026-05,5,True,"-34.6994748°, -58.4270458°",-34.6994748,-58.4270458
2026-05-02 17:08:20-03:00,2026-05-02 19:00:23-03:00,ChIJc76vqlrMvJUR2rFJ_9-mceM,Casa abuelos,0 days 01:52:03,2026-05,5,True,"-34.70057°, -58.42861°",-34.70057,-58.42861
2026-05-02 19:26:11-03:00,2026-05-03 17:45:09-03:00,ChIJ5_qqHA_NvJURsYhmhKQxDh0,INFERRED_HOME,0 days 22:18:58,2026-05,5,True,"-34.7172444°, -58.4095029°",-34.7172444,-58.4095029
2026-05-03 17:56:12-03:00,2026-05-03 20:10:30-03:00,ChIJiQDEBCPNvJUR1iaRPp6sr38,UNKNOWN,0 days 02:14:18,2026-05,6,True,"-34.7075567°, -58.3908743°",-34.7075567,-58.3908743
2026-05-03 20:19:36-03:00,2026-05-04 08:16:50-03:00,ChIJ5_qqHA_NvJURsYhmhKQxDh0,INFERRED_HOME,0 days 11:57:14,2026-05,6,True,"-34.7172444°, -58.4095029°",-34.7172444,-58.4095029
2026-05-04 08:52:04-03:00,2026-05-04 11:55:12-03:00,ChIJQzFQxW62vJURACEj-ejKoeI,UNKNOWN,0 days 03:03:08,2026-05,0,False,"-34.6085133°, -58.4815343°",-34.6085133,-58.4815343
2026-05-04 11:59:21-03:00,2026-05-04 13:07:26-03:00,ChIJ1XuJufbJvJURr4S3ldwCfX4,UNKNOWN,0 days 01:08:05,2026-05,0,False,"-34.6089221°, -58.4832242°",-34.6089221,-58.4832242
2026-05-04 13:07:26-03:00,2026-05-04 13:13:02-03:00,ChIJQzFQxW62vJURACEj-ejKoeI,UNKNOWN,0 days 00:05:36,2026-05,0,False,"-34.6085133°, -58.4815343°",-34.6085133,-58.4815343
2026-05-04 13:40:34-03:00,2026-05-04 14:06:52-03:00,ChIJIxYSMMbKvJURqZGJyCpvOFM,Trabajo Teatro Colon,0 days 00:26:18,2026-05,0,False,"-34.601152°, -58.3833278°",-34.601152,-58.3833278
2026-05-04 14:17:23-03:00,2026-05-04 14:26:49-03:00,ChIJeZBdPczKvJUR0HBJJSy2NiI,UNKNOWN,0 days 00:09:26,2026-05,0,False,"-34.6022372°, -58.3764792°",-34.6022372,-58.3764792
2026-05-04 14:37:20-03:00,2026-05-04 15:40:05-03:00,ChIJXx79V9vKvJURS2GosE58c8w,UNKNOWN,0 days 01:02:45,2026-05,0,False,"-34.6083667°, -58.3722832°",-34.6083667,-58.3722832
2026-05-04 15:44:11-03:00,2026-05-04 17:06:57-03:00,ChIJw1s1NMG5vJURNA2CAhYcYec,UNKNOWN,0 days 01:22:46,2026-05,0,False,"-34.6075694°, -58.3732574°",-34.6075694,-58.3732574
2026-05-04 17:26:01-03:00,2026-05-04 18:02:53-03:00,ChIJIxYSMMbKvJURqZGJyCpvOFM,Trabajo Teatro Colon,0 days 00:36:52,2026-05,0,False,"-34.601152°, -58.3833278°",-34.601152,-58.3833278
2026-05-04 18:39:36-03:00,2026-05-04 19:57:28-03:00,ChIJ5_qqHA_NvJURsYhmhKQxDh0,INFERRED_HOME,0 days 01:17:52,2026-05,0,False,"-34.7172444°, -58.4095029°",-34.7172444,-58.4095029
2026-05-04 19:59:29-03:00,2026-05-04 20:07:16-03:00,ChIJrw867Q7NvJUR2_z7EyN-Qck,UNKNOWN,0 days 00:07:47,2026-05,0,False,"-34.7188036°, -58.4096209°",-34.7188036,-58.4096209
2026-05-04 20:11:17-03:00,2026-05-05 09:04:22-03:00,ChIJ5_qqHA_NvJURsYhmhKQxDh0,INFERRED_HOME,0 days 12:53:05,2026-05,0,False,"-34.7172444°, -58.4095029°",-34.7172444,-58.4095029
2026-05-05 09:47:54-03:00,2026-05-05 17:05:25-03:00,ChIJiwnm7Ry1vJUR8nNieUyUB9I,UNKNOWN,0 days 07:17:31,2026-05,1,False,"-34.5908599°, -58.4527462°",-34.5908599,-58.4527462
2026-05-05 17:53:15-03:00,2026-05-06 08:38:41-03:00,ChIJ5_qqHA_NvJURsYhmhKQxDh0,INFERRED_HOME,0 days 14:45:26,2026-05,1,False,"-34.7172444°, -58.4095029°",-34.7172444,-58.4095029
2026-05-06 09:33:29-03:00,2026-05-06 17:20:34-03:00,ChIJiwnm7Ry1vJUR8nNieUyUB9I,UNKNOWN,0 days 07:47:05,2026-05,2,False,"-34.5908599°, -58.4527462°",-34.5908599,-58.4527462
2026-05-06 18:44:24-03:00,2026-05-06 18:52:38-03:00,ChIJrw867Q7NvJUR2_z7EyN-Qck,UNKNOWN,0 days 00:08:14,2026-05,2,False,"-34.7188036°, -58.4096209°",-34.7188036,-58.4096209
2026-05-06 18:53:46-03:00,2026-05-07 10:57:56-03:00,ChIJ5_qqHA_NvJURsYhmhKQxDh0,INFERRED_HOME,0 days 16:04:10,2026-05,2,False,"-34.7172444°, -58.4095029°",-34.7172444,-58.4095029
2026-05-07 12:00:16-03:00,2026-05-07 12:22:06-03:00,ChIJuZ28VzU1o5UR3yrH7JyU3FM,Trabajo Macro,0 days 00:21:50,2026-05,3,False,"-34.5940986°, -58.3717793°",-34.5940986,-58.3717793
2026-05-07 12:27:41-03:00,2026-05-07 14:54:32-03:00,ChIJozcskDQ1o5UR5Oc85yFQ8lE,Trabajo BBVA,0 days 02:26:51,2026-05,3,False,"-34.5975104°, -58.3700036°",-34.5975104,-58.3700036
2026-05-07 15:09:56-03:00,2026-05-07 15:27:14-03:00,ChIJgWdTK0rLvJUR8U_7Xq3V7Bk,Trabajo Galicia,0 days 00:17:18,2026-05,3,False,"-34.605719°, -58.3722054°",-34.605719,-58.3722054
2026-05-07 15:45:18-03:00,2026-05-07 16:10:17-03:00,ChIJ-YHoIiDLvJURupaMEGDPQQY,UNKNOWN,0 days 00:24:59,2026-05,3,False,"-34.6007223°, -58.3809999°",-34.6007223,-58.3809999
2026-05-07 17:04:43-03:00,2026-05-08 12:39:00-03:00,ChIJ5_qqHA_NvJURsYhmhKQxDh0,INFERRED_HOME,0 days 19:34:17,2026-05,3,False,"-34.7172444°, -58.4095029°",-34.7172444,-58.4095029
2026-05-08 13:48:44-03:00,2026-05-08 16:05:41-03:00,ChIJWwNBpdLKvJUR0nZKx5c7nq4,Trabajo Galicia,0 days 02:16:57,2026-05,4,False,"-34.6054579°, -58.3724473°",-34.6054579,-58.3724473
2026-05-08 13:50:46-03:00,2026-05-08 16:05:41-03:00,ChIJPaop8M3KvJURbpDWE-rnX6c,Trabajo Galicia,0 days 02:14:55,2026-05,4,False,"-34.6058223°, -58.3726811°",-34.6058223,-58.3726811
2026-05-08 16:07:43-03:00,2026-05-08 16:15:21-03:00,ChIJ_0QXQC01o5URrGxz2UwsFdg,UNKNOWN,0 days 00:07:38,2026-05,4,False,"-34.6054455°, -58.3703929°",-34.6054455,-58.3703929
2026-05-08 17:39:58-03:00,2026-05-09 10:53:07-03:00,ChIJn_zkHA_NvJUR7yILmZdoPHc,UNKNOWN,0 days 17:13:09,2026-05,4,False,"-34.7174026°, -58.4096116°",-34.7174026,-58.4096116
2026-05-09 11:04:48-03:00,2026-05-09 12:23:42-03:00,ChIJCbWWvRjNvJUREHqhy2YdI-Q,Barberia,0 days 01:18:54,2026-05,5,True,"-34.7072332°, -58.3956118°",-34.7072332,-58.3956118
2026-05-09 12:27:02-03:00,2026-05-09 12:37:49-03:00,ChIJiQDEBCPNvJUR1iaRPp6sr38,UNKNOWN,0 days 00:10:47,2026-05,5,True,"-34.7075567°, -58.3908743°",-34.7075567,-58.3908743
2026-05-09 12:56:16-03:00,2026-05-09 13:08:31-03:00,ChIJt6mvqZrMvJURwEflIsBKbSQ,Casa madre,0 days 00:12:15,2026-05,5,True,"-34.673936°, -58.4054231°",-34.673936,-58.4054231
2026-05-09 13:22:55-03:00,2026-05-09 16:30:24-03:00,ChIJa9k_n1rMvJURmFjEVhsJ6zE,Casa abuelos,0 days 03:07:29,2026-05,5,True,"-34.7000175°, -58.4272267°",-34.7000175,-58.4272267
2026-05-09 16:37:26-03:00,2026-05-09 17:43:47-03:00,ChIJ5_qqHA_NvJURsYhmhKQxDh0,INFERRED_HOME,0 days 01:06:21,2026-05,5,True,"-34.7172444°, -58.4095029°",-34.7172444,-58.4095029
2026-05-09 17:53:03-03:00,2026-05-09 17:57:56-03:00,ChIJBZiI81DMvJUR7g6IHqjwaI4,Casa abuelos,0 days 00:04:53,2026-05,5,True,"-34.7012064°, -58.4255272°",-34.7012064,-58.4255272
2026-05-09 18:07:50-03:00,2026-05-09 18:14:37-03:00,ChIJfaTsoBfNvJURz6hScz-h-3U,UNKNOWN,0 days 00:06:47,2026-05,5,True,"-34.7129023°, -58.3972906°",-34.7129023,-58.3972906
2026-05-09 18:27:13-03:00,2026-05-09 20:58:02-03:00,ChIJ5zQgH6oyo5UR1ZFL3oUlYgc,Casa pablo,0 days 02:30:49,2026-05,5,True,"-34.7314837°, -58.3661421°",-34.7314837,-58.3661421
2026-05-09 21:10:33-03:00,2026-05-10 02:26:25-03:00,ChIJ4f09BKoyo5URRI4Km8H2xVY,Casa pablo,0 days 05:15:52,2026-05,5,True,"-34.7321423°, -58.3664323°",-34.7321423,-58.3664323
2026-05-10 02:38:01-03:00,2026-05-10 18:25:32-03:00,ChIJ5_qqHA_NvJURsYhmhKQxDh0,INFERRED_HOME,0 days 15:47:31,2026-05,6,True,"-34.7172444°, -58.4095029°",-34.7172444,-58.4095029
2026-05-10 18:44:05-03:00,2026-05-10 19:05:10-03:00,ChIJ07U9l1rMvJUR45T1QwpzrYI,Casa abuelos,0 days 00:21:05,2026-05,6,True,"-34.6994748°, -58.4270458°",-34.6994748,-58.4270458
2026-05-10 19:19:43-03:00,2026-05-11 11:15:53-03:00,ChIJ5_qqHA_NvJURsYhmhKQxDh0,INFERRED_HOME,0 days 15:56:10,2026-05,6,True,"-34.7172444°, -58.4095029°",-34.7172444,-58.4095029
2026-05-11 11:26:30-03:00,2026-05-11 11:43:20-03:00,ChIJMzGlxw_NvJUR0UobwG_mK24,UNKNOWN,0 days 00:16:50,2026-05,0,False,"-34.7162°, -58.40728°",-34.7162,-58.40728
2026-05-11 12:53:45-03:00,2026-05-11 13:45:20-03:00,ChIJWwNBpdLKvJUR0nZKx5c7nq4,Trabajo Galicia,0 days 00:51:35,2026-05,0,False,"-34.6054579°, -58.3724473°",-34.6054579,-58.3724473
2026-05-11 12:57:45-03:00,2026-05-11 13:45:20-03:00,ChIJPaop8M3KvJURbpDWE-rnX6c,Trabajo Galicia,0 days 00:47:35,2026-05,0,False,"-34.6058223°, -58.3726811°",-34.6058223,-58.3726811
2026-05-11 14:05:57-03:00,2026-05-11 14:57:15-03:00,ChIJJ6UiqcbKvJUR4nxYpnMR9wI,Restaurantes Av Corrientes,0 days 00:51:18,2026-05,0,False,"-34.6043°, -58.388441°",-34.6043,-58.388441
2026-05-11 15:18:15-03:00,2026-05-11 17:24:28-03:00,ChIJ-5b1MtLKvJUR_MRYyAEgpow,UNKNOWN,0 days 02:06:13,2026-05,0,False,"-34.6083322°, -58.3766457°",-34.6083322,-58.3766457
2026-05-11 15:19:15-03:00,2026-05-11 17:24:28-03:00,ChIJAxcRzNPKvJURdTfUenR6Yxg,UNKNOWN,0 days 02:05:13,2026-05,0,False,"-34.6085502°, -58.3766474°",-34.6085502,-58.3766474
2026-05-11 17:46:15-03:00,2026-05-11 17:51:49-03:00,ChIJ2WVuqLPKvJURSMIERHR62l0,UNKNOWN,0 days 00:05:34,2026-05,0,False,"-34.5893615°, -58.3731595°",-34.5893615,-58.3731595
2026-05-11 19:02:43-03:00,2026-05-12 09:16:12-03:00,ChIJ5_qqHA_NvJURsYhmhKQxDh0,INFERRED_HOME,0 days 14:13:29,2026-05,0,False,"-34.7172444°, -58.4095029°",-34.7172444,-58.4095029
2026-05-12 09:54:00-03:00,2026-05-12 14:51:32-03:00,ChIJPbtP4lfKvJURDPKYCQYlUnw,WORK,0 days 04:57:32,2026-05,1,False,"-34.5436434°, -58.5172221°",-34.5436434,-58.5172221
2026-05-12 15:11:35-03:00,2026-05-12 15:25:25-03:00,ChIJ2U2DktQ0o5URzyd8tzy4iuA,UNKNOWN,0 days 00:13:50,2026-05,1,False,"-34.618063°, -58.3817405°",-34.618063,-58.3817405
2026-05-12 16:12:37-03:00,2026-05-12 16:53:50-03:00,ChIJS3QMG0qxvJURPyvMjyLFDrg,SEARCHED_ADDRESS,0 days 00:41:13,2026-05,1,False,"-34.5228547°, -58.4849909°",-34.5228547,-58.4849909
2026-05-12 17:43:04-03:00,2026-05-12 18:06:09-03:00,ChIJNZVAFz3NvJURIMwHZK8FMWM,Barberia nuevo,0 days 00:23:05,2026-05,1,False,"-34.7118053°, -58.392751°",-34.7118053,-58.392751
2026-05-12 18:13:28-03:00,2026-05-13 08:58:28-03:00,ChIJ5_qqHA_NvJURsYhmhKQxDh0,INFERRED_HOME,0 days 14:45:00,2026-05,1,False,"-34.7172444°, -58.4095029°",-34.7172444,-58.4095029
2026-05-13 09:01:52-03:00,2026-05-13 09:05:21-03:00,ChIJMzGlxw_NvJUR0UobwG_mK24,UNKNOWN,0 days 00:03:29,2026-05,2,False,"-34.7162°, -58.40728°",-34.7162,-58.40728
2026-05-13 10:06:32-03:00,2026-05-13 10:23:30-03:00,ChIJwYgY6dLKvJURRGVEQaerEyA,UNKNOWN,0 days 00:16:58,2026-05,2,False,"-34.6069572°, -58.373416°",-34.6069572,-58.373416
2026-05-13 10:23:30-03:00,2026-05-13 10:35:57-03:00,ChIJXx79V9vKvJURS2GosE58c8w,UNKNOWN,0 days 00:12:27,2026-05,2,False,"-34.6083667°, -58.3722832°",-34.6083667,-58.3722832
2026-05-13 11:09:11-03:00,2026-05-13 13:06:14-03:00,ChIJuZ28VzU1o5UR3yrH7JyU3FM,Trabajo Macro,0 days 01:57:03,2026-05,2,False,"-34.5940986°, -58.3717793°",-34.5940986,-58.3717793
2026-05-13 13:17:02-03:00,2026-05-13 15:58:58-03:00,ChIJS3xrUQDLvJURe9s1sM8yrao,Trabajo ICBC,0 days 02:41:56,2026-05,2,False,"-34.6069979°, -58.3749959°",-34.6069979,-58.3749959
2026-05-13 16:16:51-03:00,2026-05-13 16:22:47-03:00,ChIJUzg-m7TKvJURFFWLi1oLlFA,UNKNOWN,0 days 00:05:56,2026-05,2,False,"-34.5911987°, -58.3747633°",-34.5911987,-58.3747633
2026-05-13 17:26:23-03:00,2026-05-13 18:00:32-03:00,ChIJ9fewISLNvJUR4h2TW4njay0,UNKNOWN,0 days 00:34:09,2026-05,2,False,"-34.705511°, -58.392962°",-34.705511,-58.392962
2026-05-13 18:18:16-03:00,2026-05-13 18:36:35-03:00,ChIJH2HAxyLNvJURydVLYEpBKVQ,UNKNOWN,0 days 00:18:19,2026-05,2,False,"-34.709612°, -58.392985°",-34.709612,-58.392985
2026-05-13 18:48:56-03:00,2026-05-14 10:34:05-03:00,ChIJ5_qqHA_NvJURsYhmhKQxDh0,INFERRED_HOME,0 days 15:45:09,2026-05,2,False,"-34.7172444°, -58.4095029°",-34.7172444,-58.4095029
2026-05-14 10:37:25-03:00,2026-05-14 10:42:31-03:00,ChIJMzGlxw_NvJUR0UobwG_mK24,UNKNOWN,0 days 00:05:06,2026-05,3,False,"-34.7162°, -58.40728°",-34.7162,-58.40728
2026-05-14 11:37:36-03:00,2026-05-14 16:23:32-03:00,ChIJIxYSMMbKvJURqZGJyCpvOFM,Trabajo Teatro Colon,0 days 04:45:56,2026-05,3,False,"-34.601152°, -58.3833278°",-34.601152,-58.3833278
2026-05-14 16:35:00-03:00,2026-05-14 16:50:31-03:00,ChIJS3xrUQDLvJURe9s1sM8yrao,Trabajo ICBC,0 days 00:15:31,2026-05,3,False,"-34.6069979°, -58.3749959°",-34.6069979,-58.3749959
2026-05-14 18:20:27-03:00,2026-05-14 21:42:24-03:00,ChIJ5_qqHA_NvJURsYhmhKQxDh0,INFERRED_HOME,0 days 03:21:57,2026-05,3,False,"-34.7172444°, -58.4095029°",-34.7172444,-58.4095029
2026-05-14 21:56:34-03:00,2026-05-14 23:45:45-03:00,ChIJt6mvqZrMvJURwEflIsBKbSQ,Casa madre,0 days 01:49:11,2026-05,3,False,"-34.673936°, -58.4054231°",-34.673936,-58.4054231
2026-05-14 23:59:57-03:00,2026-05-15 08:28:53-03:00,ChIJ5_qqHA_NvJURsYhmhKQxDh0,INFERRED_HOME,0 days 08:28:56,2026-05,3,False,"-34.7172444°, -58.4095029°",-34.7172444,-58.4095029
2026-05-15 09:33:20-03:00,2026-05-15 12:26:52-03:00,ChIJWwNBpdLKvJUR0nZKx5c7nq4,Trabajo Galicia,0 days 02:53:32,2026-05,4,False,"-34.6054579°, -58.3724473°",-34.6054579,-58.3724473
2026-05-15 09:33:20-03:00,2026-05-15 12:06:48-03:00,ChIJPaop8M3KvJURbpDWE-rnX6c,Trabajo Galicia,0 days 02:33:28,2026-05,4,False,"-34.6058223°, -58.3726811°",-34.6058223,-58.3726811
2026-05-15 12:33:05-03:00,2026-05-15 13:20:43-03:00,ChIJIxYSMMbKvJURqZGJyCpvOFM,Trabajo Teatro Colon,0 days 00:47:38,2026-05,4,False,"-34.601152°, -58.3833278°",-34.601152,-58.3833278
2026-05-15 13:33:26-03:00,2026-05-15 14:06:21-03:00,ChIJH5qger_KvJURGG0fnQ_e1pM,UNKNOWN,0 days 00:32:55,2026-05,4,False,"-34.5997458°, -58.390965°",-34.5997458,-58.390965
2026-05-15 14:14:04-03:00,2026-05-15 15:57:11-03:00,ChIJS3xrUQDLvJURe9s1sM8yrao,Trabajo ICBC,0 days 01:43:07,2026-05,4,False,"-34.6069979°, -58.3749959°",-34.6069979,-58.3749959
2026-05-15 16:12:07-03:00,2026-05-15 16:21:49-03:00,ChIJAYdZgzI1o5URUlEv3u3nFP8,UNKNOWN,0 days 00:09:42,2026-05,4,False,"-34.6036119°, -58.3697291°",-34.6036119,-58.3697291
2026-05-15 16:28:53-03:00,2026-05-15 16:36:32-03:00,ChIJUzg-m7TKvJURFFWLi1oLlFA,UNKNOWN,0 days 00:07:39,2026-05,4,False,"-34.5911987°, -58.3747633°",-34.5911987,-58.3747633
2026-05-15 17:45:39-03:00,2026-05-15 18:22:59-03:00,ChIJ5_qqHA_NvJURsYhmhKQxDh0,INFERRED_HOME,0 days 00:37:20,2026-05,4,False,"-34.7172444°, -58.4095029°",-34.7172444,-58.4095029
2026-05-15 18:31:42-03:00,2026-05-15 19:43:17-03:00,ChIJHbUm-D3NvJURwP3RR_kXx7w,Casa cami,0 days 01:11:35,2026-05,4,False,"-34.7151458°, -58.3942282°",-34.7151458,-58.3942282
2026-05-15 19:46:37-03:00,2026-05-15 20:23:45-03:00,ChIJs3Cx8D3NvJURjlzElHq9YH4,Casa cami,0 days 00:37:08,2026-05,4,False,"-34.7147681°, -58.3942081°",-34.7147681,-58.3942081
2026-05-15 20:37:00-03:00,2026-05-15 23:14:26-03:00,ChIJ4f09BKoyo5URRI4Km8H2xVY,Casa pablo,0 days 02:37:26,2026-05,4,False,"-34.7321423°, -58.3664323°",-34.7321423,-58.3664323
2026-05-16 10:11:57-03:00,2026-05-16 11:10:13-03:00,ChIJ5_qqHA_NvJURsYhmhKQxDh0,INFERRED_HOME,0 days 00:58:16,2026-05,5,True,"-34.7172444°, -58.4095029°",-34.7172444,-58.4095029
2026-05-16 11:28:45-03:00,2026-05-16 13:07:50-03:00,ChIJCbWWvRjNvJUREHqhy2YdI-Q,Barberia,0 days 01:39:05,2026-05,5,True,"-34.7072332°, -58.3956118°",-34.7072332,-58.3956118
2026-05-16 13:17:55-03:00,2026-05-16 14:05:05-03:00,ChIJ5_qqHA_NvJURsYhmhKQxDh0,INFERRED_HOME,0 days 00:47:10,2026-05,5,True,"-34.7172444°, -58.4095029°",-34.7172444,-58.4095029
2026-05-16 14:18:48-03:00,2026-05-16 14:23:33-03:00,ChIJt6mvqZrMvJURwEflIsBKbSQ,Casa madre,0 days 00:04:45,2026-05,5,True,"-34.673936°, -58.4054231°",-34.673936,-58.4054231
2026-05-16 14:34:16-03:00,2026-05-16 19:26:56-03:00,ChIJa9k_n1rMvJURmFjEVhsJ6zE,Casa abuelos,0 days 04:52:40,2026-05,5,True,"-34.7000175°, -58.4272267°",-34.7000175,-58.4272267
2026-05-16 19:55:03-03:00,2026-05-16 23:32:57-03:00,ChIJXcKOJDQzo5URu8Fm7pohjEM,Alto Avellaneda,0 days 03:37:54,2026-05,5,True,"-34.6754885°, -58.3671896°",-34.6754885,-58.3671896
2026-05-16 19:56:32-03:00,2026-05-16 20:35:20-03:00,ChIJA1fCrkAzo5UR_zhvI0y4GKs,Alto Avellaneda,0 days 00:38:48,2026-05,5,True,"-34.6758223°, -58.3678417°",-34.6758223,-58.3678417
2026-05-16 20:48:12-03:00,2026-05-16 22:17:47-03:00,ChIJCxyzBD0zo5URFIGjYfRXz8A,Alto Avellaneda,0 days 01:29:35,2026-05,5,True,"-34.6771759°, -58.3692651°",-34.6771759,-58.3692651
2026-05-16 22:27:19-03:00,2026-05-16 22:58:19-03:00,ChIJA1fCrkAzo5UR_zhvI0y4GKs,Alto Avellaneda,0 days 00:31:00,2026-05,5,True,"-34.6758223°, -58.3678417°",-34.6758223,-58.3678417
2026-05-16 23:00:20-03:00,2026-05-16 23:23:28-03:00,ChIJkVgjEDQzo5URzS1WigIUZQ4,Alto Avellaneda,0 days 00:23:08,2026-05,5,True,"-34.674415°, -58.3680412°",-34.674415,-58.3680412
2026-05-17 00:05:32-03:00,2026-05-17 18:38:16-03:00,ChIJ5_qqHA_NvJURsYhmhKQxDh0,INFERRED_HOME,0 days 18:32:44,2026-05,6,True,"-34.7172444°, -58.4095029°",-34.7172444,-58.4095029
2026-05-17 18:54:22-03:00,2026-05-17 19:34:19-03:00,ChIJTZBVwETNvJURvZ8tXq-6p6M,Casa brisa,0 days 00:39:57,2026-05,6,True,"-34.7274601°, -58.3872151°",-34.7274601,-58.3872151
2026-05-17 19:56:56-03:00,2026-05-17 21:26:50-03:00,ChIJXcKOJDQzo5URu8Fm7pohjEM,Alto Avellaneda,0 days 01:29:54,2026-05,6,True,"-34.6754885°, -58.3671896°",-34.6754885,-58.3671896
2026-05-17 19:58:53-03:00,2026-05-17 20:18:40-03:00,ChIJkVgjEDQzo5URzS1WigIUZQ4,Alto Avellaneda,0 days 00:19:47,2026-05,6,True,"-34.674415°, -58.3680412°",-34.674415,-58.3680412
2026-05-17 20:23:47-03:00,2026-05-17 20:33:52-03:00,ChIJr_ghSDQzo5UReewoaZ_HDkA,Alto Avellaneda,0 days 00:10:05,2026-05,6,True,"-34.6768252°, -58.3679014°",-34.6768252,-58.3679014
2026-05-17 20:37:39-03:00,2026-05-17 21:22:09-03:00,ChIJkVgjEDQzo5URzS1WigIUZQ4,Alto Avellaneda,0 days 00:44:30,2026-05,6,True,"-34.674415°, -58.3680412°",-34.674415,-58.3680412
2026-05-17 21:44:48-03:00,2026-05-17 23:59:21-03:00,ChIJTZBVwETNvJURvZ8tXq-6p6M,Casa brisa,0 days 02:14:33,2026-05,6,True,"-34.7274601°, -58.3872151°",-34.7274601,-58.3872151
2026-05-18 00:06:07-03:00,2026-05-18 12:37:05-03:00,ChIJ5_qqHA_NvJURsYhmhKQxDh0,INFERRED_HOME,0 days 12:30:58,2026-05,0,False,"-34.7172444°, -58.4095029°",-34.7172444,-58.4095029
2026-05-18 12:39:55-03:00,2026-05-18 12:51:25-03:00,ChIJMzGlxw_NvJUR0UobwG_mK24,UNKNOWN,0 days 00:11:30,2026-05,0,False,"-34.7162°, -58.40728°",-34.7162,-58.40728
2026-05-18 13:28:02-03:00,2026-05-18 16:44:15-03:00,ChIJf0f4uF3LvJURvk1sWrwu24k,UNKNOWN,0 days 03:16:13,2026-05,0,False,"-34.665468°, -58.389706°",-34.665468,-58.389706
2026-05-18 17:04:12-03:00,2026-05-18 17:08:13-03:00,ChIJiQDEBCPNvJUR1iaRPp6sr38,UNKNOWN,0 days 00:04:01,2026-05,0,False,"-34.7075567°, -58.3908743°",-34.7075567,-58.3908743
2026-05-18 17:16:49-03:00,2026-05-18 21:55:42-03:00,ChIJ5_qqHA_NvJURsYhmhKQxDh0,INFERRED_HOME,0 days 04:38:53,2026-05,0,False,"-34.7172444°, -58.4095029°",-34.7172444,-58.4095029
2026-05-18 22:09:49-03:00,2026-05-18 23:16:08-03:00,ChIJt6mvqZrMvJURwEflIsBKbSQ,Casa madre,0 days 01:06:19,2026-05,0,False,"-34.673936°, -58.4054231°",-34.673936,-58.4054231
2026-05-18 23:34:43-03:00,2026-05-19 09:28:31-03:00,ChIJ5_qqHA_NvJURsYhmhKQxDh0,INFERRED_HOME,0 days 09:53:48,2026-05,0,False,"-34.7172444°, -58.4095029°",-34.7172444,-58.4095029
2026-05-19 10:05:37-03:00,2026-05-19 13:35:06-03:00,ChIJPbtP4lfKvJURDPKYCQYlUnw,WORK,0 days 03:29:29,2026-05,1,False,"-34.5436434°, -58.5172221°",-34.5436434,-58.5172221
2026-05-19 13:35:06-03:00,2026-05-19 14:02:03-03:00,ChIJtQq4O3-3vJURR_aFdNPrJnI,UNKNOWN,0 days 00:26:57,2026-05,1,False,"-34.5464077°, -58.5159358°",-34.5464077,-58.5159358
2026-05-19 14:03:46-03:00,2026-05-19 17:16:55-03:00,ChIJPbtP4lfKvJURDPKYCQYlUnw,WORK,0 days 03:13:09,2026-05,1,False,"-34.5436434°, -58.5172221°",-34.5436434,-58.5172221
2026-05-19 18:01:32-03:00,2026-05-20 11:02:59-03:00,ChIJ5_qqHA_NvJURsYhmhKQxDh0,INFERRED_HOME,0 days 17:01:27,2026-05,1,False,"-34.7172444°, -58.4095029°",-34.7172444,-58.4095029
2026-05-20 12:00:43-03:00,2026-05-20 13:30:23-03:00,ChIJWwNBpdLKvJUR0nZKx5c7nq4,Trabajo Galicia,0 days 01:29:40,2026-05,2,False,"-34.6054579°, -58.3724473°",-34.6054579,-58.3724473
2026-05-20 12:04:16-03:00,2026-05-20 13:28:23-03:00,ChIJPaop8M3KvJURbpDWE-rnX6c,Trabajo Galicia,0 days 01:24:07,2026-05,2,False,"-34.6058223°, -58.3726811°",-34.6058223,-58.3726811
2026-05-20 13:54:51-03:00,2026-05-20 16:11:31-03:00,ChIJIxYSMMbKvJURqZGJyCpvOFM,Trabajo Teatro Colon,0 days 02:16:40,2026-05,2,False,"-34.601152°, -58.3833278°",-34.601152,-58.3833278
2026-05-20 17:16:06-03:00,2026-05-20 17:23:11-03:00,ChIJP7BnTz3NvJURmsuw1kvquGQ,UNKNOWN,0 days 00:07:05,2026-05,2,False,"-34.7110575°, -58.3935388°",-34.7110575,-58.3935388
2026-05-20 17:35:42-03:00,2026-05-20 20:14:09-03:00,ChIJFV8luCHNvJURH6Ht8KFkBz0,Bares Lanusita,0 days 02:38:27,2026-05,2,False,"-34.7035706°, -58.3929505°",-34.7035706,-58.3929505
2026-05-20 20:54:41-03:00,2026-05-21 11:11:09-03:00,ChIJ5_qqHA_NvJURsYhmhKQxDh0,INFERRED_HOME,0 days 14:16:28,2026-05,2,False,"-34.7172444°, -58.4095029°",-34.7172444,-58.4095029
2026-05-21 12:02:11-03:00,2026-05-21 14:11:14-03:00,ChIJIxYSMMbKvJURqZGJyCpvOFM,Trabajo Teatro Colon,0 days 02:09:03,2026-05,3,False,"-34.601152°, -58.3833278°",-34.601152,-58.3833278
2026-05-21 14:21:02-03:00,2026-05-21 14:31:04-03:00,ChIJeZBdPczKvJUR0HBJJSy2NiI,UNKNOWN,0 days 00:10:02,2026-05,3,False,"-34.6022372°, -58.3764792°",-34.6022372,-58.3764792
2026-05-21 14:42:54-03:00,2026-05-21 15:57:58-03:00,ChIJozcskDQ1o5UR5Oc85yFQ8lE,Trabajo BBVA,0 days 01:15:04,2026-05,3,False,"-34.5975104°, -58.3700036°",-34.5975104,-58.3700036
2026-05-21 16:06:18-03:00,2026-05-21 16:18:27-03:00,ChIJ2WVuqLPKvJURSMIERHR62l0,UNKNOWN,0 days 00:12:09,2026-05,3,False,"-34.5893615°, -58.3731595°",-34.5893615,-58.3731595
2026-05-21 17:26:41-03:00,2026-05-22 08:11:44-03:00,ChIJ5_qqHA_NvJURsYhmhKQxDh0,INFERRED_HOME,0 days 14:45:03,2026-05,3,False,"-34.7172444°, -58.4095029°",-34.7172444,-58.4095029
2026-05-22 09:16:14-03:00,2026-05-22 13:18:33-03:00,ChIJPbtP4lfKvJURDPKYCQYlUnw,WORK,0 days 04:02:19,2026-05,4,False,"-34.5436434°, -58.5172221°",-34.5436434,-58.5172221
2026-05-22 13:19:08-03:00,2026-05-22 13:40:53-03:00,ChIJtQq4O3-3vJURR_aFdNPrJnI,UNKNOWN,0 days 00:21:45,2026-05,4,False,"-34.5464077°, -58.5159358°",-34.5464077,-58.5159358
2026-05-22 13:40:53-03:00,2026-05-22 13:58:24-03:00,ChIJPbtP4lfKvJURDPKYCQYlUnw,WORK,0 days 00:17:31,2026-05,4,False,"-34.5436434°, -58.5172221°",-34.5436434,-58.5172221
2026-05-22 14:28:35-03:00,2026-05-22 16:44:37-03:00,ChIJIxYSMMbKvJURqZGJyCpvOFM,Trabajo Teatro Colon,0 days 02:16:02,2026-05,4,False,"-34.601152°, -58.3833278°",-34.601152,-58.3833278
2026-05-22 18:01:51-03:00,2026-05-22 21:09:35-03:00,ChIJ5_qqHA_NvJURsYhmhKQxDh0,INFERRED_HOME,0 days 03:07:44,2026-05,4,False,"-34.7172444°, -58.4095029°",-34.7172444,-58.4095029
2026-05-22 21:16:32-03:00,2026-05-22 21:38:56-03:00,ChIJTcBB8T3NvJURJ1gxosh24ww,Casa cami,0 days 00:22:24,2026-05,4,False,"-34.7147522°, -58.3940822°",-34.7147522,-58.3940822
2026-05-22 21:46:47-03:00,2026-05-22 23:15:17-03:00,ChIJTZBVwETNvJURvZ8tXq-6p6M,Casa brisa,0 days 01:28:30,2026-05,4,False,"-34.7274601°, -58.3872151°",-34.7274601,-58.3872151
2026-05-22 23:24:41-03:00,2026-05-22 23:32:29-03:00,ChIJH59N6WnNvJURxU_WIH3revM,UNKNOWN,0 days 00:07:48,2026-05,4,False,"-34.7275455°, -58.3952467°",-34.7275455,-58.3952467
2026-05-22 23:40:58-03:00,2026-05-23 00:27:52-03:00,ChIJTcBB8T3NvJURJ1gxosh24ww,Casa cami,0 days 00:46:54,2026-05,4,False,"-34.7147522°, -58.3940822°",-34.7147522,-58.3940822
2026-05-23 00:34:06-03:00,2026-05-23 11:56:44-03:00,ChIJ5_qqHA_NvJURsYhmhKQxDh0,INFERRED_HOME,0 days 11:22:38,2026-05,5,True,"-34.7172444°, -58.4095029°",-34.7172444,-58.4095029
2026-05-23 12:17:27-03:00,2026-05-23 13:38:16-03:00,ChIJOTzvv8TMvJURKA_JCMHSIdM,UNKNOWN,0 days 01:20:49,2026-05,5,True,"-34.6876288°, -58.387384°",-34.6876288,-58.387384
2026-05-23 13:57:49-03:00,2026-05-23 14:52:13-03:00,ChIJ5_qqHA_NvJURsYhmhKQxDh0,INFERRED_HOME,0 days 00:54:24,2026-05,5,True,"-34.7172444°, -58.4095029°",-34.7172444,-58.4095029
2026-05-23 15:07:23-03:00,2026-05-23 15:14:48-03:00,ChIJt6mvqZrMvJURwEflIsBKbSQ,Casa madre,0 days 00:07:25,2026-05,5,True,"-34.673936°, -58.4054231°",-34.673936,-58.4054231
2026-05-23 15:31:05-03:00,2026-05-23 18:33:19-03:00,ChIJ07U9l1rMvJUR45T1QwpzrYI,Casa abuelos,0 days 03:02:14,2026-05,5,True,"-34.6994748°, -58.4270458°",-34.6994748,-58.4270458
2026-05-23 18:44:37-03:00,2026-05-23 19:53:33-03:00,ChIJCbWWvRjNvJUREHqhy2YdI-Q,Barberia,0 days 01:08:56,2026-05,5,True,"-34.7072332°, -58.3956118°",-34.7072332,-58.3956118
2026-05-23 20:28:35-03:00,2026-05-24 10:54:59-03:00,ChIJ5_qqHA_NvJURsYhmhKQxDh0,INFERRED_HOME,0 days 14:26:24,2026-05,5,True,"-34.7172444°, -58.4095029°",-34.7172444,-58.4095029
2026-05-24 11:02:12-03:00,2026-05-24 11:25:12-03:00,ChIJNZVAFz3NvJURIMwHZK8FMWM,Barberia nuevo,0 days 00:23:00,2026-05,6,True,"-34.7118053°, -58.392751°",-34.7118053,-58.392751
2026-05-24 11:42:19-03:00,2026-05-24 12:20:24-03:00,ChIJR2bHGKzSvJURQQxi9BnYwlQ,UNKNOWN,0 days 00:38:05,2026-05,6,True,"-34.7416884°, -58.3769931°",-34.7416884,-58.3769931
2026-05-24 12:33:01-03:00,2026-05-24 18:54:43-03:00,ChIJ5_qqHA_NvJURsYhmhKQxDh0,INFERRED_HOME,0 days 06:21:42,2026-05,6,True,"-34.7172444°, -58.4095029°",-34.7172444,-58.4095029
2026-05-24 19:30:56-03:00,2026-05-24 20:35:51-03:00,ChIJ_RuT35HLvJURKaYnDbVXaf8,UNKNOWN,0 days 01:04:55,2026-05,6,True,"-34.6063284°, -58.3872772°",-34.6063284,-58.3872772
2026-05-24 21:21:58-03:00,2026-05-25 11:45:06-03:00,ChIJ5_qqHA_NvJURsYhmhKQxDh0,INFERRED_HOME,0 days 14:23:08,2026-05,6,True,"-34.7172444°, -58.4095029°",-34.7172444,-58.4095029
2026-05-25 11:55:37-03:00,2026-05-25 12:08:30-03:00,ChIJOy1344nNvJUR1SaPyXctunE,Casa gonza,0 days 00:12:53,2026-05,0,False,"-34.7180299°, -58.3809668°",-34.7180299,-58.3809668
2026-05-25 12:15:42-03:00,2026-05-25 12:28:12-03:00,ChIJz2kQ5D3TvJURdeZ6tFF4O5o,UNKNOWN,0 days 00:12:30,2026-05,0,False,"-34.7320353°, -58.3652915°",-34.7320353,-58.3652915
2026-05-25 13:28:24-03:00,2026-05-25 17:33:11-03:00,ChIJlZhJERPKvJURYn4VfkUmKKw,Casa ema,0 days 04:04:47,2026-05,0,False,"-34.6082304°, -58.4419707°",-34.6082304,-58.4419707
2026-05-25 18:48:20-03:00,2026-05-26 11:00:28-03:00,ChIJ5_qqHA_NvJURsYhmhKQxDh0,INFERRED_HOME,0 days 16:12:08,2026-05,0,False,"-34.7172444°, -58.4095029°",-34.7172444,-58.4095029
2026-05-26 12:00:53-03:00,2026-05-26 13:35:08-03:00,ChIJT4Ux0NLKvJURaCmj-8kWn14,Trabajo Galicia,0 days 01:34:15,2026-05,1,False,"-34.6064809°, -58.37203°",-34.6064809,-58.37203
2026-05-26 13:43:54-03:00,2026-05-26 14:30:43-03:00,ChIJlWIqu8zKvJURz40NYbdKDHo,UNKNOWN,0 days 00:46:49,2026-05,1,False,"-34.6005322°, -58.371004°",-34.6005322,-58.371004
2026-05-26 14:46:45-03:00,2026-05-26 15:05:34-03:00,ChIJuZ28VzU1o5UR3yrH7JyU3FM,Trabajo Macro,0 days 00:18:49,2026-05,1,False,"-34.5940986°, -58.3717793°",-34.5940986,-58.3717793
2026-05-26 15:19:20-03:00,2026-05-26 16:46:13-03:00,ChIJIxYSMMbKvJURqZGJyCpvOFM,Trabajo Teatro Colon,0 days 01:26:53,2026-05,1,False,"-34.601152°, -58.3833278°",-34.601152,-58.3833278
2026-05-26 17:29:03-03:00,2026-05-26 17:35:55-03:00,ChIJ0zCeOf_NvJUR7ab_WFlqMPU,UNKNOWN,0 days 00:06:52,2026-05,1,False,"-34.7055046°, -58.4051805°",-34.7055046,-58.4051805
2026-05-26 17:39:03-03:00,2026-05-26 17:45:26-03:00,ChIJod24JQ7NvJURhERyxJTxKfQ,UNKNOWN,0 days 00:06:23,2026-05,1,False,"-34.7173693°, -58.4062157°",-34.7173693,-58.4062157
2026-05-26 17:50:13-03:00,2026-05-27 08:36:15-03:00,ChIJ5_qqHA_NvJURsYhmhKQxDh0,INFERRED_HOME,0 days 14:46:02,2026-05,1,False,"-34.7172444°, -58.4095029°",-34.7172444,-58.4095029
2026-05-27 09:34:13-03:00,2026-05-27 10:24:53-03:00,ChIJPbtP4lfKvJURDPKYCQYlUnw,WORK,0 days 00:50:40,2026-05,2,False,"-34.5436434°, -58.5172221°",-34.5436434,-58.5172221
2026-05-27 11:11:28-03:00,2026-05-27 11:22:33-03:00,ChIJ217apvCpSgARi1VOI06tvhE,UNKNOWN,0 days 00:11:05,2026-05,2,False,"-34.6037037°, -58.3816022°",-34.6037037,-58.3816022
2026-05-27 11:38:58-03:00,2026-05-27 11:53:08-03:00,ChIJ6UXWTy01o5URRRYeyMZm_QI,Trabajo Columbia,0 days 00:14:10,2026-05,2,False,"-34.6047587°, -58.3711958°",-34.6047587,-58.3711958
2026-05-27 12:04:37-03:00,2026-05-27 13:19:20-03:00,ChIJS3xrUQDLvJURe9s1sM8yrao,Trabajo ICBC,0 days 01:14:43,2026-05,2,False,"-34.6069979°, -58.3749959°",-34.6069979,-58.3749959
2026-05-27 13:37:27-03:00,2026-05-27 16:26:01-03:00,ChIJIxYSMMbKvJURqZGJyCpvOFM,Trabajo Teatro Colon,0 days 02:48:34,2026-05,2,False,"-34.601152°, -58.3833278°",-34.601152,-58.3833278
2026-05-27 17:23:10-03:00,2026-05-27 17:54:49-03:00,ChIJ5_qqHA_NvJURsYhmhKQxDh0,INFERRED_HOME,0 days 00:31:39,2026-05,2,False,"-34.7172444°, -58.4095029°",-34.7172444,-58.4095029
2026-05-27 18:07:36-03:00,2026-05-27 19:19:24-03:00,ChIJTcBB8T3NvJURJ1gxosh24ww,Casa cami,0 days 01:11:48,2026-05,2,False,"-34.7147522°, -58.3940822°",-34.7147522,-58.3940822
2026-05-27 19:32:39-03:00,2026-05-27 21:20:37-03:00,ChIJOTzvv8TMvJURKA_JCMHSIdM,UNKNOWN,0 days 01:47:58,2026-05,2,False,"-34.6876288°, -58.387384°",-34.6876288,-58.387384
2026-05-27 21:36:20-03:00,2026-05-28 10:52:24-03:00,ChIJ5_qqHA_NvJURsYhmhKQxDh0,INFERRED_HOME,0 days 13:16:04,2026-05,2,False,"-34.7172444°, -58.4095029°",-34.7172444,-58.4095029
2026-05-28 11:35:44-03:00,2026-05-28 11:41:41-03:00,ChIJ45F07dLKvJURjZiXOV7NG40,UNKNOWN,0 days 00:05:57,2026-05,3,False,"-34.6064447°, -58.3737981°",-34.6064447,-58.3737981
2026-05-28 12:05:20-03:00,2026-05-28 12:13:47-03:00,ChIJIxYSMMbKvJURqZGJyCpvOFM,Trabajo Teatro Colon,0 days 00:08:27,2026-05,3,False,"-34.601152°, -58.3833278°",-34.601152,-58.3833278
2026-05-28 12:28:03-03:00,2026-05-28 13:29:07-03:00,ChIJS3xrUQDLvJURe9s1sM8yrao,Trabajo ICBC,0 days 01:01:04,2026-05,3,False,"-34.6069979°, -58.3749959°",-34.6069979,-58.3749959
2026-05-28 13:37:22-03:00,2026-05-28 13:49:56-03:00,ChIJ_Zyvj8vLvJURz0UeXv4y_qI,UNKNOWN,0 days 00:12:34,2026-05,3,False,"-34.6015612°, -58.3751887°",-34.6015612,-58.3751887
2026-05-28 13:37:22-03:00,2026-05-28 13:49:56-03:00,ChIJH5Gl6bTLvJURGtgO7jqgbcM,UNKNOWN,0 days 00:12:34,2026-05,3,False,"-34.6015612°, -58.3751887°",-34.6015612,-58.3751887
2026-05-28 13:49:56-03:00,2026-05-28 14:00:35-03:00,ChIJeZBdPczKvJUR0HBJJSy2NiI,UNKNOWN,0 days 00:10:39,2026-05,3,False,"-34.6022372°, -58.3764792°",-34.6022372,-58.3764792
2026-05-28 14:11:59-03:00,2026-05-28 16:38:45-03:00,ChIJIxYSMMbKvJURqZGJyCpvOFM,Trabajo Teatro Colon,0 days 02:26:46,2026-05,3,False,"-34.601152°, -58.3833278°",-34.601152,-58.3833278
2026-05-28 18:03:36-03:00,2026-05-29 08:54:21-03:00,ChIJ5_qqHA_NvJURsYhmhKQxDh0,INFERRED_HOME,0 days 14:50:45,2026-05,3,False,"-34.7172444°, -58.4095029°",-34.7172444,-58.4095029
2026-05-29 09:48:25-03:00,2026-05-29 10:07:31-03:00,ChIJPbtP4lfKvJURDPKYCQYlUnw,WORK,0 days 00:19:06,2026-05,4,False,"-34.5436434°, -58.5172221°",-34.5436434,-58.5172221
2026-05-29 11:39:03-03:00,2026-05-29 12:08:46-03:00,ChIJO5OvTjDLvJURn--oIpRP89Q,UNKNOWN,0 days 00:29:43,2026-05,4,False,"-34.6283037°, -58.3805292°",-34.6283037,-58.3805292
2026-05-29 12:14:23-03:00,2026-05-29 12:25:13-03:00,ChIJw3WzxWo1o5URJcgq_cDiz1w,Trabajo Santander,0 days 00:10:50,2026-05,4,False,"-34.6238922°, -58.3673348°",-34.6238922,-58.3673348
2026-05-29 12:14:23-03:00,2026-05-29 12:25:13-03:00,ChIJS8u27s00o5UR9dtpsV0MFkM,Trabajo Santander,0 days 00:10:50,2026-05,4,False,"-34.6238941°, -58.367137°",-34.6238941,-58.367137
2026-05-29 12:50:42-03:00,2026-05-29 16:44:15-03:00,ChIJIxYSMMbKvJURqZGJyCpvOFM,Trabajo Teatro Colon,0 days 03:53:33,2026-05,4,False,"-34.601152°, -58.3833278°",-34.601152,-58.3833278
2026-05-29 17:54:39-03:00,2026-05-30 11:27:04-03:00,ChIJ5_qqHA_NvJURsYhmhKQxDh0,INFERRED_HOME,0 days 17:32:25,2026-05,4,False,"-34.7172444°, -58.4095029°",-34.7172444,-58.4095029
2026-05-30 11:32:14-03:00,2026-05-30 12:54:16-03:00,ChIJCbWWvRjNvJUREHqhy2YdI-Q,Barberia,0 days 01:22:02,2026-05,5,True,"-34.7072332°, -58.3956118°",-34.7072332,-58.3956118
2026-05-30 13:01:46-03:00,2026-05-30 13:19:45-03:00,ChIJ5_qqHA_NvJURsYhmhKQxDh0,INFERRED_HOME,0 days 00:17:59,2026-05,5,True,"-34.7172444°, -58.4095029°",-34.7172444,-58.4095029
2026-05-30 13:59:36-03:00,2026-05-30 17:15:30-03:00,ChIJn8UDZ2bLvJURrNyse7XSn28,UNKNOWN,0 days 03:15:54,2026-05,5,True,"-34.5984145°, -58.4200156°",-34.5984145,-58.4200156
2026-05-30 13:59:36-03:00,2026-05-30 17:15:30-03:00,ChIJo6aTFC7LvJURXT4WuMCnYhg,UNKNOWN,0 days 03:15:54,2026-05,5,True,"-34.5986317°, -58.420117°",-34.5986317,-58.420117
2026-05-30 17:45:01-03:00,2026-05-30 17:49:55-03:00,ChIJqyXjv1nMvJURxtkIYrOc-MQ,UNKNOWN,0 days 00:04:54,2026-05,5,True,"-34.6974582°, -58.4213236°",-34.6974582,-58.4213236
2026-05-30 17:59:43-03:00,2026-06-01 13:26:54-03:00,ChIJn_zkHA_NvJUR7yILmZdoPHc,UNKNOWN,1 days 19:27:11,2026-05,5,True,"-34.7174026°, -58.4096116°",-34.7174026,-58.4096116
2026-06-01 14:06:35-03:00,2026-06-01 14:37:37-03:00,ChIJS3QMG0qxvJURPyvMjyLFDrg,SEARCHED_ADDRESS,0 days 00:31:02,2026-06,0,False,"-34.5228547°, -58.4849909°",-34.5228547,-58.4849909
2026-06-01 14:52:49-03:00,2026-06-01 15:44:50-03:00,ChIJIxYSMMbKvJURqZGJyCpvOFM,Trabajo Teatro Colon,0 days 00:52:01,2026-06,0,False,"-34.601152°, -58.3833278°",-34.601152,-58.3833278
2026-06-01 15:58:15-03:00,2026-06-01 16:41:32-03:00,ChIJ-5b1MtLKvJUR_MRYyAEgpow,UNKNOWN,0 days 00:43:17,2026-06,0,False,"-34.6083322°, -58.3766457°",-34.6083322,-58.3766457
2026-06-01 15:58:15-03:00,2026-06-01 16:37:31-03:00,ChIJAxcRzNPKvJURdTfUenR6Yxg,UNKNOWN,0 days 00:39:16,2026-06,0,False,"-34.6085502°, -58.3766474°",-34.6085502,-58.3766474
2026-06-01 16:52:27-03:00,2026-06-01 17:39:55-03:00,ChIJIxYSMMbKvJURqZGJyCpvOFM,Trabajo Teatro Colon,0 days 00:47:28,2026-06,0,False,"-34.601152°, -58.3833278°",-34.601152,-58.3833278
2026-06-01 18:09:54-03:00,2026-06-01 19:10:29-03:00,ChIJTcBB8T3NvJURJ1gxosh24ww,Casa cami,0 days 01:00:35,2026-06,0,False,"-34.7147522°, -58.3940822°",-34.7147522,-58.3940822
2026-06-01 19:18:15-03:00,2026-06-01 19:40:20-03:00,ChIJ5_qqHA_NvJURsYhmhKQxDh0,INFERRED_HOME,0 days 00:22:05,2026-06,0,False,"-34.7172444°, -58.4095029°",-34.7172444,-58.4095029
2026-06-01 20:02:40-03:00,2026-06-01 21:24:54-03:00,ChIJOTzvv8TMvJURKA_JCMHSIdM,UNKNOWN,0 days 01:22:14,2026-06,0,False,"-34.6876288°, -58.387384°",-34.6876288,-58.387384
2026-06-01 21:46:32-03:00,2026-06-02 09:50:13-03:00,ChIJ5_qqHA_NvJURsYhmhKQxDh0,INFERRED_HOME,0 days 12:03:41,2026-06,0,False,"-34.7172444°, -58.4095029°",-34.7172444,-58.4095029
2026-06-02 10:03:32-03:00,2026-06-02 10:06:48-03:00,ChIJiQDEBCPNvJUR1iaRPp6sr38,UNKNOWN,0 days 00:03:16,2026-06,1,False,"-34.7075567°, -58.3908743°",-34.7075567,-58.3908743
2026-06-02 10:22:29-03:00,2026-06-02 10:27:22-03:00,ChIJO5OvTjDLvJURn--oIpRP89Q,UNKNOWN,0 days 00:04:53,2026-06,1,False,"-34.6283037°, -58.3805292°",-34.6283037,-58.3805292
2026-06-02 10:31:40-03:00,2026-06-02 10:44:06-03:00,ChIJC-COMCjLvJURvGt0t-UtDkY,UNKNOWN,0 days 00:12:26,2026-06,1,False,"-34.6179521°, -58.3815784°",-34.6179521,-58.3815784
2026-06-02 10:54:19-03:00,2026-06-02 12:21:39-03:00,ChIJ6UXWTy01o5URRRYeyMZm_QI,Trabajo Columbia,0 days 01:27:20,2026-06,1,False,"-34.6047587°, -58.3711958°",-34.6047587,-58.3711958
2026-06-02 12:39:02-03:00,2026-06-02 13:15:31-03:00,ChIJw3WzxWo1o5URJcgq_cDiz1w,Trabajo Santander,0 days 00:36:29,2026-06,1,False,"-34.6238922°, -58.3673348°",-34.6238922,-58.3673348
2026-06-02 12:39:02-03:00,2026-06-02 13:15:31-03:00,ChIJS8u27s00o5UR9dtpsV0MFkM,Trabajo Santander,0 days 00:36:29,2026-06,1,False,"-34.6238941°, -58.367137°",-34.6238941,-58.367137
2026-06-02 13:26:49-03:00,2026-06-02 15:24:26-03:00,ChIJWwNBpdLKvJUR0nZKx5c7nq4,Trabajo Galicia,0 days 01:57:37,2026-06,1,False,"-34.6054579°, -58.3724473°",-34.6054579,-58.3724473
2026-06-02 13:29:58-03:00,2026-06-02 15:24:26-03:00,ChIJPaop8M3KvJURbpDWE-rnX6c,Trabajo Galicia,0 days 01:54:28,2026-06,1,False,"-34.6058223°, -58.3726811°",-34.6058223,-58.3726811
2026-06-02 17:07:47-03:00,2026-06-02 17:23:00-03:00,ChIJod24JQ7NvJURhERyxJTxKfQ,UNKNOWN,0 days 00:15:13,2026-06,1,False,"-34.7173693°, -58.4062157°",-34.7173693,-58.4062157
2026-06-02 17:26:59-03:00,2026-06-03 11:34:40-03:00,ChIJ5_qqHA_NvJURsYhmhKQxDh0,INFERRED_HOME,0 days 18:07:41,2026-06,1,False,"-34.7172444°, -58.4095029°",-34.7172444,-58.4095029
2026-06-03 11:42:22-03:00,2026-06-03 15:41:36-03:00,ChIJJYH_vWDNvJURyfDR2Pw72m8,UNKNOWN,0 days 03:59:14,2026-06,2,False,"-34.7205606°, -58.3918816°",-34.7205606,-58.3918816
2026-06-03 15:52:44-03:00,2026-06-04 12:36:54-03:00,ChIJ5_qqHA_NvJURsYhmhKQxDh0,INFERRED_HOME,0 days 20:44:10,2026-06,2,False,"-34.7172444°, -58.4095029°",-34.7172444,-58.4095029
2026-06-04 13:53:53-03:00,2026-06-04 15:51:55-03:00,ChIJWwNBpdLKvJUR0nZKx5c7nq4,Trabajo Galicia,0 days 01:58:02,2026-06,3,False,"-34.6054579°, -58.3724473°",-34.6054579,-58.3724473
2026-06-04 14:00:48-03:00,2026-06-04 15:51:55-03:00,ChIJPaop8M3KvJURbpDWE-rnX6c,Trabajo Galicia,0 days 01:51:07,2026-06,3,False,"-34.6058223°, -58.3726811°",-34.6058223,-58.3726811
2026-06-04 15:54:12-03:00,2026-06-04 16:31:04-03:00,ChIJ6UXWTy01o5URRRYeyMZm_QI,Trabajo Columbia,0 days 00:36:52,2026-06,3,False,"-34.6047587°, -58.3711958°",-34.6047587,-58.3711958
2026-06-04 16:41:47-03:00,2026-06-04 16:48:12-03:00,ChIJ2WVuqLPKvJURSMIERHR62l0,UNKNOWN,0 days 00:06:25,2026-06,3,False,"-34.5893615°, -58.3731595°",-34.5893615,-58.3731595
2026-06-04 17:59:35-03:00,2026-06-05 08:12:23-03:00,ChIJ5_qqHA_NvJURsYhmhKQxDh0,INFERRED_HOME,0 days 14:12:48,2026-06,3,False,"-34.7172444°, -58.4095029°",-34.7172444,-58.4095029
2026-06-05 09:19:37-03:00,2026-06-05 10:24:09-03:00,ChIJIxYSMMbKvJURqZGJyCpvOFM,Trabajo Teatro Colon,0 days 01:04:32,2026-06,4,False,"-34.601152°, -58.3833278°",-34.601152,-58.3833278
2026-06-05 10:35:44-03:00,2026-06-05 12:33:51-03:00,ChIJWwNBpdLKvJUR0nZKx5c7nq4,Trabajo Galicia,0 days 01:58:07,2026-06,4,False,"-34.6054579°, -58.3724473°",-34.6054579,-58.3724473
2026-06-05 10:35:44-03:00,2026-06-05 12:28:07-03:00,ChIJPaop8M3KvJURbpDWE-rnX6c,Trabajo Galicia,0 days 01:52:23,2026-06,4,False,"-34.6058223°, -58.3726811°",-34.6058223,-58.3726811
2026-06-05 12:58:03-03:00,2026-06-05 15:20:28-03:00,ChIJuZ28VzU1o5UR3yrH7JyU3FM,Trabajo Macro,0 days 02:22:25,2026-06,4,False,"-34.5940986°, -58.3717793°",-34.5940986,-58.3717793
2026-06-05 15:37:50-03:00,2026-06-05 16:57:04-03:00,ChIJIxYSMMbKvJURqZGJyCpvOFM,Trabajo Teatro Colon,0 days 01:19:14,2026-06,4,False,"-34.601152°, -58.3833278°",-34.601152,-58.3833278
2026-06-05 17:56:48-03:00,2026-06-06 12:59:39-03:00,ChIJ5_qqHA_NvJURsYhmhKQxDh0,INFERRED_HOME,0 days 19:02:51,2026-06,4,False,"-34.7172444°, -58.4095029°",-34.7172444,-58.4095029
2026-06-06 13:02:26-03:00,2026-06-06 13:07:00-03:00,ChIJrw867Q7NvJUR2_z7EyN-Qck,UNKNOWN,0 days 00:04:34,2026-06,5,True,"-34.7188036°, -58.4096209°",-34.7188036,-58.4096209
2026-06-06 13:11:16-03:00,2026-06-06 13:44:38-03:00,ChIJ5_qqHA_NvJURsYhmhKQxDh0,INFERRED_HOME,0 days 00:33:22,2026-06,5,True,"-34.7172444°, -58.4095029°",-34.7172444,-58.4095029
2026-06-06 14:06:29-03:00,2026-06-06 14:10:13-03:00,ChIJCaSCgdTLvJURiR58DXqXLRA,Casa madre,0 days 00:03:44,2026-06,5,True,"-34.6734639°, -58.406451°",-34.6734639,-58.406451
2026-06-06 14:23:25-03:00,2026-06-06 18:02:18-03:00,ChIJ07U9l1rMvJUR45T1QwpzrYI,Casa abuelos,0 days 03:38:53,2026-06,5,True,"-34.6994748°, -58.4270458°",-34.6994748,-58.4270458
2026-06-06 18:17:11-03:00,2026-06-06 19:46:35-03:00,ChIJCbWWvRjNvJUREHqhy2YdI-Q,Barberia,0 days 01:29:24,2026-06,5,True,"-34.7072332°, -58.3956118°",-34.7072332,-58.3956118
2026-06-06 19:54:38-03:00,2026-06-06 22:15:48-03:00,ChIJ5_qqHA_NvJURsYhmhKQxDh0,INFERRED_HOME,0 days 02:21:10,2026-06,5,True,"-34.7172444°, -58.4095029°",-34.7172444,-58.4095029
2026-06-06 22:25:19-03:00,2026-06-07 03:01:12-03:00,ChIJTZBVwETNvJURvZ8tXq-6p6M,Casa brisa,0 days 04:35:53,2026-06,5,True,"-34.7274601°, -58.3872151°",-34.7274601,-58.3872151
2026-06-07 03:09:05-03:00,2026-06-07 16:48:27-03:00,ChIJ5_qqHA_NvJURsYhmhKQxDh0,INFERRED_HOME,0 days 13:39:22,2026-06,6,True,"-34.7172444°, -58.4095029°",-34.7172444,-58.4095029
2026-06-07 17:12:24-03:00,2026-06-07 21:25:08-03:00,ChIJ_7BkTwC3vJURRbX1RY3VqTc,UNKNOWN,0 days 04:12:44,2026-06,6,True,"-34.6098259°, -58.5150202°",-34.6098259,-58.5150202
2026-06-07 21:57:20-03:00,2026-06-07 22:02:56-03:00,ChIJHbUm-D3NvJURwP3RR_kXx7w,Casa cami,0 days 00:05:36,2026-06,6,True,"-34.7151458°, -58.3942282°",-34.7151458,-58.3942282
2026-06-07 22:07:08-03:00,2026-06-08 09:14:16-03:00,ChIJiaxCaw7NvJURWGaM-OWByxk,UNKNOWN,0 days 11:07:08,2026-06,6,True,"-34.7184602°, -58.4074152°",-34.7184602,-58.4074152
2026-06-08 09:16:45-03:00,2026-06-08 09:25:11-03:00,ChIJMzGlxw_NvJUR0UobwG_mK24,UNKNOWN,0 days 00:08:26,2026-06,0,False,"-34.7162°, -58.40728°",-34.7162,-58.40728
2026-06-08 10:19:28-03:00,2026-06-08 10:27:02-03:00,ChIJ217apvCpSgARi1VOI06tvhE,UNKNOWN,0 days 00:07:34,2026-06,0,False,"-34.6037014°, -58.3816048°",-34.6037014,-58.3816048
2026-06-08 10:28:32-03:00,2026-06-08 11:13:19-03:00,ChIJbZIdahvLvJURV3Tu0Zrcw_0,UNKNOWN,0 days 00:44:47,2026-06,0,False,"-34.6032109°, -58.3756573°",-34.6032109,-58.3756573
2026-06-08 11:31:01-03:00,2026-06-08 16:46:56-03:00,ChIJIxYSMMbKvJURqZGJyCpvOFM,Trabajo Teatro Colon,0 days 05:15:55,2026-06,0,False,"-34.601152°, -58.3833278°",-34.601152,-58.3833278
2026-06-08 17:40:28-03:00,2026-06-08 21:27:18-03:00,ChIJ5_qqHA_NvJURsYhmhKQxDh0,INFERRED_HOME,0 days 03:46:50,2026-06,0,False,"-34.7172444°, -58.4095029°",-34.7172444,-58.4095029
2026-06-08 21:44:46-03:00,2026-06-08 23:37:48-03:00,ChIJH-pIqJrMvJURyBmrbEtBqx0,Casa madre,0 days 01:53:02,2026-06,0,False,"-34.6739749°, -58.4052981°",-34.6739749,-58.4052981
2026-06-08 23:53:21-03:00,2026-06-09 13:44:45-03:00,ChIJ5_qqHA_NvJURsYhmhKQxDh0,INFERRED_HOME,0 days 13:51:24,2026-06,0,False,"-34.7172444°, -58.4095029°",-34.7172444,-58.4095029
2026-06-09 13:46:39-03:00,2026-06-09 13:52:06-03:00,ChIJMzGlxw_NvJUR0UobwG_mK24,UNKNOWN,0 days 00:05:27,2026-06,1,False,"-34.7162°, -58.40728°",-34.7162,-58.40728
2026-06-09 14:40:48-03:00,2026-06-09 16:59:25-03:00,ChIJIxYSMMbKvJURqZGJyCpvOFM,Trabajo Teatro Colon,0 days 02:18:37,2026-06,1,False,"-34.601152°, -58.3833278°",-34.601152,-58.3833278
2026-06-09 17:59:06-03:00,2026-06-10 13:15:11-03:00,ChIJ5_qqHA_NvJURsYhmhKQxDh0,INFERRED_HOME,0 days 19:16:05,2026-06,1,False,"-34.7172444°, -58.4095029°",-34.7172444,-58.4095029
2026-06-10 13:18:58-03:00,2026-06-10 13:25:45-03:00,ChIJMzGlxw_NvJUR0UobwG_mK24,UNKNOWN,0 days 00:06:47,2026-06,2,False,"-34.7162°, -58.40728°",-34.7162,-58.40728
2026-06-10 14:22:49-03:00,2026-06-10 14:30:41-03:00,ChIJw3WzxWo1o5URJcgq_cDiz1w,Trabajo Santander,0 days 00:07:52,2026-06,2,False,"-34.6238922°, -58.3673348°",-34.6238922,-58.3673348
2026-06-10 14:22:49-03:00,2026-06-10 14:30:41-03:00,ChIJS8u27s00o5UR9dtpsV0MFkM,Trabajo Santander,0 days 00:07:52,2026-06,2,False,"-34.6238941°, -58.367137°",-34.6238941,-58.367137
2026-06-10 14:40:47-03:00,2026-06-10 15:57:16-03:00,ChIJ1b83AtPKvJUR-6-kRvZlQpA,UNKNOWN,0 days 01:16:29,2026-06,2,False,"-34.6067425°, -58.3729792°",-34.6067425,-58.3729792
2026-06-10 17:14:43-03:00,2026-06-10 18:01:33-03:00,ChIJ5_qqHA_NvJURsYhmhKQxDh0,INFERRED_HOME,0 days 00:46:50,2026-06,2,False,"-34.7172444°, -58.4095029°",-34.7172444,-58.4095029
2026-06-10 18:24:24-03:00,2026-06-10 20:32:09-03:00,ChIJOTzvv8TMvJURKA_JCMHSIdM,UNKNOWN,0 days 02:07:45,2026-06,2,False,"-34.6876288°, -58.387384°",-34.6876288,-58.387384
2026-06-10 20:41:09-03:00,2026-06-10 20:48:01-03:00,ChIJiQDEBCPNvJUR1iaRPp6sr38,UNKNOWN,0 days 00:06:52,2026-06,2,False,"-34.7075567°, -58.3908743°",-34.7075567,-58.3908743
2026-06-10 21:02:45-03:00,2026-06-11 10:02:33-03:00,ChIJ5_qqHA_NvJURsYhmhKQxDh0,INFERRED_HOME,0 days 12:59:48,2026-06,2,False,"-34.7172444°, -58.4095029°",-34.7172444,-58.4095029
2026-06-11 10:07:27-03:00,2026-06-11 10:29:45-03:00,ChIJMzGlxw_NvJUR0UobwG_mK24,UNKNOWN,0 days 00:22:18,2026-06,3,False,"-34.7162°, -58.40728°",-34.7162,-58.40728
2026-06-11 11:08:18-03:00,2026-06-11 13:25:00-03:00,ChIJ6UXWTy01o5URRRYeyMZm_QI,Trabajo Columbia,0 days 02:16:42,2026-06,3,False,"-34.6047587°, -58.3711958°",-34.6047587,-58.3711958
2026-06-11 13:33:44-03:00,2026-06-11 13:45:49-03:00,ChIJeZBdPczKvJUR0HBJJSy2NiI,UNKNOWN,0 days 00:12:05,2026-06,3,False,"-34.6022372°, -58.3764792°",-34.6022372,-58.3764792
2026-06-11 14:03:02-03:00,2026-06-11 14:54:04-03:00,ChIJuZ28VzU1o5UR3yrH7JyU3FM,Trabajo Macro,0 days 00:51:02,2026-06,3,False,"-34.5940986°, -58.3717793°",-34.5940986,-58.3717793
2026-06-11 15:00:43-03:00,2026-06-11 17:00:56-03:00,ChIJozcskDQ1o5UR5Oc85yFQ8lE,Trabajo BBVA,0 days 02:00:13,2026-06,3,False,"-34.5975104°, -58.3700036°",-34.5975104,-58.3700036
2026-06-11 17:09:42-03:00,2026-06-11 17:17:44-03:00,ChIJUzg-m7TKvJURFFWLi1oLlFA,UNKNOWN,0 days 00:08:02,2026-06,3,False,"-34.5911987°, -58.3747633°",-34.5911987,-58.3747633
2026-06-11 18:27:31-03:00,2026-06-12 09:39:37-03:00,ChIJ5_qqHA_NvJURsYhmhKQxDh0,INFERRED_HOME,0 days 15:12:06,2026-06,3,False,"-34.7172444°, -58.4095029°",-34.7172444,-58.4095029
2026-06-12 09:44:45-03:00,2026-06-12 09:52:27-03:00,ChIJL4ZXsjHNvJURlLicEBa2n1o,UNKNOWN,0 days 00:07:42,2026-06,4,False,"-34.7017423°, -58.4012317°",-34.7017423,-58.4012317
2026-06-12 10:16:29-03:00,2026-06-12 12:03:03-03:00,ChIJuZ28VzU1o5UR3yrH7JyU3FM,Trabajo Macro,0 days 01:46:34,2026-06,4,False,"-34.5940986°, -58.3717793°",-34.5940986,-58.3717793
2026-06-12 12:16:18-03:00,2026-06-12 13:13:58-03:00,ChIJ6UXWTy01o5URRRYeyMZm_QI,Trabajo Columbia,0 days 00:57:40,2026-06,4,False,"-34.6047587°, -58.3711958°",-34.6047587,-58.3711958
2026-06-12 13:23:57-03:00,2026-06-12 16:50:49-03:00,ChIJozcskDQ1o5UR5Oc85yFQ8lE,Trabajo BBVA,0 days 03:26:52,2026-06,4,False,"-34.5975104°, -58.3700036°",-34.5975104,-58.3700036
2026-06-12 16:59:00-03:00,2026-06-12 17:59:53-03:00,ChIJx2_VVtLKvJURjPaGuVjHmCY,Trabajo ICBC,0 days 01:00:53,2026-06,4,False,"-34.6074834°, -58.3747941°",-34.6074834,-58.3747941
2026-06-12 18:06:41-03:00,2026-06-12 18:34:44-03:00,ChIJOS4haDHLvJURCUP3aBehRe4,UNKNOWN,0 days 00:28:03,2026-06,4,False,"-34.6051225°, -58.3852959°",-34.6051225,-58.3852959
2026-06-12 19:06:28-03:00,2026-06-13 11:11:40-03:00,ChIJ5_qqHA_NvJURsYhmhKQxDh0,INFERRED_HOME,0 days 16:05:12,2026-06,4,False,"-34.7172444°, -58.4095029°",-34.7172444,-58.4095029
2026-06-13 11:20:12-03:00,2026-06-13 12:44:10-03:00,ChIJCbWWvRjNvJUREHqhy2YdI-Q,Barberia,0 days 01:23:58,2026-06,5,True,"-34.7072332°, -58.3956118°",-34.7072332,-58.3956118
2026-06-13 12:44:10-03:00,2026-06-13 12:54:11-03:00,ChIJvRw2SiLNvJURq3LWgFlnrOw,UNKNOWN,0 days 00:10:01,2026-06,5,True,"-34.7065605°, -58.3918949°",-34.7065605,-58.3918949
2026-06-13 13:05:04-03:00,2026-06-13 16:11:18-03:00,ChIJ5_qqHA_NvJURsYhmhKQxDh0,INFERRED_HOME,0 days 03:06:14,2026-06,5,True,"-34.7172444°, -58.4095029°",-34.7172444,-58.4095029
2026-06-13 16:46:36-03:00,2026-06-13 19:34:48-03:00,ChIJXcKOJDQzo5URu8Fm7pohjEM,Alto Avellaneda,0 days 02:48:12,2026-06,5,True,"-34.6754885°, -58.3671896°",-34.6754885,-58.3671896
2026-06-13 16:46:36-03:00,2026-06-13 17:18:38-03:00,ChIJA1fCrkAzo5UR_zhvI0y4GKs,Alto Avellaneda,0 days 00:32:02,2026-06,5,True,"-34.6758223°, -58.3678417°",-34.6758223,-58.3678417
2026-06-13 17:20:40-03:00,2026-06-13 17:28:47-03:00,ChIJCxyzBD0zo5URFIGjYfRXz8A,Alto Avellaneda,0 days 00:08:07,2026-06,5,True,"-34.6771759°, -58.3692651°",-34.6771759,-58.3692651
2026-06-13 17:30:49-03:00,2026-06-13 17:46:06-03:00,ChIJA1fCrkAzo5UR_zhvI0y4GKs,Alto Avellaneda,0 days 00:15:17,2026-06,5,True,"-34.6758223°, -58.3678417°",-34.6758223,-58.3678417
2026-06-13 17:48:08-03:00,2026-06-13 18:38:56-03:00,ChIJCxyzBD0zo5URFIGjYfRXz8A,Alto Avellaneda,0 days 00:50:48,2026-06,5,True,"-34.6771759°, -58.3692651°",-34.6771759,-58.3692651
2026-06-13 18:40:52-03:00,2026-06-13 19:34:48-03:00,ChIJA1fCrkAzo5UR_zhvI0y4GKs,Alto Avellaneda,0 days 00:53:56,2026-06,5,True,"-34.6758223°, -58.3678417°",-34.6758223,-58.3678417
2026-06-13 19:51:54-03:00,2026-06-13 23:22:54-03:00,ChIJH-pIqJrMvJURyBmrbEtBqx0,Casa madre,0 days 03:31:00,2026-06,5,True,"-34.6739749°, -58.4052981°",-34.6739749,-58.4052981
2026-06-13 23:39:36-03:00,2026-06-14 23:06:57-03:00,ChIJn_zkHA_NvJUR7yILmZdoPHc,UNKNOWN,0 days 23:27:21,2026-06,5,True,"-34.7174026°, -58.4096116°",-34.7174026,-58.4096116
2026-06-14 23:18:07-03:00,2026-06-15 00:48:46-03:00,ChIJM95vpI7MvJURrJfMvYLNde8,UNKNOWN,0 days 01:30:39,2026-06,6,True,"-34.6801097°, -58.4106044°",-34.6801097,-58.4106044
2026-06-15 01:01:42-03:00,2026-06-15 12:48:27-03:00,ChIJiaxCaw7NvJURWGaM-OWByxk,UNKNOWN,0 days 11:46:45,2026-06,0,False,"-34.7184602°, -58.4074152°",-34.7184602,-58.4074152
2026-06-15 13:02:48-03:00,2026-06-15 13:10:44-03:00,ChIJOy1344nNvJUR1SaPyXctunE,Casa gonza,0 days 00:07:56,2026-06,0,False,"-34.7180299°, -58.3809668°",-34.7180299,-58.3809668
2026-06-15 13:13:53-03:00,2026-06-15 13:44:46-03:00,ChIJ5aPCPVjNvJURAPxNPdVEcJ8,casa santi,0 days 00:30:53,2026-06,0,False,"-34.7212867°, -58.3844873°",-34.7212867,-58.3844873
2026-06-15 13:54:36-03:00,2026-06-15 14:25:06-03:00,ChIJiQDEBCPNvJUR1iaRPp6sr38,UNKNOWN,0 days 00:30:30,2026-06,0,False,"-34.7075567°, -58.3908743°",-34.7075567,-58.3908743
2026-06-15 14:44:48-03:00,2026-06-15 18:09:33-03:00,ChIJc76vqlrMvJUR2rFJ_9-mceM,Casa abuelos,0 days 03:24:45,2026-06,0,False,"-34.70057°, -58.42861°",-34.70057,-58.42861
2026-06-15 18:26:57-03:00,2026-06-15 18:31:47-03:00,ChIJfaTsoBfNvJURz6hScz-h-3U,UNKNOWN,0 days 00:04:50,2026-06,0,False,"-34.7129023°, -58.3972906°",-34.7129023,-58.3972906
2026-06-15 18:40:04-03:00,2026-06-15 21:15:30-03:00,ChIJn_zkHA_NvJUR7yILmZdoPHc,UNKNOWN,0 days 02:35:26,2026-06,0,False,"-34.7174026°, -58.4096116°",-34.7174026,-58.4096116
2026-06-15 21:46:51-03:00,2026-06-16 01:15:56-03:00,ChIJre7bZUrLvJUROnGZ8HlhbM0,Casa lau,0 days 03:29:05,2026-06,0,False,"-34.6363797°, -58.3752336°",-34.6363797,-58.3752336
2026-06-16 01:45:11-03:00,2026-06-16 13:02:03-03:00,ChIJn_zkHA_NvJUR7yILmZdoPHc,UNKNOWN,0 days 11:16:52,2026-06,1,False,"-34.7174026°, -58.4096116°",-34.7174026,-58.4096116
2026-06-16 14:04:43-03:00,2026-06-16 14:59:50-03:00,ChIJ6UXWTy01o5URRRYeyMZm_QI,Trabajo Columbia,0 days 00:55:07,2026-06,1,False,"-34.6047587°, -58.3711958°",-34.6047587,-58.3711958
2026-06-16 15:21:12-03:00,2026-06-16 16:26:01-03:00,ChIJIxYSMMbKvJURqZGJyCpvOFM,Trabajo Teatro Colon,0 days 01:04:49,2026-06,1,False,"-34.601152°, -58.3833278°",-34.601152,-58.3833278
2026-06-16 17:19:35-03:00,2026-06-17 10:02:32-03:00,ChIJn_zkHA_NvJUR7yILmZdoPHc,UNKNOWN,0 days 16:42:57,2026-06,1,False,"-34.7174026°, -58.4096116°",-34.7174026,-58.4096116
2026-06-17 11:05:21-03:00,2026-06-17 12:56:17-03:00,ChIJ6UXWTy01o5URRRYeyMZm_QI,Trabajo Columbia,0 days 01:50:56,2026-06,2,False,"-34.6047587°, -58.3711958°",-34.6047587,-58.3711958
2026-06-17 13:05:21-03:00,2026-06-17 13:43:50-03:00,ChIJlWIqu8zKvJURz40NYbdKDHo,UNKNOWN,0 days 00:38:29,2026-06,2,False,"-34.6005322°, -58.371004°",-34.6005322,-58.371004
2026-06-17 14:02:43-03:00,2026-06-17 16:38:45-03:00,ChIJw3WzxWo1o5URJcgq_cDiz1w,Trabajo Santander,0 days 02:36:02,2026-06,2,False,"-34.6238922°, -58.3673348°",-34.6238922,-58.3673348
2026-06-17 14:02:43-03:00,2026-06-17 16:38:45-03:00,ChIJS8u27s00o5UR9dtpsV0MFkM,Trabajo Santander,0 days 02:36:02,2026-06,2,False,"-34.6238941°, -58.367137°",-34.6238941,-58.367137
2026-06-17 18:13:16-03:00,2026-06-18 11:20:58-03:00,ChIJiaxCaw7NvJURWGaM-OWByxk,UNKNOWN,0 days 17:07:42,2026-06,2,False,"-34.7184602°, -58.4074152°",-34.7184602,-58.4074152
2026-06-18 12:24:45-03:00,2026-06-18 16:29:14-03:00,ChIJuZ28VzU1o5UR3yrH7JyU3FM,Trabajo Macro,0 days 04:04:29,2026-06,3,False,"-34.5940986°, -58.3717793°",-34.5940986,-58.3717793
2026-06-18 17:59:11-03:00,2026-06-19 09:02:03-03:00,ChIJiaxCaw7NvJURWGaM-OWByxk,UNKNOWN,0 days 15:02:52,2026-06,3,False,"-34.7184602°, -58.4074152°",-34.7184602,-58.4074152
2026-06-19 09:02:03-03:00,2026-06-19 17:42:59-03:00,ChIJn_zkHA_NvJUR7yILmZdoPHc,UNKNOWN,0 days 08:40:56,2026-06,4,False,"-34.7174026°, -58.4096116°",-34.7174026,-58.4096116
2026-06-19 17:46:36-03:00,2026-06-19 17:53:54-03:00,ChIJMzGlxw_NvJUR0UobwG_mK24,UNKNOWN,0 days 00:07:18,2026-06,4,False,"-34.7162°, -58.40728°",-34.7162,-58.40728
2026-06-19 18:15:14-03:00,2026-06-19 19:49:49-03:00,ChIJOTzvv8TMvJURKA_JCMHSIdM,UNKNOWN,0 days 01:34:35,2026-06,4,False,"-34.6876288°, -58.387384°",-34.6876288,-58.387384
2026-06-19 20:00:19-03:00,2026-06-19 21:55:43-03:00,ChIJ82zSNSDNvJURrmVwXbm3KHI,Bares Lanusita,0 days 01:55:24,2026-06,4,False,"-34.7026415°, -58.3931525°",-34.7026415,-58.3931525
2026-06-19 22:22:13-03:00,2026-06-19 22:26:43-03:00,ChIJuxuJBOXNvJURmIFkBHChcVo,UNKNOWN,0 days 00:04:30,2026-06,4,False,"-34.7137751°, -58.3954229°",-34.7137751,-58.3954229
2026-06-19 22:35:03-03:00,2026-06-20 11:02:20-03:00,ChIJiaxCaw7NvJURWGaM-OWByxk,UNKNOWN,0 days 12:27:17,2026-06,4,False,"-34.7184602°, -58.4074152°",-34.7184602,-58.4074152
2026-06-20 11:08:27-03:00,2026-06-20 12:37:25-03:00,ChIJCbWWvRjNvJUREHqhy2YdI-Q,Barberia,0 days 01:28:58,2026-06,5,True,"-34.7072332°, -58.3956118°",-34.7072332,-58.3956118
2026-06-20 12:51:17-03:00,2026-06-20 13:48:36-03:00,ChIJ5zQgH6oyo5UR1ZFL3oUlYgc,Casa pablo,0 days 00:57:19,2026-06,5,True,"-34.7314837°, -58.3661421°",-34.7314837,-58.3661421
2026-06-20 14:09:27-03:00,2026-06-20 17:25:35-03:00,ChIJ07U9l1rMvJUR45T1QwpzrYI,Casa abuelos,0 days 03:16:08,2026-06,5,True,"-34.6994748°, -58.4270458°",-34.6994748,-58.4270458
2026-06-20 17:36:33-03:00,2026-06-20 17:46:56-03:00,ChIJCaSCgdTLvJURiR58DXqXLRA,Casa madre,0 days 00:10:23,2026-06,5,True,"-34.6734639°, -58.406451°",-34.6734639,-58.406451
2026-06-20 17:46:56-03:00,2026-06-20 17:57:01-03:00,ChIJQRgwW5DMvJURTbb2M9WiHnQ,Casa madre,0 days 00:10:05,2026-06,5,True,"-34.6751994°, -58.4036984°",-34.6751994,-58.4036984
2026-06-20 18:09:25-03:00,2026-06-20 18:38:24-03:00,ChIJ31mO25fMvJUR2JXizzFpWG0,UNKNOWN,0 days 00:28:59,2026-06,5,True,"-34.6728966°, -58.394322°",-34.6728966,-58.394322
2026-06-20 18:15:11-03:00,2026-06-20 18:29:21-03:00,ChIJKc7FYX3NvJURlbOOVhV8RY0,UNKNOWN,0 days 00:14:10,2026-06,5,True,"-34.6728406°, -58.3944215°",-34.6728406,-58.3944215
2026-06-20 18:45:49-03:00,2026-06-20 23:14:46-03:00,ChIJH-pIqJrMvJURyBmrbEtBqx0,Casa madre,0 days 04:28:57,2026-06,5,True,"-34.6739749°, -58.4052981°",-34.6739749,-58.4052981
2026-06-20 23:26:37-03:00,2026-06-21 12:47:56-03:00,ChIJn_zkHA_NvJUR7yILmZdoPHc,UNKNOWN,0 days 13:21:19,2026-06,5,True,"-34.7174026°, -58.4096116°",-34.7174026,-58.4096116
2026-06-21 13:11:41-03:00,2026-06-21 17:56:46-03:00,ChIJh4ZK0FfLvJURIjsYSB7jdIo,Casa lau,0 days 04:45:05,2026-06,6,True,"-34.6363768°, -58.3748847°",-34.6363768,-58.3748847
2026-06-21 18:21:14-03:00,2026-06-22 08:12:32-03:00,ChIJiaxCaw7NvJURWGaM-OWByxk,UNKNOWN,0 days 13:51:18,2026-06,6,True,"-34.7184602°, -58.4074152°",-34.7184602,-58.4074152
2026-06-22 09:05:07-03:00,2026-06-22 10:53:52-03:00,ChIJPbtP4lfKvJURDPKYCQYlUnw,WORK,0 days 01:48:45,2026-06,0,False,"-34.5436434°, -58.5172221°",-34.5436434,-58.5172221
2026-06-22 11:28:12-03:00,2026-06-22 12:14:54-03:00,ChIJS3xrUQDLvJURe9s1sM8yrao,Trabajo ICBC,0 days 00:46:42,2026-06,0,False,"-34.6069979°, -58.3749959°",-34.6069979,-58.3749959
2026-06-22 12:28:03-03:00,2026-06-22 13:33:58-03:00,ChIJozcskDQ1o5UR5Oc85yFQ8lE,Trabajo BBVA,0 days 01:05:55,2026-06,0,False,"-34.5975104°, -58.3700036°",-34.5975104,-58.3700036
2026-06-22 13:44:31-03:00,2026-06-22 16:49:16-03:00,ChIJIxYSMMbKvJURqZGJyCpvOFM,Trabajo Teatro Colon,0 days 03:04:45,2026-06,0,False,"-34.601152°, -58.3833278°",-34.601152,-58.3833278
2026-06-22 17:35:38-03:00,2026-06-22 18:49:31-03:00,ChIJc76vqlrMvJUR2rFJ_9-mceM,Casa abuelos,0 days 01:13:53,2026-06,0,False,"-34.70057°, -58.42861°",-34.70057,-58.42861
2026-06-22 19:01:50-03:00,2026-06-23 10:57:07-03:00,ChIJn_zkHA_NvJUR7yILmZdoPHc,UNKNOWN,0 days 15:55:17,2026-06,0,False,"-34.7174026°, -58.4096116°",-34.7174026,-58.4096116
2026-06-23 11:30:44-03:00,2026-06-23 13:11:46-03:00,ChIJIxYSMMbKvJURqZGJyCpvOFM,Trabajo Teatro Colon,0 days 01:41:02,2026-06,1,False,"-34.601152°, -58.3833278°",-34.601152,-58.3833278
2026-06-23 13:26:22-03:00,2026-06-23 14:34:46-03:00,ChIJT4Ux0NLKvJURaCmj-8kWn14,Trabajo Galicia,0 days 01:08:24,2026-06,1,False,"-34.6064809°, -58.37203°",-34.6064809,-58.37203
2026-06-23 14:56:36-03:00,2026-06-23 17:09:53-03:00,ChIJIxYSMMbKvJURqZGJyCpvOFM,Trabajo Teatro Colon,0 days 02:13:17,2026-06,1,False,"-34.601152°, -58.3833278°",-34.601152,-58.3833278
2026-06-23 18:10:01-03:00,2026-06-24 10:48:30-03:00,ChIJn_zkHA_NvJUR7yILmZdoPHc,UNKNOWN,0 days 16:38:29,2026-06,1,False,"-34.7174026°, -58.4096116°",-34.7174026,-58.4096116
2026-06-24 12:07:26-03:00,2026-06-24 14:14:18-03:00,ChIJSeIQb83KvJUR31HGG_vZTbI,Trabajo Supervielle,0 days 02:06:52,2026-06,2,False,"-34.6043625°, -58.3736067°",-34.6043625,-58.3736067
2026-06-24 14:22:19-03:00,2026-06-24 14:28:22-03:00,ChIJeZBdPczKvJUR0HBJJSy2NiI,UNKNOWN,0 days 00:06:03,2026-06,2,False,"-34.6022372°, -58.3764792°",-34.6022372,-58.3764792
2026-06-24 14:47:08-03:00,2026-06-24 17:06:21-03:00,ChIJIxYSMMbKvJURqZGJyCpvOFM,Trabajo Teatro Colon,0 days 02:19:13,2026-06,2,False,"-34.601152°, -58.3833278°",-34.601152,-58.3833278
2026-06-24 18:35:07-03:00,2026-06-24 22:13:22-03:00,ChIJuxuJBOXNvJURmIFkBHChcVo,UNKNOWN,0 days 03:38:15,2026-06,2,False,"-34.7137751°, -58.3954229°",-34.7137751,-58.3954229
2026-06-24 22:19:24-03:00,2026-06-25 07:49:26-03:00,ChIJn_zkHA_NvJUR7yILmZdoPHc,UNKNOWN,0 days 09:30:02,2026-06,2,False,"-34.7174026°, -58.4096116°",-34.7174026,-58.4096116
2026-06-25 08:22:20-03:00,2026-06-25 08:49:55-03:00,ChIJCa0SEcgzo5URfRDDJN4TPMQ,UNKNOWN,0 days 00:27:35,2026-06,3,False,"-34.6610756°, -58.3669739°",-34.6610756,-58.3669739
2026-06-25 08:22:20-03:00,2026-06-25 08:47:11-03:00,ChIJM5xFNFIzo5URxU89ci_Bdyc,UNKNOWN,0 days 00:24:51,2026-06,3,False,"-34.6610226°, -58.3670099°",-34.6610226,-58.3670099
2026-06-25 08:49:55-03:00,2026-06-25 10:18:08-03:00,ChIJfdVCjlMzo5URzwsdPlpbUBo,UNKNOWN,0 days 01:28:13,2026-06,3,False,"-34.6587208°, -58.3678547°",-34.6587208,-58.3678547
2026-06-25 10:46:07-03:00,2026-06-25 12:15:39-03:00,ChIJXaTPUjvNvJURQVbUyd9w-PI,UNKNOWN,0 days 01:29:32,2026-06,3,False,"-34.7089665°, -58.3882165°",-34.7089665,-58.3882165
2026-06-25 12:35:59-03:00,2026-06-25 13:16:42-03:00,ChIJiaxCaw7NvJURWGaM-OWByxk,UNKNOWN,0 days 00:40:43,2026-06,3,False,"-34.7184602°, -58.4074152°",-34.7184602,-58.4074152
2026-06-25 14:26:41-03:00,2026-06-25 15:22:39-03:00,ChIJSeIQb83KvJUR31HGG_vZTbI,Trabajo Supervielle,0 days 00:55:58,2026-06,3,False,"-34.6043625°, -58.3736067°",-34.6043625,-58.3736067
2026-06-25 15:31:11-03:00,2026-06-25 16:43:29-03:00,ChIJIxYSMMbKvJURqZGJyCpvOFM,Trabajo Teatro Colon,0 days 01:12:18,2026-06,3,False,"-34.601152°, -58.3833278°",-34.601152,-58.3833278
2026-06-25 17:56:22-03:00,2026-06-26 09:53:31-03:00,ChIJn_zkHA_NvJUR7yILmZdoPHc,UNKNOWN,0 days 15:57:09,2026-06,3,False,"-34.7174026°, -58.4096116°",-34.7174026,-58.4096116
2026-06-26 10:26:05-03:00,2026-06-26 12:54:36-03:00,ChIJw3WzxWo1o5URJcgq_cDiz1w,Trabajo Santander,0 days 02:28:31,2026-06,4,False,"-34.6238922°, -58.3673348°",-34.6238922,-58.3673348
2026-06-26 10:26:05-03:00,2026-06-26 12:54:36-03:00,ChIJS8u27s00o5UR9dtpsV0MFkM,Trabajo Santander,0 days 02:28:31,2026-06,4,False,"-34.6238941°, -58.367137°",-34.6238941,-58.367137
2026-06-26 13:00:38-03:00,2026-06-26 14:34:33-03:00,ChIJnXrVuzLLvJURqh0sjCdT94I,UNKNOWN,0 days 01:33:55,2026-06,4,False,"-34.6257016°, -58.3725394°",-34.6257016,-58.3725394
2026-06-26 14:57:07-03:00,2026-06-26 17:06:34-03:00,ChIJozcskDQ1o5UR5Oc85yFQ8lE,Trabajo BBVA,0 days 02:09:27,2026-06,4,False,"-34.5975104°, -58.3700036°",-34.5975104,-58.3700036
2026-06-26 18:12:30-03:00,2026-06-27 08:55:49-03:00,ChIJn_zkHA_NvJUR7yILmZdoPHc,UNKNOWN,0 days 14:43:19,2026-06,4,False,"-34.7174026°, -58.4096116°",-34.7174026,-58.4096116
2026-06-27 09:30:49-03:00,2026-06-27 09:41:00-03:00,ChIJ45F07dLKvJURjZiXOV7NG40,UNKNOWN,0 days 00:10:11,2026-06,5,True,"-34.6064447°, -58.3737981°",-34.6064447,-58.3737981
2026-06-27 10:00:39-03:00,2026-06-27 11:48:16-03:00,ChIJS3xrUQDLvJURe9s1sM8yrao,Trabajo ICBC,0 days 01:47:37,2026-06,5,True,"-34.6069979°, -58.3749959°",-34.6069979,-58.3749959
2026-06-27 11:52:20-03:00,2026-06-27 12:17:43-03:00,ChIJ-5b1MtLKvJUR_MRYyAEgpow,UNKNOWN,0 days 00:25:23,2026-06,5,True,"-34.6083322°, -58.3766457°",-34.6083322,-58.3766457
2026-06-27 11:52:20-03:00,2026-06-27 12:17:43-03:00,ChIJAxcRzNPKvJURdTfUenR6Yxg,UNKNOWN,0 days 00:25:23,2026-06,5,True,"-34.6085502°, -58.3766474°",-34.6085502,-58.3766474
2026-06-27 12:23:33-03:00,2026-06-27 12:27:53-03:00,ChIJ2a-m8s7KvJUR0PGpqgEyBGg,UNKNOWN,0 days 00:04:20,2026-06,5,True,"-34.6038659°, -58.3789583°",-34.6038659,-58.3789583
2026-06-27 12:56:52-03:00,2026-06-27 14:31:04-03:00,ChIJCbWWvRjNvJUREHqhy2YdI-Q,Barberia,0 days 01:34:12,2026-06,5,True,"-34.7072332°, -58.3956118°",-34.7072332,-58.3956118
2026-06-27 15:16:43-03:00,2026-06-27 15:33:14-03:00,ChIJS3xrUQDLvJURe9s1sM8yrao,Trabajo ICBC,0 days 00:16:31,2026-06,5,True,"-34.6069979°, -58.3749959°",-34.6069979,-58.3749959
2026-06-27 15:54:59-03:00,2026-06-27 16:10:29-03:00,ChIJGyE07OWvvJURl7eJv0HA6T0,Casa madre,0 days 00:15:30,2026-06,5,True,"-34.6735957°, -58.4061943°",-34.6735957,-58.4061943
2026-06-27 16:29:27-03:00,2026-06-27 19:01:40-03:00,ChIJa9k_n1rMvJURmFjEVhsJ6zE,Casa abuelos,0 days 02:32:13,2026-06,5,True,"-34.7000175°, -58.4272267°",-34.7000175,-58.4272267
2026-06-27 19:14:08-03:00,2026-06-27 19:16:47-03:00,ChIJCaSCgdTLvJURiR58DXqXLRA,Casa madre,0 days 00:02:39,2026-06,5,True,"-34.6734639°, -58.406451°",-34.6734639,-58.406451
2026-06-27 19:36:34-03:00,2026-06-28 17:00:36-03:00,ChIJn_zkHA_NvJUR7yILmZdoPHc,UNKNOWN,0 days 21:24:02,2026-06,5,True,"-34.7174026°, -58.4096116°",-34.7174026,-58.4096116
2026-06-28 17:27:33-03:00,2026-06-28 21:32:35-03:00,ChIJTZBVwETNvJURvZ8tXq-6p6M,Casa brisa,0 days 04:05:02,2026-06,6,True,"-34.7274601°, -58.3872151°",-34.7274601,-58.3872151
2026-06-28 21:43:37-03:00,2026-06-28 22:41:04-03:00,ChIJ205JPiDNvJURGxlchjUiEmA,Bares Lanusita,0 days 00:57:27,2026-06,6,True,"-34.7017804°, -58.393452°",-34.7017804,-58.393452
2026-06-28 23:05:31-03:00,2026-06-29 01:14:50-03:00,ChIJXcKOJDQzo5URu8Fm7pohjEM,Alto Avellaneda,0 days 02:09:19,2026-06,6,True,"-34.6754885°, -58.3671896°",-34.6754885,-58.3671896
2026-06-28 23:05:31-03:00,2026-06-28 23:11:30-03:00,ChIJA1fCrkAzo5UR_zhvI0y4GKs,Alto Avellaneda,0 days 00:05:59,2026-06,6,True,"-34.6758223°, -58.3678417°",-34.6758223,-58.3678417
2026-06-28 23:13:02-03:00,2026-06-29 00:50:40-03:00,ChIJCxyzBD0zo5URFIGjYfRXz8A,Alto Avellaneda,0 days 01:37:38,2026-06,6,True,"-34.6771759°, -58.3692651°",-34.6771759,-58.3692651
2026-06-29 01:09:22-03:00,2026-06-29 01:14:50-03:00,ChIJkVgjEDQzo5URzS1WigIUZQ4,Alto Avellaneda,0 days 00:05:28,2026-06,0,False,"-34.674415°, -58.3680412°",-34.674415,-58.3680412
2026-06-29 01:53:12-03:00,2026-06-29 10:26:24-03:00,ChIJn_zkHA_NvJUR7yILmZdoPHc,UNKNOWN,0 days 08:33:12,2026-06,0,False,"-34.7174026°, -58.4096116°",-34.7174026,-58.4096116
2026-06-29 11:12:12-03:00,2026-06-29 11:25:42-03:00,ChIJPbtP4lfKvJURDPKYCQYlUnw,WORK,0 days 00:13:30,2026-06,0,False,"-34.5436434°, -58.5172221°",-34.5436434,-58.5172221
2026-06-29 12:11:10-03:00,2026-06-29 13:42:06-03:00,ChIJB_VEqHjLvJURlFpzKffxfto,Trabajo Galicia,0 days 01:30:56,2026-06,0,False,"-34.6061488°, -58.3723712°",-34.6061488,-58.3723712
2026-06-29 13:50:37-03:00,2026-06-29 13:59:31-03:00,ChIJeZBdPczKvJUR0HBJJSy2NiI,UNKNOWN,0 days 00:08:54,2026-06,0,False,"-34.6022372°, -58.3764792°",-34.6022372,-58.3764792
2026-06-29 14:06:49-03:00,2026-06-29 14:43:48-03:00,ChIJIxYSMMbKvJURqZGJyCpvOFM,Trabajo Teatro Colon,0 days 00:36:59,2026-06,0,False,"-34.601152°, -58.3833278°",-34.601152,-58.3833278
2026-06-29 14:53:54-03:00,2026-06-29 15:05:07-03:00,ChIJ217apvCpSgARi1VOI06tvhE,UNKNOWN,0 days 00:11:13,2026-06,0,False,"-34.6037014°, -58.3816048°",-34.6037014,-58.3816048
2026-06-29 15:09:09-03:00,2026-06-29 16:30:00-03:00,ChIJIxYSMMbKvJURqZGJyCpvOFM,Trabajo Teatro Colon,0 days 01:20:51,2026-06,0,False,"-34.601152°, -58.3833278°",-34.601152,-58.3833278
2026-06-29 17:24:42-03:00,2026-06-29 17:58:02-03:00,ChIJB7rt0CnLvJUR7-LaPUwZjbo,UNKNOWN,0 days 00:33:20,2026-06,0,False,"-34.7365259°, -58.3979022°",-34.7365259,-58.3979022
2026-06-29 18:28:45-03:00,2026-06-30 09:49:41-03:00,ChIJn_zkHA_NvJUR7yILmZdoPHc,UNKNOWN,0 days 15:20:56,2026-06,0,False,"-34.7174026°, -58.4096116°",-34.7174026,-58.4096116
2026-06-30 10:26:19-03:00,2026-06-30 11:09:33-03:00,ChIJO5OvTjDLvJURn--oIpRP89Q,UNKNOWN,0 days 00:43:14,2026-06,1,False,"-34.6283037°, -58.3805292°",-34.6283037,-58.3805292
2026-06-30 11:42:30-03:00,2026-06-30 13:14:27-03:00,ChIJwdCF6ic1o5UR-gamPoYeJog,UNKNOWN,0 days 01:31:57,2026-06,1,False,"-34.6096805°, -58.3590099°",-34.6096805,-58.3590099
2026-06-30 13:40:04-03:00,2026-06-30 14:25:58-03:00,ChIJS3xrUQDLvJURe9s1sM8yrao,Trabajo ICBC,0 days 00:45:54,2026-06,1,False,"-34.6069979°, -58.3749959°",-34.6069979,-58.3749959
2026-06-30 14:46:54-03:00,2026-06-30 16:34:53-03:00,ChIJIxYSMMbKvJURqZGJyCpvOFM,Trabajo Teatro Colon,0 days 01:47:59,2026-06,1,False,"-34.601152°, -58.3833278°",-34.601152,-58.3833278
2026-06-30 17:18:55-03:00,2026-06-30 17:23:55-03:00,ChIJn7mMOgXNvJUR0Ik3dMEMRNg,UNKNOWN,0 days 00:05:00,2026-06,1,False,"-34.7125344°, -58.4066792°",-34.7125344,-58.4066792
2026-06-30 17:27:43-03:00,2026-07-01 08:28:07-03:00,ChIJn_zkHA_NvJUR7yILmZdoPHc,UNKNOWN,0 days 15:00:24,2026-06,1,False,"-34.7174026°, -58.4096116°",-34.7174026,-58.4096116
2026-07-01 09:29:28-03:00,2026-07-01 11:36:38-03:00,ChIJPbtP4lfKvJURDPKYCQYlUnw,WORK,0 days 02:07:10,2026-07,2,False,"-34.5436434°, -58.5172221°",-34.5436434,-58.5172221
2026-07-01 12:18:01-03:00,2026-07-01 12:50:00-03:00,ChIJfV8UtKHLvJURgCPpk1GVw1w,Trabajo ICBC,0 days 00:31:59,2026-07,2,False,"-34.6069608°, -58.3758159°",-34.6069608,-58.3758159
2026-07-01 12:59:09-03:00,2026-07-01 14:57:26-03:00,ChIJ31FQXtLKvJURRh-ANe18zWc,Trabajo ICBC,0 days 01:58:17,2026-07,2,False,"-34.6066665°, -58.374614°",-34.6066665,-58.374614
2026-07-01 17:10:05-03:00,2026-07-01 17:19:30-03:00,ChIJrw867Q7NvJUR2_z7EyN-Qck,UNKNOWN,0 days 00:09:25,2026-07,2,False,"-34.7188036°, -58.4096209°",-34.7188036,-58.4096209
2026-07-01 17:23:31-03:00,2026-07-02 12:47:19-03:00,ChIJn_zkHA_NvJUR7yILmZdoPHc,UNKNOWN,0 days 19:23:48,2026-07,2,False,"-34.7174026°, -58.4096116°",-34.7174026,-58.4096116
2026-07-02 13:57:37-03:00,2026-07-02 15:30:48-03:00,ChIJuZ28VzU1o5UR3yrH7JyU3FM,Trabajo Macro,0 days 01:33:11,2026-07,3,False,"-34.5940986°, -58.3717793°",-34.5940986,-58.3717793
2026-07-02 15:40:44-03:00,2026-07-02 17:09:53-03:00,ChIJIxYSMMbKvJURqZGJyCpvOFM,Trabajo Teatro Colon,0 days 01:29:09,2026-07,3,False,"-34.601152°, -58.3833278°",-34.601152,-58.3833278
2026-07-02 18:14:46-03:00,2026-07-03 10:41:31-03:00,ChIJn_zkHA_NvJUR7yILmZdoPHc,UNKNOWN,0 days 16:26:45,2026-07,3,False,"-34.7174026°, -58.4096116°",-34.7174026,-58.4096116
2026-07-03 10:44:01-03:00,2026-07-03 10:50:19-03:00,ChIJMzGlxw_NvJUR0UobwG_mK24,UNKNOWN,0 days 00:06:18,2026-07,4,False,"-34.7162°, -58.40728°",-34.7162,-58.40728
2026-07-03 11:49:47-03:00,2026-07-03 18:12:07-03:00,ChIJuZ28VzU1o5UR3yrH7JyU3FM,Trabajo Macro,0 days 06:22:20,2026-07,4,False,"-34.5940986°, -58.3717793°",-34.5940986,-58.3717793
2026-07-03 19:26:39-03:00,2026-07-04 11:33:20-03:00,ChIJn_zkHA_NvJUR7yILmZdoPHc,UNKNOWN,0 days 16:06:41,2026-07,4,False,"-34.7174026°, -58.4096116°",-34.7174026,-58.4096116
2026-07-04 11:39:19-03:00,2026-07-04 13:08:29-03:00,ChIJNZVAFz3NvJURIMwHZK8FMWM,Barberia nuevo,0 days 01:29:10,2026-07,5,True,"-34.7118053°, -58.392751°",-34.7118053,-58.392751
2026-07-04 13:33:40-03:00,2026-07-04 13:43:39-03:00,ChIJCaSCgdTLvJURiR58DXqXLRA,Casa madre,0 days 00:09:59,2026-07,5,True,"-34.6734639°, -58.406451°",-34.6734639,-58.406451
2026-07-04 13:55:51-03:00,2026-07-04 17:35:23-03:00,ChIJG61IBFDMvJURwKlU15_TYxE,Casa abuelos,0 days 03:39:32,2026-07,5,True,"-34.70099°, -58.4283°",-34.70099,-58.4283
2026-07-04 17:49:00-03:00,2026-07-04 18:02:27-03:00,ChIJt6mvqZrMvJURwEflIsBKbSQ,Casa madre,0 days 00:13:27,2026-07,5,True,"-34.673936°, -58.4054231°",-34.673936,-58.4054231
2026-07-04 18:19:45-03:00,2026-07-04 18:33:26-03:00,ChIJiQDEBCPNvJUR1iaRPp6sr38,UNKNOWN,0 days 00:13:41,2026-07,5,True,"-34.7075567°, -58.3908743°",-34.7075567,-58.3908743
2026-07-04 18:44:16-03:00,2026-07-04 20:04:05-03:00,ChIJn_zkHA_NvJUR7yILmZdoPHc,UNKNOWN,0 days 01:19:49,2026-07,5,True,"-34.7174026°, -58.4096116°",-34.7174026,-58.4096116
2026-07-04 20:10:52-03:00,2026-07-04 21:08:41-03:00,ChIJNZVAFz3NvJURIMwHZK8FMWM,Barberia nuevo,0 days 00:57:49,2026-07,5,True,"-34.7118053°, -58.392751°",-34.7118053,-58.392751
2026-07-04 21:21:22-03:00,2026-07-04 22:05:31-03:00,ChIJxwY7MaTSvJURpNNIRB6wX1c,UNKNOWN,0 days 00:44:09,2026-07,5,True,"-34.7439269°, -58.3864°",-34.7439269,-58.3864
2026-07-04 22:23:52-03:00,2026-07-04 22:31:28-03:00,ChIJQaXf25DSvJUR1xXYwNEvMZo,UNKNOWN,0 days 00:07:36,2026-07,5,True,"-34.754981°, -58.4008713°",-34.754981,-58.4008713
2026-07-04 22:50:29-03:00,2026-07-05 02:00:29-03:00,ChIJUU8rMADTvJURBu0ebUtiPZc,UNKNOWN,0 days 03:10:00,2026-07,5,True,"-34.7440524°, -58.3860868°",-34.7440524,-58.3860868
2026-07-05 02:14:58-03:00,2026-07-05 02:20:27-03:00,ChIJiQDEBCPNvJUR1iaRPp6sr38,UNKNOWN,0 days 00:05:29,2026-07,6,True,"-34.7075567°, -58.3908743°",-34.7075567,-58.3908743
2026-07-05 02:28:03-03:00,2026-07-05 11:47:32-03:00,ChIJiaxCaw7NvJURWGaM-OWByxk,UNKNOWN,0 days 09:19:29,2026-07,6,True,"-34.7184602°, -58.4074152°",-34.7184602,-58.4074152
2026-07-05 12:19:21-03:00,2026-07-05 13:04:10-03:00,ChIJB_VEqHjLvJURlFpzKffxfto,Trabajo Galicia,0 days 00:44:49,2026-07,6,True,"-34.6061488°, -58.3723712°",-34.6061488,-58.3723712
2026-07-05 13:33:17-03:00,2026-07-06 12:19:41-03:00,ChIJn_zkHA_NvJUR7yILmZdoPHc,INFERRED_WORK,0 days 22:46:24,2026-07,6,True,"-34.7174026°, -58.4096116°",-34.7174026,-58.4096116
2026-07-06 12:22:02-03:00,2026-07-06 12:31:34-03:00,ChIJMzGlxw_NvJUR0UobwG_mK24,UNKNOWN,0 days 00:09:32,2026-07,0,False,"-34.7162°, -58.40728°",-34.7162,-58.40728
2026-07-06 13:34:37-03:00,2026-07-06 14:30:45-03:00,ChIJuZ28VzU1o5UR3yrH7JyU3FM,Trabajo Macro,0 days 00:56:08,2026-07,0,False,"-34.5940986°, -58.3717793°",-34.5940986,-58.3717793
2026-07-06 15:02:58-03:00,2026-07-06 16:07:35-03:00,ChIJIxYSMMbKvJURqZGJyCpvOFM,Trabajo Teatro Colon,0 days 01:04:37,2026-07,0,False,"-34.601152°, -58.3833278°",-34.601152,-58.3833278
2026-07-06 17:01:06-03:00,2026-07-07 09:10:36-03:00,ChIJiaxCaw7NvJURWGaM-OWByxk,UNKNOWN,0 days 16:09:30,2026-07,0,False,"-34.7184602°, -58.4074152°",-34.7184602,-58.4074152
2026-07-07 10:16:41-03:00,2026-07-07 11:16:24-03:00,ChIJ6UXWTy01o5URRRYeyMZm_QI,Trabajo Columbia,0 days 00:59:43,2026-07,1,False,"-34.6047587°, -58.3711958°",-34.6047587,-58.3711958
2026-07-07 11:19:19-03:00,2026-07-07 12:01:27-03:00,ChIJXx79V9vKvJURS2GosE58c8w,UNKNOWN,0 days 00:42:08,2026-07,1,False,"-34.6083667°, -58.3722832°",-34.6083667,-58.3722832
2026-07-07 12:22:28-03:00,2026-07-07 13:57:41-03:00,ChIJIxYSMMbKvJURqZGJyCpvOFM,Trabajo Teatro Colon,0 days 01:35:13,2026-07,1,False,"-34.601152°, -58.3833278°",-34.601152,-58.3833278
2026-07-07 14:00:34-03:00,2026-07-07 14:33:25-03:00,ChIJ5Ybw2CDLvJURceRymuwyGA4,UNKNOWN,0 days 00:32:51,2026-07,1,False,"-34.6025427°, -58.3826816°",-34.6025427,-58.3826816
2026-07-07 14:34:31-03:00,2026-07-07 15:58:44-03:00,ChIJIxYSMMbKvJURqZGJyCpvOFM,Trabajo Teatro Colon,0 days 01:24:13,2026-07,1,False,"-34.601152°, -58.3833278°",-34.601152,-58.3833278
2026-07-07 16:09:18-03:00,2026-07-07 16:15:13-03:00,ChIJr_waC8vKvJURnJ45T8-lU40,UNKNOWN,0 days 00:05:55,2026-07,1,False,"-34.5992496°, -58.3747789°",-34.5992496,-58.3747789
2026-07-07 16:09:18-03:00,2026-07-07 16:15:13-03:00,ChIJv4lMZBjLvJURJ-Hn21x76XI,UNKNOWN,0 days 00:05:55,2026-07,1,False,"-34.5988142°, -58.3753074°",-34.5988142,-58.3753074
2026-07-07 17:08:00-03:00,2026-07-07 17:13:26-03:00,ChIJiQDEBCPNvJUR1iaRPp6sr38,UNKNOWN,0 days 00:05:26,2026-07,1,False,"-34.7075567°, -58.3908743°",-34.7075567,-58.3908743
2026-07-07 17:24:04-03:00,2026-07-07 18:20:32-03:00,ChIJB7rt0CnLvJUR7-LaPUwZjbo,UNKNOWN,0 days 00:56:28,2026-07,1,False,"-34.7365259°, -58.3979022°",-34.7365259,-58.3979022
2026-07-07 18:37:24-03:00,2026-07-08 13:26:02-03:00,ChIJn_zkHA_NvJUR7yILmZdoPHc,INFERRED_WORK,0 days 18:48:38,2026-07,1,False,"-34.7174026°, -58.4096116°",-34.7174026,-58.4096116
2026-07-08 13:29:02-03:00,2026-07-08 13:39:26-03:00,ChIJMzGlxw_NvJUR0UobwG_mK24,UNKNOWN,0 days 00:10:24,2026-07,2,False,"-34.7162°, -58.40728°",-34.7162,-58.40728
2026-07-08 14:36:20-03:00,2026-07-08 16:21:52-03:00,ChIJ6UXWTy01o5URRRYeyMZm_QI,Trabajo Columbia,0 days 01:45:32,2026-07,2,False,"-34.6047587°, -58.3711958°",-34.6047587,-58.3711958
2026-07-08 16:56:48-03:00,2026-07-08 17:08:03-03:00,ChIJ2WVuqLPKvJURSMIERHR62l0,UNKNOWN,0 days 00:11:15,2026-07,2,False,"-34.5893615°, -58.3731595°",-34.5893615,-58.3731595
2026-07-08 18:10:29-03:00,2026-07-08 18:25:13-03:00,ChIJNZVAFz3NvJURIMwHZK8FMWM,Barberia nuevo,0 days 00:14:44,2026-07,2,False,"-34.7118053°, -58.392751°",-34.7118053,-58.392751
2026-07-08 18:28:04-03:00,2026-07-08 21:56:33-03:00,ChIJs3Cx8D3NvJURjlzElHq9YH4,Casa cami,0 days 03:28:29,2026-07,2,False,"-34.7147681°, -58.3942081°",-34.7147681,-58.3942081
2026-07-08 22:02:06-03:00,2026-07-09 11:31:01-03:00,ChIJiaxCaw7NvJURWGaM-OWByxk,UNKNOWN,0 days 13:28:55,2026-07,2,False,"-34.7184602°, -58.4074152°",-34.7184602,-58.4074152
2026-07-09 11:35:01-03:00,2026-07-09 11:40:02-03:00,ChIJrw867Q7NvJUR2_z7EyN-Qck,UNKNOWN,0 days 00:05:01,2026-07,3,False,"-34.7188036°, -58.4096209°",-34.7188036,-58.4096209
2026-07-09 12:05:20-03:00,2026-07-09 12:14:10-03:00,ChIJrw867Q7NvJUR2_z7EyN-Qck,UNKNOWN,0 days 00:08:50,2026-07,3,False,"-34.7188036°, -58.4096209°",-34.7188036,-58.4096209
2026-07-09 12:17:13-03:00,2026-07-09 16:53:41-03:00,ChIJiaxCaw7NvJURWGaM-OWByxk,UNKNOWN,0 days 04:36:28,2026-07,3,False,"-34.7184602°, -58.4074152°",-34.7184602,-58.4074152
2026-07-09 17:16:04-03:00,2026-07-09 17:44:28-03:00,ChIJuxuJBOXNvJURmIFkBHChcVo,UNKNOWN,0 days 00:28:24,2026-07,3,False,"-34.7137751°, -58.3954229°",-34.7137751,-58.3954229
2026-07-09 18:00:10-03:00,2026-07-09 19:43:22-03:00,ChIJa9k_n1rMvJURmFjEVhsJ6zE,Casa abuelos,0 days 01:43:12,2026-07,3,False,"-34.7000175°, -58.4272267°",-34.7000175,-58.4272267
2026-07-09 19:50:48-03:00,2026-07-11 11:09:42-03:00,ChIJn_zkHA_NvJUR7yILmZdoPHc,INFERRED_WORK,1 days 15:18:54,2026-07,3,False,"-34.7174026°, -58.4096116°",-34.7174026,-58.4096116
2026-07-11 11:15:34-03:00,2026-07-11 12:28:44-03:00,ChIJNZVAFz3NvJURIMwHZK8FMWM,Barberia nuevo,0 days 01:13:10,2026-07,5,True,"-34.7118053°, -58.392751°",-34.7118053,-58.392751
2026-07-11 12:59:21-03:00,2026-07-11 19:06:14-03:00,ChIJa9k_n1rMvJURmFjEVhsJ6zE,Casa abuelos,0 days 06:06:53,2026-07,5,True,"-34.7000175°, -58.4272267°",-34.7000175,-58.4272267
2026-07-11 19:13:37-03:00,2026-07-11 20:12:00-03:00,ChIJiaxCaw7NvJURWGaM-OWByxk,UNKNOWN,0 days 00:58:23,2026-07,5,True,"-34.7184602°, -58.4074152°",-34.7184602,-58.4074152
2026-07-11 20:27:20-03:00,2026-07-11 20:30:17-03:00,ChIJiQDEBCPNvJUR1iaRPp6sr38,UNKNOWN,0 days 00:02:57,2026-07,5,True,"-34.7075567°, -58.3908743°",-34.7075567,-58.3908743
2026-07-11 20:41:19-03:00,2026-07-11 20:51:23-03:00,ChIJ4RDQD6zMvJUR4bC3v7pWZXI,UNKNOWN,0 days 00:10:04,2026-07,5,True,"-34.6619355°, -58.3764798°",-34.6619355,-58.3764798
2026-07-11 21:02:27-03:00,2026-07-12 01:32:05-03:00,ChIJF_lppFkyo5URC_-YLD3K7hY,Casa tio,0 days 04:29:38,2026-07,5,True,"-34.69198°, -58.32223°",-34.69198,-58.32223
2026-07-12 02:04:06-03:00,2026-07-13 12:54:57-03:00,ChIJn_zkHA_NvJUR7yILmZdoPHc,INFERRED_WORK,1 days 10:50:51,2026-07,6,True,"-34.7174026°, -58.4096116°",-34.7174026,-58.4096116
2026-07-13 13:52:24-03:00,2026-07-13 14:21:19-03:00,ChIJD0a_lcrLvJURHSHUUbYj9Sw,UNKNOWN,0 days 00:28:55,2026-07,0,False,"-34.6063798°, -58.3761389°",-34.6063798,-58.3761389
2026-07-13 13:52:24-03:00,2026-07-13 14:20:33-03:00,ChIJJ6tNujnLvJURkWzQcFDAt9o,UNKNOWN,0 days 00:28:09,2026-07,0,False,"-34.6063368°, -58.3762943°",-34.6063368,-58.3762943
2026-07-13 14:24:33-03:00,2026-07-13 15:03:41-03:00,ChIJT-ybv9LKvJURHb0Ku5piHEA,Trabajo Galicia,0 days 00:39:08,2026-07,0,False,"-34.6058223°, -58.3726811°",-34.6058223,-58.3726811
2026-07-13 15:24:40-03:00,2026-07-13 16:45:48-03:00,ChIJIxYSMMbKvJURqZGJyCpvOFM,Trabajo Teatro Colon,0 days 01:21:08,2026-07,0,False,"-34.601152°, -58.3833278°",-34.601152,-58.3833278
2026-07-13 18:00:22-03:00,2026-07-14 10:26:26-03:00,ChIJiaxCaw7NvJURWGaM-OWByxk,UNKNOWN,0 days 16:26:04,2026-07,0,False,"-34.7184602°, -58.4074152°",-34.7184602,-58.4074152
2026-07-14 11:41:06-03:00,2026-07-14 13:30:37-03:00,ChIJuZ28VzU1o5UR3yrH7JyU3FM,Trabajo Macro,0 days 01:49:31,2026-07,1,False,"-34.5940986°, -58.3717793°",-34.5940986,-58.3717793
2026-07-14 13:55:08-03:00,2026-07-14 14:06:00-03:00,ChIJx9_U-L3KvJURA1VkoMY_1_A,UNKNOWN,0 days 00:10:52,2026-07,1,False,"-34.5961428°, -58.3944065°",-34.5961428,-58.3944065
2026-07-14 13:55:08-03:00,2026-07-14 14:06:00-03:00,ChIJlRIZ_L3KvJURwGSeZ0wIEIE,UNKNOWN,0 days 00:10:52,2026-07,1,False,"-34.5959833°, -58.3942285°",-34.5959833,-58.3942285
2026-07-14 14:27:07-03:00,2026-07-14 16:23:45-03:00,ChIJIxYSMMbKvJURqZGJyCpvOFM,Trabajo Teatro Colon,0 days 01:56:38,2026-07,1,False,"-34.601152°, -58.3833278°",-34.601152,-58.3833278
2026-07-14 17:20:16-03:00,2026-07-15 13:41:55-03:00,ChIJn_zkHA_NvJUR7yILmZdoPHc,INFERRED_WORK,0 days 20:21:39,2026-07,1,False,"-34.7174026°, -58.4096116°",-34.7174026,-58.4096116
2026-07-15 14:24:44-03:00,2026-07-15 14:28:08-03:00,ChIJC-COMCjLvJURvGt0t-UtDkY,UNKNOWN,0 days 00:03:24,2026-07,2,False,"-34.6179521°, -58.3815784°",-34.6179521,-58.3815784
2026-07-15 14:38:30-03:00,2026-07-15 15:02:41-03:00,ChIJozcskDQ1o5UR5Oc85yFQ8lE,Trabajo BBVA,0 days 00:24:11,2026-07,2,False,"-34.5975104°, -58.3700036°",-34.5975104,-58.3700036
2026-07-15 18:17:22-03:00,2026-07-15 18:28:05-03:00,ChIJMzGlxw_NvJUR0UobwG_mK24,UNKNOWN,0 days 00:10:43,2026-07,2,False,"-34.7162°, -58.40728°",-34.7162,-58.40728
2026-07-15 20:23:36-03:00,2026-07-15 20:36:19-03:00,ChIJT2VCTyHNvJURhcxGHu5_XUg,UNKNOWN,0 days 00:12:43,2026-07,2,False,"-34.7034594°, -58.3895758°",-34.7034594,-58.3895758
2026-07-15 20:41:18-03:00,2026-07-15 21:48:34-03:00,ChIJq9FOxLnNvJURSFfkUxPbZQw,Bares Lanusita,0 days 01:07:16,2026-07,2,False,"-34.7032958°, -58.393461°",-34.7032958,-58.393461
2026-07-15 21:51:30-03:00,2026-07-15 22:23:09-03:00,ChIJI9PmXoTNvJURTE0v8LhGDbA,Bares Lanusita,0 days 00:31:39,2026-07,2,False,"-34.7021741°, -58.3933357°",-34.7021741,-58.3933357
2026-07-15 22:30:47-03:00,2026-07-15 23:52:04-03:00,ChIJiQDEBCPNvJUR1iaRPp6sr38,UNKNOWN,0 days 01:21:17,2026-07,2,False,"-34.7075567°, -58.3908743°",-34.7075567,-58.3908743
2026-07-16 00:00:28-03:00,2026-07-16 11:52:18-03:00,ChIJn_zkHA_NvJUR7yILmZdoPHc,INFERRED_WORK,0 days 11:51:50,2026-07,3,False,"-34.7174026°, -58.4096116°",-34.7174026,-58.4096116
2026-07-16 12:36:48-03:00,2026-07-16 13:44:30-03:00,ChIJS3xrUQDLvJURe9s1sM8yrao,Trabajo ICBC,0 days 01:07:42,2026-07,3,False,"-34.6069979°, -58.3749959°",-34.6069979,-58.3749959
2026-07-16 14:07:19-03:00,2026-07-16 14:38:11-03:00,ChIJIxYSMMbKvJURqZGJyCpvOFM,Trabajo Teatro Colon,0 days 00:30:52,2026-07,3,False,"-34.601152°, -58.3833278°",-34.601152,-58.3833278
2026-07-16 14:58:20-03:00,2026-07-16 16:15:26-03:00,ChIJ2cE5-ZXKvJURYJVEUEitGAU,UNKNOWN,0 days 01:17:06,2026-07,3,False,"-34.596679°, -58.3949805°",-34.596679,-58.3949805
2026-07-16 16:31:38-03:00,2026-07-16 16:36:25-03:00,ChIJ2WVuqLPKvJURSMIERHR62l0,UNKNOWN,0 days 00:04:47,2026-07,3,False,"-34.5893615°, -58.3731595°",-34.5893615,-58.3731595
2026-07-16 17:44:17-03:00,2026-07-17 11:16:50-03:00,ChIJn_zkHA_NvJUR7yILmZdoPHc,INFERRED_WORK,0 days 17:32:33,2026-07,3,False,"-34.7174026°, -58.4096116°",-34.7174026,-58.4096116
2026-07-17 12:20:07-03:00,2026-07-17 12:43:28-03:00,ChIJHfhHd7_KvJURzEfRu0enItg,UNKNOWN,0 days 00:23:21,2026-07,4,False,"-34.5998079°, -58.3912415°",-34.5998079,-58.3912415
2026-07-17 12:46:19-03:00,2026-07-17 12:57:19-03:00,ChIJj3uWWMfKvJURWueERfC9Fmg,UNKNOWN,0 days 00:11:00,2026-07,4,False,"-34.599149°, -58.3877822°",-34.599149,-58.3877822
2026-07-17 13:10:20-03:00,2026-07-17 16:11:14-03:00,ChIJIxYSMMbKvJURqZGJyCpvOFM,Trabajo Teatro Colon,0 days 03:00:54,2026-07,4,False,"-34.601152°, -58.3833278°",-34.601152,-58.3833278
2026-07-17 17:02:19-03:00,2026-07-18 11:13:28-03:00,ChIJn_zkHA_NvJUR7yILmZdoPHc,INFERRED_WORK,0 days 18:11:09,2026-07,4,False,"-34.7174026°, -58.4096116°",-34.7174026,-58.4096116
2026-07-18 11:19:10-03:00,2026-07-18 13:11:49-03:00,ChIJNZVAFz3NvJURIMwHZK8FMWM,Barberia nuevo,0 days 01:52:39,2026-07,5,True,"-34.7118053°, -58.392751°",-34.7118053,-58.392751
2026-07-18 13:17:23-03:00,2026-07-18 13:34:59-03:00,ChIJX7ZB7MnNvJURzdliotPzuRw,UNKNOWN,0 days 00:17:36,2026-07,5,True,"-34.7080318°, -58.394899°",-34.7080318,-58.394899
2026-07-18 13:57:31-03:00,2026-07-18 18:03:30-03:00,ChIJa9k_n1rMvJURmFjEVhsJ6zE,Casa abuelos,0 days 04:05:59,2026-07,5,True,"-34.7000175°, -58.4272267°",-34.7000175,-58.4272267
2026-07-18 18:13:13-03:00,2026-07-18 20:28:34-03:00,ChIJiaxCaw7NvJURWGaM-OWByxk,UNKNOWN,0 days 02:15:21,2026-07,5,True,"-34.7184602°, -58.4074152°",-34.7184602,-58.4074152
2026-07-18 20:40:49-03:00,2026-07-18 20:46:06-03:00,ChIJiQDEBCPNvJUR1iaRPp6sr38,UNKNOWN,0 days 00:05:17,2026-07,5,True,"-34.7075567°, -58.3908743°",-34.7075567,-58.3908743
2026-07-18 20:52:55-03:00,2026-07-18 20:57:09-03:00,ChIJ4RDQD6zMvJUR4bC3v7pWZXI,UNKNOWN,0 days 00:04:14,2026-07,5,True,"-34.6619355°, -58.3764798°",-34.6619355,-58.3764798
2026-07-18 21:15:25-03:00,2026-07-19 04:28:59-03:00,ChIJA0wrqlkyo5URqe1Pu7Ur7OI,Casa tio,0 days 07:13:34,2026-07,5,True,"-34.6924524°, -58.3228994°",-34.6924524,-58.3228994
2026-07-19 05:03:36-03:00,2026-07-20 12:16:59-03:00,ChIJn_zkHA_NvJUR7yILmZdoPHc,INFERRED_WORK,1 days 07:13:23,2026-07,6,True,"-34.7174026°, -58.4096116°",-34.7174026,-58.4096116
2026-07-20 13:26:58-03:00,2026-07-20 15:13:17-03:00,ChIJR1tvl5DKvJURCNrXrDI6zC4,UNKNOWN,0 days 01:46:19,2026-07,0,False,"-34.5941066°, -58.4020485°",-34.5941066,-58.4020485
2026-07-20 15:33:41-03:00,2026-07-20 15:37:54-03:00,ChIJIxYSMMbKvJURqZGJyCpvOFM,Trabajo Teatro Colon,0 days 00:04:13,2026-07,0,False,"-34.601152°, -58.3833278°",-34.601152,-58.3833278
2026-07-20 16:29:54-03:00,2026-07-21 10:24:33-03:00,ChIJiaxCaw7NvJURWGaM-OWByxk,UNKNOWN,0 days 17:54:39,2026-07,0,False,"-34.7184602°, -58.4074152°",-34.7184602,-58.4074152
2026-07-21 11:30:50-03:00,2026-07-21 12:13:26-03:00,ChIJ6UXWTy01o5URRRYeyMZm_QI,Trabajo Columbia,0 days 00:42:36,2026-07,1,False,"-34.6047587°, -58.3711958°",-34.6047587,-58.3711958
2026-07-21 12:22:10-03:00,2026-07-21 12:25:00-03:00,ChIJUzg-m7TKvJURFFWLi1oLlFA,UNKNOWN,0 days 00:02:50,2026-07,1,False,"-34.5911987°, -58.3747633°",-34.5911987,-58.3747633
2026-07-21 13:13:10-03:00,2026-07-21 14:20:40-03:00,ChIJk4KdqiTNvJURNEcHTkRPK6M,UNKNOWN,0 days 01:07:30,2026-07,1,False,"-34.7089567°, -58.3888998°",-34.7089567,-58.3888998
2026-07-21 14:26:01-03:00,2026-07-21 15:43:40-03:00,ChIJ9RhpDInNvJURb4MXhmGNa8k,UNKNOWN,0 days 01:17:39,2026-07,1,False,"-34.7082034°, -58.386153°",-34.7082034,-58.386153
2026-07-21 15:54:00-03:00,2026-07-22 07:48:33-03:00,ChIJn_zkHA_NvJUR7yILmZdoPHc,INFERRED_WORK,0 days 15:54:33,2026-07,1,False,"-34.7174026°, -58.4096116°",-34.7174026,-58.4096116
2026-07-22 08:11:08-03:00,2026-07-22 08:17:52-03:00,ChIJLbwJk5XNvJUR-EENUL2B24w,UNKNOWN,0 days 00:06:44,2026-07,2,False,"-34.70719°, -58.4538°",-34.70719,-58.4538
2026-07-22 09:01:36-03:00,2026-07-22 09:10:42-03:00,ChIJa6_dwue2vJUR5GBfjiS-eIs,UNKNOWN,0 days 00:09:06,2026-07,2,False,"-34.5519978°, -58.4983527°",-34.5519978,-58.4983527
2026-07-22 09:25:56-03:00,2026-07-22 10:57:41-03:00,ChIJPbtP4lfKvJURDPKYCQYlUnw,WORK,0 days 01:31:45,2026-07,2,False,"-34.5436434°, -58.5172221°",-34.5436434,-58.5172221
2026-07-22 12:20:15-03:00,2026-07-22 13:34:51-03:00,ChIJIxYSMMbKvJURqZGJyCpvOFM,Trabajo Teatro Colon,0 days 01:14:36,2026-07,2,False,"-34.601152°, -58.3833278°",-34.601152,-58.3833278
2026-07-22 13:46:50-03:00,2026-07-22 14:10:57-03:00,ChIJzY2PZL_KvJUR-3Ejix5fXRY,UNKNOWN,0 days 00:24:07,2026-07,2,False,"-34.5997658°, -58.3908042°",-34.5997658,-58.3908042
2026-07-22 14:35:38-03:00,2026-07-22 15:30:51-03:00,ChIJ___Pbs3KvJURJtB--4EB8xc,Trabajo Supervielle,0 days 00:55:13,2026-07,2,False,"-34.6042475°, -58.37352°",-34.6042475,-58.37352
2026-07-22 14:37:59-03:00,2026-07-22 15:30:51-03:00,ChIJSeIQb83KvJUR31HGG_vZTbI,Trabajo Supervielle,0 days 00:52:52,2026-07,2,False,"-34.6043625°, -58.3736067°",-34.6043625,-58.3736067
2026-07-22 17:13:40-03:00,2026-07-22 18:29:15-03:00,ChIJn_zkHA_NvJUR7yILmZdoPHc,INFERRED_WORK,0 days 01:15:35,2026-07,2,False,"-34.7174026°, -58.4096116°",-34.7174026,-58.4096116
2026-07-22 18:36:13-03:00,2026-07-22 19:01:12-03:00,ChIJs3Cx8D3NvJURjlzElHq9YH4,Casa cami,0 days 00:24:59,2026-07,2,False,"-34.7147681°, -58.3942081°",-34.7147681,-58.3942081
2026-07-22 19:20:05-03:00,2026-07-22 19:26:09-03:00,ChIJq9FOxLnNvJURSFfkUxPbZQw,Bares Lanusita,0 days 00:06:04,2026-07,2,False,"-34.7032958°, -58.393461°",-34.7032958,-58.393461
2026-07-22 19:44:45-03:00,2026-07-22 21:56:56-03:00,ChIJs3Cx8D3NvJURjlzElHq9YH4,Casa cami,0 days 02:12:11,2026-07,2,False,"-34.7147681°, -58.3942081°",-34.7147681,-58.3942081
2026-07-22 22:01:30-03:00,2026-07-23 07:58:19-03:00,ChIJn_zkHA_NvJUR7yILmZdoPHc,INFERRED_WORK,0 days 09:56:49,2026-07,2,False,"-34.7174026°, -58.4096116°",-34.7174026,-58.4096116
2026-07-23 08:52:12-03:00,2026-07-23 09:16:57-03:00,ChIJPbtP4lfKvJURDPKYCQYlUnw,WORK,0 days 00:24:45,2026-07,3,False,"-34.5436434°, -58.5172221°",-34.5436434,-58.5172221
2026-07-23 09:53:00-03:00,2026-07-23 10:28:28-03:00,ChIJEcXrpf-2vJURI7yQsXhyajo,UNKNOWN,0 days 00:35:28,2026-07,3,False,"-34.5715501°, -58.5069202°",-34.5715501,-58.5069202
2026-07-23 11:03:28-03:00,2026-07-23 14:13:25-03:00,ChIJw3WzxWo1o5URJcgq_cDiz1w,Trabajo Santander,0 days 03:09:57,2026-07,3,False,"-34.6238922°, -58.3673348°",-34.6238922,-58.3673348
2026-07-23 11:03:28-03:00,2026-07-23 14:13:25-03:00,ChIJS8u27s00o5UR9dtpsV0MFkM,Trabajo Santander,0 days 03:09:57,2026-07,3,False,"-34.6238941°, -58.367137°",-34.6238941,-58.367137
2026-07-23 14:33:46-03:00,2026-07-23 15:59:04-03:00,ChIJozcskDQ1o5UR5Oc85yFQ8lE,Trabajo BBVA,0 days 01:25:18,2026-07,3,False,"-34.5975104°, -58.3700036°",-34.5975104,-58.3700036
2026-07-23 16:43:28-03:00,2026-07-23 17:47:38-03:00,ChIJ4f09BKoyo5URRI4Km8H2xVY,Casa pablo,0 days 01:04:10,2026-07,3,False,"-34.7321423°, -58.3664323°",-34.7321423,-58.3664323
2026-07-23 18:07:49-03:00,2026-07-23 19:19:59-03:00,ChIJn_zkHA_NvJUR7yILmZdoPHc,INFERRED_WORK,0 days 01:12:10,2026-07,3,False,"-34.7174026°, -58.4096116°",-34.7174026,-58.4096116
2026-07-23 19:21:54-03:00,2026-07-23 19:36:25-03:00,ChIJrw867Q7NvJUR2_z7EyN-Qck,UNKNOWN,0 days 00:14:31,2026-07,3,False,"-34.7188036°, -58.4096209°",-34.7188036,-58.4096209
2026-07-23 19:39:54-03:00,2026-07-24 11:01:55-03:00,ChIJiaxCaw7NvJURWGaM-OWByxk,UNKNOWN,0 days 15:22:01,2026-07,3,False,"-34.7184602°, -58.4074152°",-34.7184602,-58.4074152
2026-07-24 11:42:48-03:00,2026-07-24 12:07:40-03:00,ChIJozcskDQ1o5UR5Oc85yFQ8lE,Trabajo BBVA,0 days 00:24:52,2026-07,4,False,"-34.5975104°, -58.3700036°",-34.5975104,-58.3700036
2026-07-24 12:21:01-03:00,2026-07-24 13:17:55-03:00,ChIJIxYSMMbKvJURqZGJyCpvOFM,Trabajo Teatro Colon,0 days 00:56:54,2026-07,4,False,"-34.601152°, -58.3833278°",-34.601152,-58.3833278
2026-07-24 13:33:08-03:00,2026-07-24 13:52:23-03:00,ChIJ6UXWTy01o5URRRYeyMZm_QI,Trabajo Columbia,0 days 00:19:15,2026-07,4,False,"-34.6047587°, -58.3711958°",-34.6047587,-58.3711958
2026-07-24 14:01:39-03:00,2026-07-24 14:12:21-03:00,ChIJuZ28VzU1o5UR3yrH7JyU3FM,Trabajo Macro,0 days 00:10:42,2026-07,4,False,"-34.5940986°, -58.3717793°",-34.5940986,-58.3717793
2026-07-24 14:31:29-03:00,2026-07-24 15:50:31-03:00,ChIJIxYSMMbKvJURqZGJyCpvOFM,Trabajo Teatro Colon,0 days 01:19:02,2026-07,4,False,"-34.601152°, -58.3833278°",-34.601152,-58.3833278
2026-07-24 16:35:45-03:00,2026-07-24 17:05:47-03:00,ChIJn_zkHA_NvJUR7yILmZdoPHc,INFERRED_WORK,0 days 00:30:02,2026-07,4,False,"-34.7174026°, -58.4096116°",-34.7174026,-58.4096116
2026-07-24 17:24:20-03:00,2026-07-24 18:00:25-03:00,ChIJB7rt0CnLvJUR7-LaPUwZjbo,UNKNOWN,0 days 00:36:05,2026-07,4,False,"-34.7365259°, -58.3979022°",-34.7365259,-58.3979022
2026-07-24 18:14:24-03:00,2026-07-24 18:55:20-03:00,ChIJmV-47CHNvJURZk1RtKctYqw,Bares Lanusita,0 days 00:40:56,2026-07,4,False,"-34.7044504°, -58.3930741°",-34.7044504,-58.3930741
2026-07-24 19:07:24-03:00,2026-07-25 10:54:05-03:00,ChIJn_zkHA_NvJUR7yILmZdoPHc,INFERRED_WORK,0 days 15:46:41,2026-07,4,False,"-34.7174026°, -58.4096116°",-34.7174026,-58.4096116
2026-07-25 11:06:20-03:00,2026-07-25 12:10:15-03:00,ChIJNZVAFz3NvJURIMwHZK8FMWM,Barberia nuevo,0 days 01:03:55,2026-07,5,True,"-34.7118053°, -58.392751°",-34.7118053,-58.392751
2026-07-25 12:21:28-03:00,2026-07-25 12:26:26-03:00,ChIJa9wBlg_NvJURGiPb5sz1CV8,UNKNOWN,0 days 00:04:58,2026-07,5,True,"-34.7144671°, -58.4084954°",-34.7144671,-58.4084954
2026-07-25 12:34:38-03:00,2026-07-25 13:24:02-03:00,ChIJa9k_n1rMvJURmFjEVhsJ6zE,Casa abuelos,0 days 00:49:24,2026-07,5,True,"-34.7000175°, -58.4272267°",-34.7000175,-58.4272267
2026-07-25 13:24:02-03:00,2026-07-25 13:31:59-03:00,ChIJWx_A2I3NvJURBprZdbuAqk0,Casa abuelos,0 days 00:07:57,2026-07,5,True,"-34.6983111°, -58.4295644°",-34.6983111,-58.4295644
2026-07-25 13:34:37-03:00,2026-07-25 14:47:45-03:00,ChIJa9k_n1rMvJURmFjEVhsJ6zE,Casa abuelos,0 days 01:13:08,2026-07,5,True,"-34.7000175°, -58.4272267°",-34.7000175,-58.4272267
2026-07-25 15:03:39-03:00,2026-07-25 20:11:10-03:00,ChIJTZBVwETNvJURvZ8tXq-6p6M,Casa brisa,0 days 05:07:31,2026-07,5,True,"-34.7274601°, -58.3872151°",-34.7274601,-58.3872151
2026-07-25 20:23:33-03:00,2026-07-25 21:37:40-03:00,ChIJTZBVwETNvJURvZ8tXq-6p6M,Casa brisa,0 days 01:14:07,2026-07,5,True,"-34.7274601°, -58.3872151°",-34.7274601,-58.3872151
2026-07-25 21:49:31-03:00,2026-07-26 10:20:06-03:00,ChIJiaxCaw7NvJURWGaM-OWByxk,UNKNOWN,0 days 12:30:35,2026-07,5,True,"-34.7184602°, -58.4074152°",-34.7184602,-58.4074152
2026-07-26 10:33:38-03:00,2026-07-26 13:17:35-03:00,ChIJR2bHGKzSvJURQQxi9BnYwlQ,UNKNOWN,0 days 02:43:57,2026-07,6,True,"-34.7416884°, -58.3769931°",-34.7416884,-58.3769931
2026-07-26 14:07:05-03:00,2026-07-26 14:16:24-03:00,ChIJvbg3lUi1vJURxmKmUAXcKhs,UNKNOWN,0 days 00:09:19,2026-07,6,True,"-34.5515191°, -58.4373063°",-34.5515191,-58.4373063
2026-07-26 15:03:21-03:00,2026-07-26 15:45:11-03:00,ChIJK_txBQ_NvJURaFH23aBUyGA,HOME,0 days 00:41:50,2026-07,6,True,"-34.7170813°, -58.4096148°",-34.7170813,-58.4096148
2026-07-26 15:52:21-03:00,2026-07-26 16:47:23-03:00,ChIJT9N07GnNvJURISiTDipQ0Y8,UNKNOWN,0 days 00:55:02,2026-07,6,True,"-34.7265488°, -58.3952809°",-34.7265488,-58.3952809
2026-07-26 16:54:39-03:00,2026-07-26 17:10:58-03:00,ChIJn_zkHA_NvJUR7yILmZdoPHc,INFERRED_WORK,0 days 00:16:19,2026-07,6,True,"-34.7174026°, -58.4096116°",-34.7174026,-58.4096116
2026-07-26 17:44:22-03:00,2026-07-27 09:46:49-03:00,ChIJn_zkHA_NvJUR7yILmZdoPHc,INFERRED_WORK,0 days 16:02:27,2026-07,6,True,"-34.7174026°, -58.4096116°",-34.7174026,-58.4096116
2026-07-27 10:27:38-03:00,2026-07-27 11:11:25-03:00,ChIJ_wilcgDLvJURi30_A01FfoU,UNKNOWN,0 days 00:43:47,2026-07,0,False,"-34.5940748°, -58.4006332°",-34.5940748,-58.4006332
2026-07-27 11:22:14-03:00,2026-07-27 12:50:50-03:00,ChIJIxYSMMbKvJURqZGJyCpvOFM,Trabajo Teatro Colon,0 days 01:28:36,2026-07,0,False,"-34.601152°, -58.3833278°",-34.601152,-58.3833278
2026-07-27 13:02:35-03:00,2026-07-27 14:24:11-03:00,ChIJS3xrUQDLvJURe9s1sM8yrao,Trabajo ICBC,0 days 01:21:36,2026-07,0,False,"-34.6069979°, -58.3749959°",-34.6069979,-58.3749959
2026-07-27 14:29:16-03:00,2026-07-27 15:26:49-03:00,ChIJ-2HQUC01o5URk3ezRkeMm7s,Trabajo Columbia,0 days 00:57:33,2026-07,0,False,"-34.6047587°, -58.3711958°",-34.6047587,-58.3711958
2026-07-27 15:29:50-03:00,2026-07-27 16:21:37-03:00,ChIJ___Pbs3KvJURJtB--4EB8xc,Trabajo Supervielle,0 days 00:51:47,2026-07,0,False,"-34.6042475°, -58.37352°",-34.6042475,-58.37352
2026-07-27 15:29:50-03:00,2026-07-27 16:19:34-03:00,ChIJSeIQb83KvJUR31HGG_vZTbI,Trabajo Supervielle,0 days 00:49:44,2026-07,0,False,"-34.6043625°, -58.3736067°",-34.6043625,-58.3736067
2026-07-27 16:44:48-03:00,2026-07-27 17:32:58-03:00,ChIJIxYSMMbKvJURqZGJyCpvOFM,Trabajo Teatro Colon,0 days 00:48:10,2026-07,0,False,"-34.601152°, -58.3833278°",-34.601152,-58.3833278
2026-07-27 21:50:57-03:00,2026-07-27 23:59:56-03:00,ChIJt6mvqZrMvJURwEflIsBKbSQ,Casa madre,0 days 02:08:59,2026-07,0,False,"-34.673936°, -58.4054231°",-34.673936,-58.4054231
2026-07-28 00:16:06-03:00,2026-07-28 11:39:31-03:00,ChIJn_zkHA_NvJUR7yILmZdoPHc,INFERRED_WORK,0 days 11:23:25,2026-07,1,False,"-34.7174026°, -58.4096116°",-34.7174026,-58.4096116
2026-07-28 12:18:36-03:00,2026-07-28 12:36:42-03:00,ChIJAyPS8G3LvJUR9sd1IGOqg_0,UNKNOWN,0 days 00:18:06,2026-07,1,False,"-34.6226405°, -58.3770227°",-34.6226405,-58.3770227
2026-07-28 12:48:29-03:00,2026-07-28 13:02:39-03:00,ChIJO5OvTjDLvJURn--oIpRP89Q,UNKNOWN,0 days 00:14:10,2026-07,1,False,"-34.6283037°, -58.3805292°",-34.6283037,-58.3805292
2026-07-28 13:20:17-03:00,2026-07-28 13:23:43-03:00,ChIJ84aESwDLvJURXzr2ekMWrO4,UNKNOWN,0 days 00:03:26,2026-07,1,False,"-34.6026511°, -58.3829489°",-34.6026511,-58.3829489
2026-07-28 13:38:38-03:00,2026-07-28 16:06:40-03:00,ChIJozcskDQ1o5UR5Oc85yFQ8lE,Trabajo BBVA,0 days 02:28:02,2026-07,1,False,"-34.5975104°, -58.3700036°",-34.5975104,-58.3700036
2026-07-28 16:20:52-03:00,2026-07-28 18:04:15-03:00,ChIJIxYSMMbKvJURqZGJyCpvOFM,Trabajo Teatro Colon,0 days 01:43:23,2026-07,1,False,"-34.601152°, -58.3833278°",-34.601152,-58.3833278
2026-07-28 18:15:17-03:00,2026-07-28 18:41:22-03:00,ChIJ6UXWTy01o5URRRYeyMZm_QI,Trabajo Columbia,0 days 00:26:05,2026-07,1,False,"-34.6047587°, -58.3711958°",-34.6047587,-58.3711958
2026-07-28 18:41:22-03:00,2026-07-28 19:58:54-03:00,ChIJ-2HQUC01o5URk3ezRkeMm7s,Trabajo Columbia,0 days 01:17:32,2026-07,1,False,"-34.6047587°, -58.3711958°",-34.6047587,-58.3711958
2026-07-28 20:36:58-03:00,2026-07-28 20:41:58-03:00,ChIJ0zCeOf_NvJUR7ab_WFlqMPU,UNKNOWN,0 days 00:05:00,2026-07,1,False,"-34.7055046°, -58.4051805°",-34.7055046,-58.4051805
2026-07-28 20:46:26-03:00,2026-07-29 10:59:26-03:00,ChIJn_zkHA_NvJUR7yILmZdoPHc,INFERRED_WORK,0 days 14:13:00,2026-07,1,False,"-34.7174026°, -58.4096116°",-34.7174026,-58.4096116
2026-07-29 11:35:36-03:00,2026-07-29 15:23:39-03:00,ChIJIxYSMMbKvJURqZGJyCpvOFM,Trabajo Teatro Colon,0 days 03:48:03,2026-07,2,False,"-34.601152°, -58.3833278°",-34.601152,-58.3833278
2026-07-29 15:43:09-03:00,2026-07-29 16:12:05-03:00,ChIJ-2HQUC01o5URk3ezRkeMm7s,Trabajo Columbia,0 days 00:28:56,2026-07,2,False,"-34.6047587°, -58.3711958°",-34.6047587,-58.3711958
2026-07-29 17:06:38-03:00,2026-07-29 17:59:34-03:00,ChIJ4f09BKoyo5URRI4Km8H2xVY,Casa pablo,0 days 00:52:56,2026-07,2,False,"-34.7321423°, -58.3664323°",-34.7321423,-58.3664323
2026-07-29 18:06:22-03:00,2026-07-29 18:11:28-03:00,ChIJ5aPCPVjNvJURAPxNPdVEcJ8,casa santi,0 days 00:05:06,2026-07,2,False,"-34.7212867°, -58.3844873°",-34.7212867,-58.3844873
2026-07-29 18:36:30-03:00,2026-07-29 23:42:59-03:00,ChIJXcKOJDQzo5URu8Fm7pohjEM,Alto Avellaneda,0 days 05:06:29,2026-07,2,False,"-34.6754885°, -58.3671896°",-34.6754885,-58.3671896
2026-07-29 18:36:30-03:00,2026-07-29 18:52:06-03:00,ChIJA1fCrkAzo5UR_zhvI0y4GKs,Alto Avellaneda,0 days 00:15:36,2026-07,2,False,"-34.6758223°, -58.3678417°",-34.6758223,-58.3678417
2026-07-29 18:54:57-03:00,2026-07-29 19:15:50-03:00,ChIJkVgjEDQzo5URzS1WigIUZQ4,Alto Avellaneda,0 days 00:20:53,2026-07,2,False,"-34.674415°, -58.3680412°",-34.674415,-58.3680412
2026-07-29 19:18:56-03:00,2026-07-29 19:51:08-03:00,ChIJA1fCrkAzo5UR_zhvI0y4GKs,Alto Avellaneda,0 days 00:32:12,2026-07,2,False,"-34.6758223°, -58.3678417°",-34.6758223,-58.3678417
2026-07-29 19:53:03-03:00,2026-07-29 20:15:03-03:00,ChIJCxyzBD0zo5URFIGjYfRXz8A,Alto Avellaneda,0 days 00:22:00,2026-07,2,False,"-34.6771759°, -58.3692651°",-34.6771759,-58.3692651
2026-07-29 20:15:49-03:00,2026-07-29 20:53:10-03:00,ChIJA1fCrkAzo5UR_zhvI0y4GKs,Alto Avellaneda,0 days 00:37:21,2026-07,2,False,"-34.6758223°, -58.3678417°",-34.6758223,-58.3678417
2026-07-29 21:03:10-03:00,2026-07-29 21:17:44-03:00,ChIJCxyzBD0zo5URFIGjYfRXz8A,Alto Avellaneda,0 days 00:14:34,2026-07,2,False,"-34.6771759°, -58.3692651°",-34.6771759,-58.3692651
2026-07-29 21:43:04-03:00,2026-07-29 21:53:10-03:00,ChIJA1fCrkAzo5UR_zhvI0y4GKs,Alto Avellaneda,0 days 00:10:06,2026-07,2,False,"-34.6758223°, -58.3678417°",-34.6758223,-58.3678417
2026-07-29 22:03:11-03:00,2026-07-29 22:28:12-03:00,ChIJCxyzBD0zo5URFIGjYfRXz8A,Alto Avellaneda,0 days 00:25:01,2026-07,2,False,"-34.6771759°, -58.3692651°",-34.6771759,-58.3692651
2026-07-29 22:32:34-03:00,2026-07-29 22:58:34-03:00,ChIJA1fCrkAzo5UR_zhvI0y4GKs,Alto Avellaneda,0 days 00:26:00,2026-07,2,False,"-34.6758223°, -58.3678417°",-34.6758223,-58.3678417
2026-07-29 23:01:04-03:00,2026-07-29 23:34:47-03:00,ChIJkVgjEDQzo5URzS1WigIUZQ4,Alto Avellaneda,0 days 00:33:43,2026-07,2,False,"-34.674415°, -58.3680412°",-34.674415,-58.3680412
2026-07-29 23:36:38-03:00,2026-07-29 23:42:59-03:00,ChIJ34Q3JQAzo5URuiAive-PpWc,Alto Avellaneda,0 days 00:06:21,2026-07,2,False,"-34.676316°, -58.367747°",-34.676316,-58.367747
2026-07-30 00:12:45-03:00,2026-07-30 01:09:53-03:00,ChIJ4f09BKoyo5URRI4Km8H2xVY,Casa pablo,0 days 00:57:08,2026-07,3,False,"-34.7321423°, -58.3664323°",-34.7321423,-58.3664323
2026-07-30 01:34:24-03:00,2026-07-30 10:40:27-03:00,ChIJn_zkHA_NvJUR7yILmZdoPHc,INFERRED_WORK,0 days 09:06:03,2026-07,3,False,"-34.7174026°, -58.4096116°",-34.7174026,-58.4096116
2026-07-30 11:47:37-03:00,2026-07-30 16:34:05-03:00,ChIJIxYSMMbKvJURqZGJyCpvOFM,Trabajo Teatro Colon,0 days 04:46:28,2026-07,3,False,"-34.601152°, -58.3833278°",-34.601152,-58.3833278
2026-07-30 17:28:31-03:00,2026-07-30 17:41:23-03:00,ChIJs3Cx8D3NvJURjlzElHq9YH4,Casa cami,0 days 00:12:52,2026-07,3,False,"-34.7147681°, -58.3942081°",-34.7147681,-58.3942081
2026-07-30 17:59:51-03:00,2026-07-30 18:04:46-03:00,ChIJzSKmC83NvJUR2wKqp_0-ec4,UNKNOWN,0 days 00:04:55,2026-07,3,False,"-34.710828°, -58.3870426°",-34.710828,-58.3870426
2026-07-30 18:23:43-03:00,2026-07-30 20:01:21-03:00,ChIJVSxjUDnNvJUR_0dlOTYnFIk,UNKNOWN,0 days 01:37:38,2026-07,3,False,"-34.7143662°, -58.3881373°",-34.7143662,-58.3881373
2026-07-30 20:37:11-03:00,2026-07-30 20:42:01-03:00,ChIJP9pbiyLNvJURZfK75EAvuso,UNKNOWN,0 days 00:04:50,2026-07,3,False,"-34.7081°, -58.39314°",-34.7081,-58.39314
2026-07-30 20:46:39-03:00,2026-07-30 22:22:51-03:00,ChIJs3Cx8D3NvJURjlzElHq9YH4,Casa cami,0 days 01:36:12,2026-07,3,False,"-34.7147681°, -58.3942081°",-34.7147681,-58.3942081
2026-07-30 22:29:49-03:00,2026-07-31 08:27:14-03:00,ChIJiaxCaw7NvJURWGaM-OWByxk,UNKNOWN,0 days 09:57:25,2026-07,3,False,"-34.7184602°, -58.4074152°",-34.7184602,-58.4074152
2026-07-31 09:11:22-03:00,2026-07-31 09:18:15-03:00,ChIJTU-qQwrKvJURD-V3adzcDvs,UNKNOWN,0 days 00:06:53,2026-07,4,False,"-34.5967198°, -58.4441434°",-34.5967198,-58.4441434
2026-07-31 09:39:31-03:00,2026-07-31 09:46:39-03:00,ChIJ217apvCpSgARi1VOI06tvhE,UNKNOWN,0 days 00:07:08,2026-07,4,False,"-34.6037014°, -58.3816048°",-34.6037014,-58.3816048
2026-07-31 09:49:17-03:00,2026-07-31 10:59:56-03:00,ChIJIxYSMMbKvJURqZGJyCpvOFM,Trabajo Teatro Colon,0 days 01:10:39,2026-07,4,False,"-34.601152°, -58.3833278°",-34.601152,-58.3833278
2026-07-31 11:15:51-03:00,2026-07-31 11:23:59-03:00,ChIJnXKxpgDLvJURt3jesYFzTmo,UNKNOWN,0 days 00:08:08,2026-07,4,False,"-34.603458°, -58.3753006°",-34.603458,-58.3753006
2026-07-31 11:15:51-03:00,2026-07-31 11:23:59-03:00,ChIJST_5rc3KvJURYG5i2qmdwUE,UNKNOWN,0 days 00:08:08,2026-07,4,False,"-34.603509°, -58.3753372°",-34.603509,-58.3753372
2026-07-31 11:30:15-03:00,2026-07-31 13:52:59-03:00,ChIJ-2HQUC01o5URk3ezRkeMm7s,Trabajo Columbia,0 days 02:22:44,2026-07,4,False,"-34.6047587°, -58.3711958°",-34.6047587,-58.3711958
2026-07-31 13:55:47-03:00,2026-07-31 14:51:13-03:00,ChIJS3xrUQDLvJURe9s1sM8yrao,Trabajo ICBC,0 days 00:55:26,2026-07,4,False,"-34.6069979°, -58.3749959°",-34.6069979,-58.3749959
2026-07-31 15:00:19-03:00,2026-07-31 15:04:56-03:00,ChIJeZBdPczKvJUR0HBJJSy2NiI,UNKNOWN,0 days 00:04:37,2026-07,4,False,"-34.6022372°, -58.3764792°",-34.6022372,-58.3764792
2026-07-31 15:15:28-03:00,2026-07-31 15:59:41-03:00,ChIJIxYSMMbKvJURqZGJyCpvOFM,Trabajo Teatro Colon,0 days 00:44:13,2026-07,4,False,"-34.601152°, -58.3833278°",-34.601152,-58.3833278
2026-07-31 16:58:58-03:00,2026-08-01 11:10:31-03:00,ChIJn_zkHA_NvJUR7yILmZdoPHc,INFERRED_WORK,0 days 18:11:33,2026-07,4,False,"-34.7174026°, -58.4096116°",-34.7174026,-58.4096116
2026-08-01 11:19:00-03:00,2026-08-01 12:26:21-03:00,ChIJxTExQz3NvJURqKlFalY8ekM,Barberia nuevo,0 days 01:07:21,2026-08,5,True,"-34.7115829°, -58.3937426°",-34.7115829,-58.3937426
2026-08-01 12:33:48-03:00,2026-08-01 14:00:20-03:00,ChIJn_zkHA_NvJUR7yILmZdoPHc,INFERRED_WORK,0 days 01:26:32,2026-08,5,True,"-34.7174026°, -58.4096116°",-34.7174026,-58.4096116
2026-08-01 14:14:37-03:00,2026-08-01 14:21:40-03:00,ChIJt6mvqZrMvJURwEflIsBKbSQ,Casa madre,0 days 00:07:03,2026-08,5,True,"-34.673936°, -58.4054231°",-34.673936,-58.4054231
2026-08-01 14:32:25-03:00,2026-08-01 17:21:34-03:00,ChIJa9k_n1rMvJURmFjEVhsJ6zE,Casa abuelos,0 days 02:49:09,2026-08,5,True,"-34.7000175°, -58.4272267°",-34.7000175,-58.4272267
2026-08-01 17:30:31-03:00,2026-08-01 17:34:31-03:00,ChIJt6mvqZrMvJURwEflIsBKbSQ,Casa madre,0 days 00:04:00,2026-08,5,True,"-34.673936°, -58.4054231°",-34.673936,-58.4054231
2026-08-01 17:51:09-03:00,2026-08-01 18:00:14-03:00,ChIJk9OLImHNvJURE1QrgolJ86g,UNKNOWN,0 days 00:09:05,2026-08,5,True,"-34.737773°, -58.3977629°",-34.737773,-58.3977629
2026-08-01 18:08:58-03:00,2026-08-02 09:11:54-03:00,ChIJn_zkHA_NvJUR7yILmZdoPHc,INFERRED_WORK,0 days 15:02:56,2026-08,5,True,"-34.7174026°, -58.4096116°",-34.7174026,-58.4096116
2026-08-02 09:36:52-03:00,2026-08-02 11:46:58-03:00,ChIJu_1IikfTvJURfxonQVqCdHA,UNKNOWN,0 days 02:10:06,2026-08,6,True,"-34.7979953°, -58.3844386°",-34.7979953,-58.3844386
2026-08-02 13:38:30-03:00,2026-08-02 13:47:22-03:00,ChIJ8-HJu3HLvJUR4M6FujAeiH8,UNKNOWN,0 days 00:08:52,2026-08,6,True,"-34.6710632°, -59.0356307°",-34.6710632,-59.0356307
2026-08-02 14:16:24-03:00,2026-08-02 16:21:59-03:00,ChIJM1Q4p-59vJURN7l91HQVwc8,UNKNOWN,0 days 02:05:35,2026-08,6,True,"-34.5645279°, -59.1216145°",-34.5645279,-59.1216145
2026-08-02 17:34:16-03:00,2026-08-02 18:12:55-03:00,ChIJ71Qu3I4fvZURJ-tvVmsLSs4,UNKNOWN,0 days 00:38:39,2026-08,6,True,"-35.027066°, -58.744305°",-35.027066,-58.744305
2026-08-02 19:06:21-03:00,2026-08-03 10:42:15-03:00,ChIJn_zkHA_NvJUR7yILmZdoPHc,INFERRED_HOME,0 days 15:35:54,2026-08,6,True,"-34.7174026°, -58.4096116°",-34.7174026,-58.4096116
2026-08-03 11:48:42-03:00,2026-08-03 13:29:38-03:00,ChIJ-2HQUC01o5URk3ezRkeMm7s,Trabajo Columbia,0 days 01:40:56,2026-08,0,False,"-34.6047587°, -58.3711958°",-34.6047587,-58.3711958
2026-08-03 13:32:39-03:00,2026-08-03 14:26:36-03:00,ChIJS3xrUQDLvJURe9s1sM8yrao,Trabajo ICBC,0 days 00:53:57,2026-08,0,False,"-34.6069979°, -58.3749959°",-34.6069979,-58.3749959
2026-08-03 14:43:39-03:00,2026-08-03 15:42:05-03:00,ChIJuZ28VzU1o5UR3yrH7JyU3FM,Trabajo Macro,0 days 00:58:26,2026-08,0,False,"-34.5940986°, -58.3717793°",-34.5940986,-58.3717793
2026-08-03 15:48:16-03:00,2026-08-03 15:58:38-03:00,ChIJUzg-m7TKvJURFFWLi1oLlFA,UNKNOWN,0 days 00:10:22,2026-08,0,False,"-34.5911987°, -58.3747633°",-34.5911987,-58.3747633
2026-08-03 16:57:39-03:00,2026-08-04 11:27:02-03:00,ChIJn_zkHA_NvJUR7yILmZdoPHc,INFERRED_HOME,0 days 18:29:23,2026-08,0,False,"-34.7174026°, -58.4096116°",-34.7174026,-58.4096116
2026-08-04 11:28:25-03:00,2026-08-04 11:38:07-03:00,ChIJMzGlxw_NvJUR0UobwG_mK24,UNKNOWN,0 days 00:09:42,2026-08,1,False,"-34.7162°, -58.40728°",-34.7162,-58.40728
2026-08-04 12:41:08-03:00,2026-08-04 14:21:30-03:00,ChIJ5TzWetLKvJURxzt1cDvPF-k,UNKNOWN,0 days 01:40:22,2026-08,1,False,"-34.6060778°, -58.3750133°",-34.6060778,-58.3750133
2026-08-04 12:41:08-03:00,2026-08-04 14:21:30-03:00,ChIJu4ubkdLKvJUReCD5EvsEjMU,UNKNOWN,0 days 01:40:22,2026-08,1,False,"-34.6060581°, -58.3749897°",-34.6060581,-58.3749897
2026-08-04 14:27:28-03:00,2026-08-04 15:39:49-03:00,ChIJ6UXWTy01o5URRRYeyMZm_QI,Trabajo Columbia,0 days 01:12:21,2026-08,1,False,"-34.6047587°, -58.3711958°",-34.6047587,-58.3711958
2026-08-04 15:50:38-03:00,2026-08-04 15:53:39-03:00,ChIJUzg-m7TKvJURFFWLi1oLlFA,UNKNOWN,0 days 00:03:01,2026-08,1,False,"-34.5911987°, -58.3747633°",-34.5911987,-58.3747633
2026-08-04 17:07:56-03:00,2026-08-05 10:28:32-03:00,ChIJn_zkHA_NvJUR7yILmZdoPHc,INFERRED_HOME,0 days 17:20:36,2026-08,1,False,"-34.7174026°, -58.4096116°",-34.7174026,-58.4096116
2026-08-05 10:44:09-03:00,2026-08-05 10:47:10-03:00,ChIJiQDEBCPNvJUR1iaRPp6sr38,UNKNOWN,0 days 00:03:01,2026-08,2,False,"-34.7075567°, -58.3908743°",-34.7075567,-58.3908743
2026-08-05 11:18:59-03:00,2026-08-05 15:01:35-03:00,ChIJw3WzxWo1o5URJcgq_cDiz1w,Trabajo Santander,0 days 03:42:36,2026-08,2,False,"-34.6238922°, -58.3673348°",-34.6238922,-58.3673348
2026-08-05 11:18:59-03:00,2026-08-05 15:01:35-03:00,ChIJS8u27s00o5UR9dtpsV0MFkM,Trabajo Santander,0 days 03:42:36,2026-08,2,False,"-34.6238941°, -58.367137°",-34.6238941,-58.367137
2026-08-05 15:32:42-03:00,2026-08-05 16:10:08-03:00,ChIJIxYSMMbKvJURqZGJyCpvOFM,Trabajo Teatro Colon,0 days 00:37:26,2026-08,2,False,"-34.601152°, -58.3833278°",-34.601152,-58.3833278
2026-08-05 16:21:20-03:00,2026-08-05 17:18:55-03:00,ChIJuZ28VzU1o5UR3yrH7JyU3FM,Trabajo Macro,0 days 00:57:35,2026-08,2,False,"-34.5940986°, -58.3717793°",-34.5940986,-58.3717793
2026-08-05 17:24:18-03:00,2026-08-05 17:29:56-03:00,ChIJ2WVuqLPKvJURSMIERHR62l0,UNKNOWN,0 days 00:05:38,2026-08,2,False,"-34.5893615°, -58.3731595°",-34.5893615,-58.3731595
2026-08-05 18:43:37-03:00,2026-08-05 18:51:33-03:00,ChIJMzGlxw_NvJUR0UobwG_mK24,UNKNOWN,0 days 00:07:56,2026-08,2,False,"-34.7162°, -58.40728°",-34.7162,-58.40728
2026-08-05 18:53:25-03:00,2026-08-06 10:07:27-03:00,ChIJn_zkHA_NvJUR7yILmZdoPHc,INFERRED_HOME,0 days 15:14:02,2026-08,2,False,"-34.7174026°, -58.4096116°",-34.7174026,-58.4096116
2026-08-06 10:09:24-03:00,2026-08-06 10:21:07-03:00,ChIJMzGlxw_NvJUR0UobwG_mK24,UNKNOWN,0 days 00:11:43,2026-08,3,False,"-34.7162°, -58.40728°",-34.7162,-58.40728
2026-08-06 11:25:28-03:00,2026-08-06 12:45:42-03:00,ChIJozcskDQ1o5UR5Oc85yFQ8lE,Trabajo BBVA,0 days 01:20:14,2026-08,3,False,"-34.5975104°, -58.3700036°",-34.5975104,-58.3700036
2026-08-06 12:59:49-03:00,2026-08-06 13:59:47-03:00,ChIJWwNBpdLKvJUR0nZKx5c7nq4,Trabajo Galicia,0 days 00:59:58,2026-08,3,False,"-34.6054579°, -58.3724473°",-34.6054579,-58.3724473
2026-08-06 14:07:05-03:00,2026-08-06 14:17:40-03:00,ChIJeZBdPczKvJUR0HBJJSy2NiI,UNKNOWN,0 days 00:10:35,2026-08,3,False,"-34.6022372°, -58.3764792°",-34.6022372,-58.3764792
2026-08-06 14:25:05-03:00,2026-08-06 14:28:59-03:00,ChIJIxYSMMbKvJURqZGJyCpvOFM,Trabajo Teatro Colon,0 days 00:03:54,2026-08,3,False,"-34.601152°, -58.3833278°",-34.601152,-58.3833278
2026-08-06 14:52:40-03:00,2026-08-06 14:56:24-03:00,ChIJx9_U-L3KvJURA1VkoMY_1_A,UNKNOWN,0 days 00:03:44,2026-08,3,False,"-34.5961428°, -58.3944065°",-34.5961428,-58.3944065
2026-08-06 15:20:41-03:00,2026-08-06 16:13:09-03:00,ChIJIxYSMMbKvJURqZGJyCpvOFM,Trabajo Teatro Colon,0 days 00:52:28,2026-08,3,False,"-34.601152°, -58.3833278°",-34.601152,-58.3833278
2026-08-06 17:05:46-03:00,2026-08-07 11:06:59-03:00,ChIJn_zkHA_NvJUR7yILmZdoPHc,INFERRED_HOME,0 days 18:01:13,2026-08,3,False,"-34.7174026°, -58.4096116°",-34.7174026,-58.4096116
2026-08-07 12:23:11-03:00,2026-08-07 13:31:48-03:00,ChIJozcskDQ1o5UR5Oc85yFQ8lE,Trabajo BBVA,0 days 01:08:37,2026-08,4,False,"-34.5975104°, -58.3700036°",-34.5975104,-58.3700036
2026-08-07 13:45:06-03:00,2026-08-07 13:58:55-03:00,ChIJ6UXWTy01o5URRRYeyMZm_QI,Trabajo Columbia,0 days 00:13:49,2026-08,4,False,"-34.6047587°, -58.3711958°",-34.6047587,-58.3711958
2026-08-07 13:58:55-03:00,2026-08-07 14:27:00-03:00,ChIJSeIQb83KvJUR31HGG_vZTbI,Trabajo Supervielle,0 days 00:28:05,2026-08,4,False,"-34.6043625°, -58.3736067°",-34.6043625,-58.3736067
2026-08-07 14:44:10-03:00,2026-08-07 16:17:32-03:00,ChIJIxYSMMbKvJURqZGJyCpvOFM,Trabajo Teatro Colon,0 days 01:33:22,2026-08,4,False,"-34.601152°, -58.3833278°",-34.601152,-58.3833278
2026-08-07 17:17:31-03:00,2026-08-07 17:57:49-03:00,ChIJn_zkHA_NvJUR7yILmZdoPHc,INFERRED_HOME,0 days 00:40:18,2026-08,4,False,"-34.7174026°, -58.4096116°",-34.7174026,-58.4096116
2026-08-07 18:27:08-03:00,2026-08-07 19:52:13-03:00,ChIJozcskDQ1o5UR5Oc85yFQ8lE,Trabajo BBVA,0 days 01:25:05,2026-08,4,False,"-34.5975104°, -58.3700036°",-34.5975104,-58.3700036
2026-08-07 20:07:49-03:00,2026-08-07 20:14:49-03:00,ChIJo5BCcXzLvJURgO4d4vL-VvQ,UNKNOWN,0 days 00:07:00,2026-08,4,False,"-34.610306°, -58.4134308°",-34.610306,-58.4134308
2026-08-07 20:17:37-03:00,2026-08-08 00:14:09-03:00,ChIJSw3WdQXLvJURlvaYa5kQf6Q,UNKNOWN,0 days 03:56:32,2026-08,4,False,"-34.6110154°, -58.4247148°",-34.6110154,-58.4247148
2026-08-08 00:40:27-03:00,2026-08-08 11:03:38-03:00,ChIJn_zkHA_NvJUR7yILmZdoPHc,INFERRED_HOME,0 days 10:23:11,2026-08,5,True,"-34.7174026°, -58.4096116°",-34.7174026,-58.4096116
2026-08-08 11:11:27-03:00,2026-08-08 12:16:25-03:00,ChIJNZVAFz3NvJURIMwHZK8FMWM,Barberia nuevo,0 days 01:04:58,2026-08,5,True,"-34.7118053°, -58.392751°",-34.7118053,-58.392751
2026-08-08 12:41:55-03:00,2026-08-08 14:23:17-03:00,ChIJn_zkHA_NvJUR7yILmZdoPHc,INFERRED_HOME,0 days 01:41:22,2026-08,5,True,"-34.7174026°, -58.4096116°",-34.7174026,-58.4096116
2026-08-08 14:35:26-03:00,2026-08-08 17:15:04-03:00,ChIJG61IBFDMvJURwKlU15_TYxE,Casa abuelos,0 days 02:39:38,2026-08,5,True,"-34.70099°, -58.4283°",-34.70099,-58.4283
2026-08-08 17:28:22-03:00,2026-08-08 18:03:11-03:00,ChIJOy1344nNvJUR1SaPyXctunE,Casa gonza,0 days 00:34:49,2026-08,5,True,"-34.7180299°, -58.3809668°",-34.7180299,-58.3809668
2026-08-08 18:52:00-03:00,2026-08-08 19:05:32-03:00,ChIJXeE7t2y1vJURibKLauqO330,Punta Carrasco,0 days 00:13:32,2026-08,5,True,"-34.5638444°, -58.4014309°",-34.5638444,-58.4014309
2026-08-08 19:15:17-03:00,2026-08-08 20:57:47-03:00,ChIJtccx9ae1vJUR28qcL4mS2f0,Aeroparque,0 days 01:42:30,2026-08,5,True,"-34.5590184°, -58.4156511°",-34.5590184,-58.4156511
2026-08-08 20:38:58-03:00,2026-08-08 20:43:19-03:00,ChIJCXTAZBO1vJURc20Trseu5OA,UNKNOWN,0 days 00:04:21,2026-08,5,True,"-34.557371°, -58.4120826°",-34.557371,-58.4120826
2026-08-08 22:13:58-03:00,2026-08-09 01:10:36-03:00,ChIJF_lppFkyo5URC_-YLD3K7hY,Casa tio,0 days 02:56:38,2026-08,5,True,"-34.69198°, -58.32223°",-34.69198,-58.32223
2026-08-09 01:43:26-03:00,2026-08-09 10:52:03-03:00,ChIJn_zkHA_NvJUR7yILmZdoPHc,INFERRED_HOME,0 days 09:08:37,2026-08,6,True,"-34.7174026°, -58.4096116°",-34.7174026,-58.4096116
2026-08-09 10:54:42-03:00,2026-08-09 11:01:01-03:00,ChIJrw867Q7NvJUR2_z7EyN-Qck,UNKNOWN,0 days 00:06:19,2026-08,6,True,"-34.7188036°, -58.4096209°",-34.7188036,-58.4096209
2026-08-09 11:20:44-03:00,2026-08-09 12:34:28-03:00,ChIJw2f4t0TNvJURrzMswNlDUfA,Casa brisa,0 days 01:13:44,2026-08,6,True,"-34.72804°, -58.38745°",-34.72804,-58.38745
2026-08-09 12:53:07-03:00,2026-08-09 13:00:22-03:00,ChIJt6mvqZrMvJURwEflIsBKbSQ,Casa madre,0 days 00:07:15,2026-08,6,True,"-34.673936°, -58.4054231°",-34.673936,-58.4054231
2026-08-09 13:17:42-03:00,2026-08-09 18:02:20-03:00,ChIJh4ZK0FfLvJURIjsYSB7jdIo,Casa lau,0 days 04:44:38,2026-08,6,True,"-34.6363768°, -58.3748847°",-34.6363768,-58.3748847
2026-08-09 18:30:35-03:00,2026-08-09 18:33:53-03:00,ChIJt6mvqZrMvJURwEflIsBKbSQ,Casa madre,0 days 00:03:18,2026-08,6,True,"-34.673936°, -58.4054231°",-34.673936,-58.4054231
2026-08-09 18:49:26-03:00,2026-08-10 11:12:03-03:00,ChIJn_zkHA_NvJUR7yILmZdoPHc,INFERRED_HOME,0 days 16:22:37,2026-08,6,True,"-34.7174026°, -58.4096116°",-34.7174026,-58.4096116
2026-08-10 12:13:33-03:00,2026-08-10 14:36:39-03:00,ChIJozcskDQ1o5UR5Oc85yFQ8lE,Trabajo BBVA,0 days 02:23:06,2026-08,0,False,"-34.5975104°, -58.3700036°",-34.5975104,-58.3700036
2026-08-10 14:54:53-03:00,2026-08-10 15:26:55-03:00,ChIJIxYSMMbKvJURqZGJyCpvOFM,Trabajo Teatro Colon,0 days 00:32:02,2026-08,0,False,"-34.601152°, -58.3833278°",-34.601152,-58.3833278
2026-08-10 15:54:18-03:00,2026-08-10 16:02:34-03:00,ChIJIxYSMMbKvJURqZGJyCpvOFM,Trabajo Teatro Colon,0 days 00:08:16,2026-08,0,False,"-34.601152°, -58.3833278°",-34.601152,-58.3833278
2026-08-10 16:17:43-03:00,2026-08-10 17:15:22-03:00,ChIJozcskDQ1o5UR5Oc85yFQ8lE,Trabajo BBVA,0 days 00:57:39,2026-08,0,False,"-34.5975104°, -58.3700036°",-34.5975104,-58.3700036
2026-08-10 18:37:18-03:00,2026-08-11 11:42:55-03:00,ChIJn_zkHA_NvJUR7yILmZdoPHc,INFERRED_HOME,0 days 17:05:37,2026-08,0,False,"-34.7174026°, -58.4096116°",-34.7174026,-58.4096116
2026-08-11 11:50:56-03:00,2026-08-11 11:57:52-03:00,ChIJq0vdsAXNvJUR0a7yNMiLWIs,UNKNOWN,0 days 00:06:56,2026-08,1,False,"-34.7131383°, -58.4097691°",-34.7131383,-58.4097691
2026-08-11 12:56:24-03:00,2026-08-11 15:21:19-03:00,ChIJIxYSMMbKvJURqZGJyCpvOFM,Trabajo Teatro Colon,0 days 02:24:55,2026-08,1,False,"-34.601152°, -58.3833278°",-34.601152,-58.3833278
2026-08-11 15:36:00-03:00,2026-08-11 16:36:36-03:00,ChIJozcskDQ1o5UR5Oc85yFQ8lE,Trabajo BBVA,0 days 01:00:36,2026-08,1,False,"-34.5975104°, -58.3700036°",-34.5975104,-58.3700036
2026-08-11 18:16:02-03:00,2026-08-12 09:38:10-03:00,ChIJn_zkHA_NvJUR7yILmZdoPHc,INFERRED_HOME,0 days 15:22:08,2026-08,1,False,"-34.7174026°, -58.4096116°",-34.7174026,-58.4096116
2026-08-12 10:28:02-03:00,2026-08-12 10:33:38-03:00,ChIJXWlG3M_KvJURdlr2iOlHLdk,UNKNOWN,0 days 00:05:36,2026-08,2,False,"-34.60676°, -58.3815°",-34.60676,-58.3815
2026-08-12 10:48:55-03:00,2026-08-12 11:03:11-03:00,ChIJR1tvl5DKvJURCNrXrDI6zC4,UNKNOWN,0 days 00:14:16,2026-08,2,False,"-34.5941066°, -58.4020485°",-34.5941066,-58.4020485
2026-08-12 11:03:11-03:00,2026-08-12 11:09:18-03:00,ChIJKfuyfZDKvJURGG2V2eob1lw,UNKNOWN,0 days 00:06:07,2026-08,2,False,"-34.5944597°, -58.4031869°",-34.5944597,-58.4031869
2026-08-12 11:19:22-03:00,2026-08-12 11:40:07-03:00,ChIJwYgY6dLKvJURRGVEQaerEyA,UNKNOWN,0 days 00:20:45,2026-08,2,False,"-34.6069572°, -58.373416°",-34.6069572,-58.373416
2026-08-12 11:21:32-03:00,2026-08-12 11:33:40-03:00,ChIJvTS_5ebLvJURv5Yg2A5xU78,UNKNOWN,0 days 00:12:08,2026-08,2,False,"-34.607024°, -58.3735225°",-34.607024,-58.3735225
2026-08-12 11:40:07-03:00,2026-08-12 12:59:44-03:00,ChIJWwNBpdLKvJUR0nZKx5c7nq4,Trabajo Galicia,0 days 01:19:37,2026-08,2,False,"-34.6054579°, -58.3724473°",-34.6054579,-58.3724473
2026-08-12 11:40:07-03:00,2026-08-12 12:58:27-03:00,ChIJPaop8M3KvJURbpDWE-rnX6c,Trabajo Galicia,0 days 01:18:20,2026-08,2,False,"-34.6058223°, -58.3726811°",-34.6058223,-58.3726811
2026-08-12 13:02:21-03:00,2026-08-12 14:32:56-03:00,ChIJS3xrUQDLvJURe9s1sM8yrao,Trabajo ICBC,0 days 01:30:35,2026-08,2,False,"-34.6069979°, -58.3749959°",-34.6069979,-58.3749959
2026-08-12 14:46:16-03:00,2026-08-12 14:52:01-03:00,ChIJIxYSMMbKvJURqZGJyCpvOFM,Trabajo Teatro Colon,0 days 00:05:45,2026-08,2,False,"-34.601152°, -58.3833278°",-34.601152,-58.3833278
2026-08-12 18:34:25-03:00,2026-08-13 09:13:11-03:00,ChIJn_zkHA_NvJUR7yILmZdoPHc,INFERRED_HOME,0 days 14:38:46,2026-08,2,False,"-34.7174026°, -58.4096116°",-34.7174026,-58.4096116
2026-08-13 09:21:08-03:00,2026-08-13 09:26:12-03:00,ChIJB7rt0CnLvJUR7-LaPUwZjbo,UNKNOWN,0 days 00:05:04,2026-08,3,False,"-34.7365259°, -58.3979022°",-34.7365259,-58.3979022
2026-08-13 10:01:30-03:00,2026-08-13 10:08:26-03:00,ChIJO5OvTjDLvJURn--oIpRP89Q,UNKNOWN,0 days 00:06:56,2026-08,3,False,"-34.6283037°, -58.3805292°",-34.6283037,-58.3805292
2026-08-13 10:38:29-03:00,2026-08-13 12:34:16-03:00,ChIJS9vfm5DKvJURtuM6XKZmRE4,UNKNOWN,0 days 01:55:47,2026-08,3,False,"-34.5938456°, -58.4017505°",-34.5938456,-58.4017505
2026-08-13 12:50:59-03:00,2026-08-13 13:00:40-03:00,ChIJ-YHoIiDLvJURupaMEGDPQQY,UNKNOWN,0 days 00:09:41,2026-08,3,False,"-34.6007223°, -58.3809999°",-34.6007223,-58.3809999
2026-08-13 13:38:55-03:00,2026-08-13 14:28:11-03:00,ChIJXZj84iLNvJUR7dfOVMBsoJ0,UNKNOWN,0 days 00:49:16,2026-08,3,False,"-34.7080407°, -58.3919293°",-34.7080407,-58.3919293
2026-08-13 14:45:39-03:00,2026-08-13 15:14:48-03:00,ChIJn_zkHA_NvJUR7yILmZdoPHc,INFERRED_HOME,0 days 00:29:09,2026-08,3,False,"-34.7174026°, -58.4096116°",-34.7174026,-58.4096116
2026-08-13 15:23:26-03:00,2026-08-13 17:57:18-03:00,ChIJB0-ldVnLvJURJGbUK4DnCCE,Casa brisa,0 days 02:33:52,2026-08,3,False,"-34.7274387°, -58.3871414°",-34.7274387,-58.3871414
2026-08-13 18:08:14-03:00,2026-08-13 18:10:57-03:00,ChIJn_zkHA_NvJUR7yILmZdoPHc,INFERRED_HOME,0 days 00:02:43,2026-08,3,False,"-34.7174026°, -58.4096116°",-34.7174026,-58.4096116
2026-08-13 18:22:27-03:00,2026-08-14 11:37:43-03:00,ChIJn_zkHA_NvJUR7yILmZdoPHc,UNKNOWN,0 days 17:15:16,2026-08,3,False,"-34.7174026°, -58.4096116°",-34.7174026,-58.4096116
2026-08-14 12:36:20-03:00,2026-08-14 13:22:21-03:00,ChIJIxYSMMbKvJURqZGJyCpvOFM,Trabajo Teatro Colon,0 days 00:46:01,2026-08,4,False,"-34.601152°, -58.3833278°",-34.601152,-58.3833278
2026-08-14 13:23:28-03:00,2026-08-14 15:33:21-03:00,ChIJt7S9jc7KvJURKxSfAlOXQYM,UNKNOWN,0 days 02:09:53,2026-08,4,False,"-34.603636°, -58.3785832°",-34.603636,-58.3785832
2026-08-14 15:44:16-03:00,2026-08-14 16:11:35-03:00,ChIJq-PnW0jLvJURWiPWOPGyN5I,Trabajo ICBC,0 days 00:27:19,2026-08,4,False,"-34.6076198°, -58.3742574°",-34.6076198,-58.3742574
2026-08-14 16:30:42-03:00,2026-08-14 16:37:08-03:00,ChIJUzg-m7TKvJURFFWLi1oLlFA,UNKNOWN,0 days 00:06:26,2026-08,4,False,"-34.5911987°, -58.3747633°",-34.5911987,-58.3747633
2026-08-14 17:45:51-03:00,2026-08-15 11:17:57-03:00,ChIJn_zkHA_NvJUR7yILmZdoPHc,INFERRED_HOME,0 days 17:32:06,2026-08,4,False,"-34.7174026°, -58.4096116°",-34.7174026,-58.4096116
2026-08-15 11:25:53-03:00,2026-08-15 12:41:37-03:00,ChIJNZVAFz3NvJURIMwHZK8FMWM,Barberia nuevo,0 days 01:15:44,2026-08,5,True,"-34.7118053°, -58.392751°",-34.7118053,-58.392751
2026-08-15 12:52:17-03:00,2026-08-15 13:24:22-03:00,ChIJB7rt0CnLvJUR7-LaPUwZjbo,UNKNOWN,0 days 00:32:05,2026-08,5,True,"-34.7365259°, -58.3979022°",-34.7365259,-58.3979022
2026-08-15 13:38:18-03:00,2026-08-15 17:39:19-03:00,ChIJn_zkHA_NvJUR7yILmZdoPHc,INFERRED_HOME,0 days 04:01:01,2026-08,5,True,"-34.7174026°, -58.4096116°",-34.7174026,-58.4096116
2026-08-15 17:41:04-03:00,2026-08-15 17:51:19-03:00,ChIJrw867Q7NvJUR2_z7EyN-Qck,UNKNOWN,0 days 00:10:15,2026-08,5,True,"-34.7188036°, -58.4096209°",-34.7188036,-58.4096209
2026-08-15 17:53:42-03:00,2026-08-17 21:14:17-03:00,ChIJn_zkHA_NvJUR7yILmZdoPHc,INFERRED_HOME,2 days 03:20:35,2026-08,5,True,"-34.7174026°, -58.4096116°",-34.7174026,-58.4096116
2026-08-17 21:31:09-03:00,2026-08-18 00:08:50-03:00,ChIJt6mvqZrMvJURwEflIsBKbSQ,Casa madre,0 days 02:37:41,2026-08,0,False,"-34.673936°, -58.4054231°",-34.673936,-58.4054231
2026-08-18 00:20:34-03:00,2026-08-18 11:15:24-03:00,ChIJn_zkHA_NvJUR7yILmZdoPHc,INFERRED_HOME,0 days 10:54:50,2026-08,1,False,"-34.7174026°, -58.4096116°",-34.7174026,-58.4096116
2026-08-18 11:55:34-03:00,2026-08-18 13:03:12-03:00,ChIJw3WzxWo1o5URJcgq_cDiz1w,Trabajo Santander,0 days 01:07:38,2026-08,1,False,"-34.6238922°, -58.3673348°",-34.6238922,-58.3673348
2026-08-18 11:55:34-03:00,2026-08-18 13:03:12-03:00,ChIJS8u27s00o5UR9dtpsV0MFkM,Trabajo Santander,0 days 01:07:38,2026-08,1,False,"-34.6238941°, -58.367137°",-34.6238941,-58.367137
2026-08-18 13:18:51-03:00,2026-08-18 15:56:36-03:00,ChIJuZ28VzU1o5UR3yrH7JyU3FM,Trabajo Macro,0 days 02:37:45,2026-08,1,False,"-34.5940986°, -58.3717793°",-34.5940986,-58.3717793
2026-08-18 17:13:47-03:00,2026-08-18 20:00:37-03:00,ChIJn_zkHA_NvJUR7yILmZdoPHc,INFERRED_HOME,0 days 02:46:50,2026-08,1,False,"-34.7174026°, -58.4096116°",-34.7174026,-58.4096116
